offspring,mother,father,prob
335,1222,1287,1
436,500,494,1
439,800,42,0.711
440,NA,2843,0.712
441,NA,2843,0.725
442,NA,2764,0.358
443,NA,2764,0.362
444,464,25,1
445,500,494,0.999
446,233,NA,0.357
447,NA,NA,0.513
448,NA,NA,0.525
449,207,65,1
450,800,NA,0.532
451,799,NA,0.453
452,430,NA,0.549
453,NA,51,1
454,NA,2756,0.404
455,NA,215,0.422
456,NA,173,0.428
457,NA,NA,0.257
458,171,170,0.544
459,207,65,1
460,462,77,0.629
461,NA,77,0.798
462,NA,65,1
464,NA,216,0.916
465,NA,77,0.794
466,213,77,0.454
467,NA,176,0.954
468,NA,176,1
469,NA,176,0.999
470,237,NA,0.537
471,237,NA,0.466
472,78,NA,0.552
473,NA,73,0.572
474,168,73,0.577
475,168,73,0.552
476,NA,77,0.649
477,NA,77,0.781
478,NA,73,0.511
479,NA,73,0.542
495,NA,NA,0.396
496,NA,446,0.876
497,443,NA,0.498
498,189,NA,0.418
499,NA,21,0.594
500,799,NA,0.395
501,594,29,1
502,297,478,0.997
503,NA,54,0.567
504,2749,NA,0.563
505,2845,75,0.949
506,2845,75,0.92
507,294,NA,0.334
508,NA,331,0.989
509,329,NA,0.428
510,462,465,0.996
511,NA,NA,0.494
512,NA,216,0.991
521,628,498,0.875
522,NA,33,0.572
523,NA,33,0.377
524,NA,33,0.597
525,NA,NA,0.491
526,528,178,1
527,64,178,1
528,64,178,1
529,NA,NA,0.47
530,NA,NA,0.428
531,NA,73,0.655
539,NA,478,0.985
540,NA,446,0.536
541,NA,22,0.437
542,NA,208,1
543,NA,NA,0.652
544,NA,478,0.756
545,NA,NA,0.543
546,NA,NA,0.588
547,NA,NA,0.626
548,NA,NA,0.636
549,82,331,0.911
550,82,51,0.747
551,NA,NA,0.374
552,NA,478,0.739
553,NA,NA,0.516
554,199,221,1
555,79,NA,0.322
556,NA,77,0.52
557,NA,448,0.883
558,430,51,1
559,NA,331,0.998
560,NA,65,0.739
561,NA,NA,0.613
562,1859,1686,1
563,508,602,1
594,189,75,0.919
595,NA,473,0.56
596,297,478,1
597,NA,293,0.592
598,800,NA,0.398
599,297,298,1
600,294,NA,0.334
601,294,25,0.663
602,NA,75,0.998
603,NA,51,0.987
604,NA,NA,0.571
605,213,176,0.831
606,294,NA,0.33
607,NA,176,0.999
608,163,448,0.997
609,NA,NA,0.441
627,792,494,0.606
628,NA,42,0.327
629,NA,298,0.976
630,NA,438,0.386
631,297,298,1
632,NA,NA,0.327
633,NA,73,0.679
634,NA,33,0.65
635,NA,NA,0.465
636,NA,NA,0.557
637,NA,NA,0.635
638,NA,73,0.673
639,543,673,0.967
640,447,448,1
641,NA,NA,0.651
642,NA,73,0.647
663,213,331,0.942
664,464,448,0.984
665,NA,178,0.957
666,NA,NA,0.626
667,530,637,1
668,NA,544,1
669,NA,NA,0.632
670,71,NA,0.59
671,71,208,0.938
672,NA,478,0.467
673,NA,208,0.842
674,NA,NA,0.609
675,82,NA,0.526
676,NA,NA,0.571
677,NA,NA,0.594
678,NA,208,0.784
679,NA,465,0.995
680,217,331,0.611
681,NA,NA,0.461
774,NA,525,0.869
775,NA,NA,0.666
776,461,632,0.799
823,NA,1686,0.443
824,NA,633,1
825,NA,1862,0.667
826,NA,21,1
827,213,176,0.937
828,466,51,1
830,522,NA,0.6
831,461,NA,0.485
832,NA,NA,0.586
833,297,478,0.988
834,168,632,1
835,451,446,0.617
836,171,54,0.497
837,500,494,1
838,297,478,1
839,502,215,1
840,428,75,0.88
841,454,221,0.999
842,794,609,1
843,NA,NA,0.478
844,671,208,0.999
845,440,NA,0.621
846,NA,545,0.631
847,NA,545,0.766
848,464,65,1
849,NA,540,0.929
850,163,510,0.727
851,NA,674,0.606
852,NA,559,0.792
853,1017,NA,0.487
854,561,NA,0.671
855,297,NA,0.563
856,NA,173,0.414
857,531,NA,0.655
858,NA,NA,0.68
859,NA,NA,0.589
860,NA,494,0.959
861,505,470,1
862,543,545,1
863,450,21,0.959
864,NA,632,0.756
865,NA,NA,0.584
866,NA,642,0.996
867,823,562,0.998
868,169,507,0.928
869,561,467,1
870,NA,851,1
871,628,NA,0.586
872,NA,453,0.423
873,NA,676,0.639
874,596,497,1
875,207,65,1
877,NA,NA,0.37
878,NA,NA,0.776
879,447,51,0.999
880,443,200,1
881,NA,498,0.365
884,469,467,0.998
885,172,1861,1
886,502,215,1
887,171,877,1
888,441,860,0.996
889,442,609,1
890,199,609,0.994
891,163,510,0.969
892,627,549,1
911,594,29,1
912,64,178,1
913,443,200,1
914,1859,609,0.868
915,444,293,0.998
916,468,465,0.994
917,469,453,0.978
918,171,602,0.999
919,163,510,0.986
920,213,176,0.953
921,459,465,1
922,NA,NA,0.631
923,440,44,0.999
924,792,494,0.999
925,598,NA,0.486
926,NA,499,0.613
927,NA,562,1
928,172,NA,0.693
929,199,609,1
930,NA,200,0.634
931,454,609,0.999
932,308,216,1
937,677,673,1
938,163,510,0.9
939,464,603,0.363
940,NA,559,0.994
941,543,540,1
942,663,NA,0.794
943,464,NA,0.651
944,524,856,0.996
945,168,831,1
946,474,857,0.994
947,560,NA,0.737
948,500,494,1
949,524,856,1
950,217,293,1
951,457,507,1
1015,832,830,0.999
1016,823,562,1
1017,34,NA,0.333
1018,853,1862,1
1019,NA,881,0.983
1020,441,436,0.999
1021,840,75,0.975
1022,NA,824,0.649
1023,511,51,1
1024,454,507,1
1025,308,216,1
1026,608,510,1
1027,459,176,1
1028,543,545,0.993
1029,217,836,1
1030,459,947,1
1031,168,605,0.991
1032,827,606,1
1033,297,1862,1
1034,912,922,1
1035,NA,NA,0.44
1036,542,673,1
1037,521,881,0.499
1038,561,467,1
1039,NA,215,0.573
1040,1017,507,0.437
1041,NA,881,0.892
1042,1043,559,0.967
1043,NA,NA,0.616
1044,524,634,0.999
1045,503,470,1
1046,1017,605,0.968
1047,521,1037,0.755
1048,444,42,1
1049,500,494,1
1050,853,865,1
1051,858,857,1
1052,794,549,0.911
1053,199,609,0.999
1054,458,499,1
1055,930,NA,0.682
1056,641,637,0.999
1057,675,549,0.996
1058,449,947,0.999
1059,872,602,0.86
1060,675,549,0.947
1061,595,215,0.998
1062,835,860,0.999
1063,528,178,0.992
1130,163,510,1
1151,542,547,1
1152,199,609,0.999
1153,508,467,0.998
1154,855,877,0.99
1155,508,NA,0.636
1156,454,216,0.999
1157,454,221,1
1158,NA,881,0.981
1159,297,634,0.997
1160,450,629,1
1161,308,216,1
1162,500,494,1
1163,912,922,1
1164,502,293,0.999
1165,924,220,1
1166,NA,605,0.319
1167,450,629,1
1168,938,550,1
1169,558,557,1
1170,915,941,1
1171,542,547,0.999
1172,543,540,1
1173,677,673,0.997
1174,531,776,0.949
1175,641,637,1
1176,774,633,0.999
1177,NA,854,0.642
1178,NA,NA,0.438
1179,297,836,1
1180,938,547,0.973
1181,1182,851,1
1182,461,NA,0.655
1183,774,864,1
1184,604,1039,0.579
1185,862,854,0.993
1186,604,603,0.992
1187,596,497,1
1188,878,879,1
1189,NA,545,0.692
1190,942,331,0.996
1191,NA,633,0.918
1192,508,NA,0.624
1193,541,NA,0.626
1194,NA,1018,0.999
1195,NA,854,0.931
1196,522,1015,1
1197,675,846,1
1198,NA,642,0.977
1199,862,854,0.992
1200,878,453,0.998
1201,543,540,0.964
1202,469,467,1
1203,466,51,0.999
1204,876,824,0.487
1205,NA,331,0.999
1207,628,1041,0.921
1208,845,941,0.916
1209,458,867,1
1210,930,867,0.997
1211,NA,547,0.918
1212,NA,1039,0.47
1213,455,1212,1
1214,503,470,1
1215,1043,559,0.993
1216,308,216,0.999
1217,531,849,0.704
1218,NA,547,0.998
1219,458,1039,0.997
1220,524,634,1
1221,1246,868,1
1222,927,501,1
1223,1043,1276,0.849
1224,838,215,0.964
1225,635,636,1
1226,835,1165,0.999
1227,880,436,1
1228,826,1212,0.983
1229,500,494,1
1230,469,467,0.967
1231,915,941,1
1232,169,890,0.827
1233,666,916,1
1234,168,854,0.859
1235,NA,1039,0.963
1236,912,922,1
1237,561,51,1
1238,479,866,1
1239,442,868,0.999
1240,NA,642,0.958
1241,641,637,1
1242,774,633,0.995
1243,862,857,1
1244,NA,216,0.621
1245,774,857,0.962
1246,827,176,0.61
1247,NA,922,0.364
1248,912,922,1
1262,474,884,1
1267,297,1862,0.999
1268,931,1040,1
1269,679,NA,0.355
1270,1271,1395,0.999
1271,855,854,1
1272,855,854,0.997
1273,942,864,0.787
1274,560,NA,0.686
1275,608,510,1
1276,1182,851,1
1277,949,557,1
1278,171,602,1
1279,522,1174,1
1285,1218,544,0.999
1286,825,672,1
1287,441,1165,1
1288,635,636,0.999
1290,862,1198,1
1291,528,178,1
1292,1206,1176,0.915
1293,522,629,0.993
1294,1173,1041,1
1295,1403,849,1
1296,670,1211,1
1297,1017,1018,1
1298,1049,636,0.999
1299,1218,916,0.75
1300,1299,1028,0.999
1301,530,637,1
1302,641,637,1
1303,NA,636,0.898
1304,677,1168,0.931
1305,1177,854,0.988
1306,561,1178,1
1345,455,507,0.996
1346,NA,523,0.392
1347,NA,860,0.402
1348,930,495,1
1349,596,200,0.983
1355,168,884,1
1356,832,1041,1
1357,853,865,1
1358,1019,494,0.55
1359,444,1166,1
1360,630,1041,1
1361,628,1041,1
1362,199,609,1
1363,1049,776,1
1364,1173,1159,0.997
1365,869,453,0.997
1366,1158,1041,0.895
1367,912,922,0.999
1368,932,216,1
1369,459,947,1
1370,308,216,0.993
1371,454,216,0.989
1380,561,467,1
1381,NA,847,0.975
1382,679,477,0.914
1383,604,1178,0.614
1384,1246,609,1
1385,604,216,0.998
1386,455,176,0.946
1387,308,1274,1
1388,1386,1274,1
1389,457,507,0.822
1390,NA,1274,0.874
1391,596,200,1
1392,172,1020,0.771
1393,1345,215,1
1394,832,1041,1
1395,1177,824,0.718
1396,469,467,0.597
1397,1347,494,1
1398,845,674,1
1399,845,674,1
1400,1401,605,1
1401,601,1018,0.997
1402,1186,890,1
1403,531,776,1
1404,454,221,1
1405,859,929,0.998
1406,1403,849,1
1407,1026,1032,1
1408,1017,1018,1
1409,840,597,1
1410,502,215,1
1411,169,890,0.904
1412,457,868,1
1413,927,501,1
1414,447,1203,0.556
1415,441,1165,0.926
1416,1271,605,1
1417,825,672,0.997
1418,912,922,1
1419,912,922,1
1420,1347,494,0.984
1421,1345,215,0.999
1422,1049,632,1
1423,447,1203,1
1424,774,1198,1
1425,1403,849,1
1426,522,1360,1
1427,862,917,1
1428,524,865,1
1429,915,847,1
1430,1172,1171,1
1431,561,467,1
1432,504,44,1
1433,1222,501,0.756
1434,880,1047,0.997
1435,853,865,1
1436,524,865,1
1437,1017,1018,0.999
1438,1155,1154,1
1439,932,1274,1
1440,1177,1243,1
1441,915,1412,1
1485,823,562,1
1486,601,506,1
1487,914,1040,0.998
1488,628,NA,0.614
1489,1042,453,1
1490,NA,1041,0.883
1491,308,609,0.599
1492,542,544,0.812
1493,835,1031,1
1494,845,1276,1
1495,1200,1156,1
1496,1160,1047,1
1497,1304,668,1
1498,666,1028,0.999
1499,670,1381,1
1500,442,609,1
1501,826,216,0.98
1502,1517,1062,1
1503,1186,1184,1
1504,1404,507,1
1505,NA,911,0.555
1506,1200,1156,0.988
1507,1271,506,0.989
1508,168,1045,1
1509,925,1287,1
1510,1247,1020,0.998
1511,840,597,1
1512,951,1196,1
1513,1244,467,0.996
1514,1059,494,1
1515,444,1166,1
1516,1437,1279,0.946
1517,639,208,0.999
1518,1401,1185,1
1519,912,922,0.826
1520,502,1164,0.999
1521,826,1213,0.998
1522,1409,1209,1
1523,949,557,1
1524,938,1028,1
1525,1432,922,1
1526,504,497,1
1527,1403,849,0.998
1528,1304,668,1
1529,1403,849,1
1530,1410,436,1
1531,949,557,1
1532,596,911,1
1533,677,1028,1
1534,853,865,1
1535,168,1018,1
1536,1017,1018,1
1537,825,1286,1
1538,459,607,0.903
1539,459,176,0.855
1540,869,1178,0.994
1541,459,1290,1
1542,1022,1199,0.998
1543,199,609,1
1544,441,1165,0.993
1545,1432,1187,0.966
1546,596,497,1
1547,1024,676,1
1548,1024,676,1
1549,1042,176,1
1550,1218,886,1
1551,869,1178,0.998
1552,1369,1032,1
1553,604,1274,1
1554,932,1274,0.979
1555,199,609,1
1556,1369,1032,1
1557,604,921,1
1558,466,51,1
1559,458,499,1
1560,823,499,1
1561,1386,216,0.999
1562,522,629,1
1563,450,634,1
1564,297,634,1
1565,441,1167,1
1566,1160,1179,0.978
1567,NA,1164,0.434
1568,663,1154,1
1569,NA,1198,1
1570,627,467,0.998
1571,1042,176,0.992
1572,1369,1032,1
1573,476,917,0.517
1574,308,921,1
1575,1186,1188,1
1576,859,929,1
1577,308,1274,1
1578,862,917,1
1579,1170,1063,1
1580,1403,525,1
1581,1161,525,1
1582,1161,849,1
1583,951,1196,1
1584,848,1370,0.999
1585,595,495,1
1586,503,1214,1
1587,NA,1191,0.42
1588,1382,847,1
1589,1382,847,1
1590,826,1274,1
1591,1059,1020,0.997
1592,853,629,0.998
1593,1017,1018,0.986
1594,1415,1165,1
1595,1271,1395,1
1596,168,1045,1
1597,774,1198,1
1598,1195,1279,1
1599,1501,890,0.998
1600,524,865,1
1601,925,1287,1
1602,912,1187,0.999
1603,NA,NA,0.518
1604,1247,494,1
1605,1222,494,1
1606,595,495,1
1607,1222,494,1
1608,1247,494,1
1609,1177,1395,1
1610,1170,917,1
1611,639,1028,1
1612,949,557,1
1613,845,1276,1
1614,912,1348,1
1615,1130,1356,1
1616,1384,1370,1
1617,858,1063,1
1618,832,1435,0.999
1619,1436,1381,1
1620,823,1268,1
1621,1017,1018,1
1622,1193,602,0.999
1623,840,497,1
1624,NA,1495,0.647
1660,1605,497,1
1661,840,911,0.995
1662,1771,1187,1
1663,1490,1031,1
1664,1490,1031,1
1665,1059,494,1
1666,NA,1040,0.547
1667,1218,1542,1
1668,826,1213,0.999
1669,1503,1209,1
1670,NA,453,0.575
1671,459,1670,1
1672,1043,NA,0.635
1673,1409,1543,1
1674,NA,1209,0.633
1675,1589,929,1
1676,NA,1577,0.678
1677,1588,1587,1
1678,1588,1581,1
1679,1588,1581,1
1680,845,1276,1
1681,845,1276,1
1682,869,1188,1
1683,1271,1593,1
1684,927,501,1
1685,1049,NA,0.664
1695,NA,1577,0.326
1696,1384,1557,0.997
1697,1384,1370,1
1698,1552,1504,1
1699,1552,1504,1
1700,1508,865,1
1701,595,497,0.996
1702,1771,911,1
1703,1244,1213,0.99
1704,951,1196,1
1705,912,1348,1
1706,1186,1221,1
1707,1558,1441,0.708
1708,1438,NA,0.602
1709,1049,1608,1
1710,524,1566,1
1711,1158,1396,1
1712,NA,1357,0.999
1713,1672,1533,1
1714,1222,494,1
1715,1043,676,1
1716,1043,1412,1
1717,NA,1360,0.865
1718,858,1533,1
1719,1247,494,0.999
1720,1532,911,1
1721,1511,1499,1
1722,1401,1185,0.999
1723,1550,1040,0.999
1724,444,1165,1
1725,1506,1359,0.992
1726,NA,1504,0.967
1727,666,1171,1
1728,639,1610,1
1729,604,1221,1
1730,1612,1199,0.888
1731,1701,1566,1
1732,NA,544,1
1733,840,1187,1
1734,1735,1381,1
1735,1190,917,0.906
1736,1218,1542,1
1737,1598,NA,0.717
1738,862,1579,1
1739,932,1557,0.999
1740,930,1485,1
1741,1559,1031,1
1742,1510,1542,0.999
1743,1415,1666,1
1744,NA,1577,0.998
1745,1369,1504,1
1746,949,1540,1
1747,826,1590,1
1748,932,921,0.999
1749,1674,1029,1
1750,1362,1187,0.996
1751,845,1276,1
1752,1200,1553,1
1753,1244,1188,1
1754,1355,1234,1
1755,1247,1020,1
1756,1244,1178,0.985
1757,NA,NA,0.459
1758,1757,1523,1
1759,522,1360,1
1760,1380,602,1
1761,1186,921,0.999
1762,927,501,1
1763,1152,1349,0.999
1764,1222,1684,1
1765,628,1358,1
1766,1415,1666,0.995
1767,930,1485,1
1768,1361,1590,0.999
1769,1024,1412,1
1770,1024,1412,0.993
1771,925,1020,1
1772,NA,NA,0.335
1773,1186,1184,1
1774,1501,507,0.998
1775,458,499,1
1776,1510,1542,0.999
1777,1017,1018,1
1778,951,1196,1
1779,1387,1670,1
1780,1491,1356,1
1781,NA,1579,0.994
1782,1193,1553,0.44
1783,1305,1595,1
1784,1380,1395,0.989
1785,1155,453,1
1786,1538,1539,1
1787,503,1184,0.931
1788,1401,1551,0.995
1789,NA,NA,0.633
1790,1403,1533,1
1791,1172,544,1
1793,1275,1610,1
1794,1382,1677,1
1795,NA,1165,0.712
1796,1437,1196,1
1797,1195,NA,0.775
1798,1588,1581,1
1799,869,1188,0.996
1800,1193,1495,1
1801,845,1276,1
1802,524,1578,0.625
1803,1580,1040,0.975
1804,1532,911,1
1805,1193,1590,0.997
1806,1597,1587,1
1807,1271,1593,1
1808,1403,849,1
1819,1355,1802,0.941
1820,1700,1221,1
1821,1172,1171,1
1822,938,1381,1
1823,1172,1171,1
1824,1419,1287,0.997
1825,1506,1500,1
1826,1536,1787,1
1827,1563,1572,1
1828,1508,1754,1
1829,1190,1489,1
1830,1271,1395,1
1831,1757,1523,1
1832,NA,1018,0.377
1833,1559,1031,1
1843,1490,1287,0.985
1844,1415,1040,0.999
1845,1685,1608,0.649
1846,1244,1213,0.998
1847,1763,1287,1
1848,1059,1666,0.994
1849,601,506,0.999
1850,601,506,1
1851,1195,1045,1
1852,1247,1287,0.527
1853,1771,1187,1
1854,1771,1187,1
1855,442,1543,1
1856,1753,1349,1
1857,1753,1349,1
1858,825,1611,1
1861,NA,NA,0.616
1864,1503,1209,1
1865,458,1268,0.956
1866,1409,1209,0.999
1867,1674,1029,1
1868,1384,1553,0.999
1869,832,1604,1
1870,1892,1754,0.928
1871,1401,1524,1
1872,1612,1199,0.442
1873,1550,1724,1
1874,1669,1213,1
1876,NA,1268,0.843
1877,1893,1524,0.998
1878,862,1524,0.891
1879,1501,1606,1
1881,1155,453,1
1882,639,1610,1
1883,1275,1587,1
1884,1580,1512,0.962
1885,1024,1412,1
1886,1517,544,0.948
1887,1429,1759,1
1888,2987,1676,0.863
1889,1170,1609,0.997
1890,1735,1381,1
1891,1541,509,1
1892,832,1534,1
1893,1403,849,0.964
1894,503,1214,1
1895,912,1348,1
1896,1305,1595,1
1897,927,501,0.998
2959,919,510,1
2960,1369,1744,0.999
2962,1763,1287,1
2963,1672,1533,1
2964,1559,1435,0.998
2965,1559,1031,1
2966,1605,497,0.979
2967,1800,1572,0.999
2968,459,176,1
2969,1781,1395,1
2970,1437,634,1
2971,1612,1199,1
2972,1042,176,0.999
2973,NA,544,0.991
2974,1024,1412,1
2975,1532,911,0.964
2976,1380,NA,0.724
2977,1717,1196,0.999
2978,1892,1356,1
2979,1674,1543,1
2980,1758,1695,0.846
2981,1888,1695,0.909
2982,1491,1604,0.997
2983,1672,1533,1
2984,1589,929,1
2985,1765,921,1
2986,869,453,0.984
2987,308,1368,0.98
2988,930,1485,1
2989,NA,1767,0.983
2990,1042,453,0.999
2991,832,1435,1
3000,1735,1381,1
3001,1725,1610,0.968
3002,1782,1495,0.997
3003,1247,1795,0.987
3004,1193,1590,1
3005,1437,1579,0.962
3006,1170,1871,1
3008,1605,2966,0.816
3009,1705,1750,1
3010,1740,1729,1
3011,1401,1788,1
3012,1247,1287,1
3013,595,1499,1
3014,503,1214,1
3015,1510,1723,0.999
3016,1589,1029,0.999
3017,1415,1018,0.954
3018,1854,1029,1
3019,1042,453,0.907
3020,1772,1729,1
3021,1558,1699,1
3022,1760,2972,1
3023,1605,1485,0.999
3024,1791,1509,1
3085,1763,1287,1
3086,1536,1787,0.764
3087,1753,1775,1
3088,1429,1886,1
3089,1617,1610,0.999
3090,1362,1509,1
3091,1665,1623,1
3092,1892,1356,0.999
3093,1852,1358,1
3094,1891,1523,1
3095,3022,1492,1
3444,1764,1711,1
3445,1605,497,1
3446,NA,1702,0.329
3447,1501,1773,1
3448,2984,501,1
3449,1614,1767,1
3450,1506,1720,1
3451,2987,1739,0.994
3452,1361,1553,1
3453,1563,510,1
3454,2978,1196,0.999
3455,1697,1796,1
3456,1580,1512,0.998
3457,1717,1797,0.996
3458,NA,1610,0.969
3459,1275,1610,1
3460,1725,1587,0.999
3461,1403,1533,1
3462,1403,1533,1
3463,1778,1607,0.999
3464,1778,1607,1
3486,1705,1187,1
3487,1043,1412,1
3488,1024,1412,1
3489,1503,1606,1
3490,1501,1773,1
3491,1605,497,1
3492,1532,911,0.921
3497,1705,1750,1
3498,2985,1752,1
3499,1716,2976,1
3500,2987,1739,1
3501,1437,1623,1
3502,1895,1754,1
3503,1536,1787,1
3504,930,1485,1
3505,1580,1040,0.998
3506,1559,1165,1
3507,1760,2972,1
3508,1597,1794,0.998
3509,3508,1171,1
3510,1415,1566,0.998
3511,1195,1579,1
3512,1042,1590,1
3513,1042,453,0.827
3514,1821,1504,0.993
3515,1369,1744,0.999
3516,1790,1731,1
3517,1828,1848,1
3518,NA,1773,0.59
3519,NA,1773,1
3520,1388,1611,1
3521,1415,1040,0.997
3564,1685,1608,0.989
3565,1782,1881,1
3566,1491,1356,1
3567,1757,1523,1
3568,1782,1881,0.999
3569,1763,1287,0.56
3570,1779,1796,1
3571,2975,1611,1
3572,1506,1720,1
3573,2975,1611,1
3574,3090,1381,1
3575,1824,1795,1
3576,1864,1848,0.999
3577,3022,1489,0.953
3578,1685,1608,1
3579,1536,1512,0.999
3580,1854,1029,1
3581,1200,1553,1
3590,2963,1796,0.992
3591,1532,911,0.984
3592,2963,1533,1
3593,1893,1871,0.963
3594,1740,1187,1
3595,1893,1871,0.98
3596,1401,1877,1
3597,1170,1579,0.999
3598,1438,1708,1
3599,1697,1196,0.941
3600,1760,1829,1
3601,1772,1729,0.974
3602,1193,1590,1
3603,1559,2960,1
3604,1725,1587,1
3605,1195,1871,0.995
3606,3003,1710,1
3607,2984,2960,1
3608,1705,1750,1
3611,3508,1171,1
3612,3009,1742,1
3613,3508,1171,1
3614,1757,1831,1
3615,1857,1606,1
3616,1763,1287,0.998
3617,1827,1783,1
3618,1369,1744,1
3619,1429,1886,1
3641,919,1616,1
3642,1891,510,1
3643,1665,1623,1
3644,1580,1766,1
3645,1576,1512,1
3646,1790,2964,1
3647,2989,1731,1
3648,1851,1199,1
3649,1821,1504,1
3650,1781,1512,0.982
3651,1678,1412,0.992
3652,1024,1616,1
3653,1891,1523,0.988
3688,1791,1509,1
3689,1605,911,0.999
3690,1589,929,0.989
3691,1043,1412,1
3692,1672,1533,1
3694,NA,1395,0.903
3695,1437,1623,1
3696,NA,NA,0.38
3697,1753,1606,1
3698,3003,1566,1
3699,2968,1769,1
3700,1678,1412,1
3701,1043,1682,1
3702,1716,1877,1
3741,NA,501,0.478
3742,NA,929,0.52
3745,1218,544,0.979
3754,840,495,0.999
3758,925,922,0.984
3761,1235,1039,1
3766,500,494,1
3785,827,176,0.905
3793,1173,1041,1
3794,853,634,0.891
3810,530,637,0.997
3829,675,846,1
3831,1182,846,0.993
3840,912,922,0.544
3844,639,1028,0.68
3849,1043,1276,1
3863,925,837,1
3866,925,837,1
3871,169,890,0.779
3877,524,1199,0.439
3931,524,629,0.98
3944,1190,1191,0.856
3946,774,1198,0.999
3964,1418,922,0.644
3976,840,597,1
3986,924,220,1
3987,1246,609,1
3994,1218,1199,0.533
4017,447,176,0.999
4042,522,1360,1
4057,833,497,1
4064,NA,NA,0.317
4086,938,1028,0.999
4194,869,1495,1
4235,NA,1794,1
4255,454,44,0.572
4256,878,NA,0.592
4257,641,NA,0.645
4258,825,602,0.506
4259,NA,25,0.296
4260,64,637,0.996
4261,NA,1028,0.722
4262,1043,1306,0.998
4266,912,1750,1
4802,1155,1808,1
4803,1042,453,0.845
4804,3487,1543,1
4805,3487,1543,1
4829,912,1750,1
4854,1740,1187,1
4855,1605,497,1
4860,1821,1504,1
4861,2989,1710,1
4862,1717,1797,0.998
4863,1429,1886,1
4866,3002,1581,1
4867,1798,2974,0.938
4868,1559,1711,1
4870,1536,1199,0.999
4871,1805,1774,1
4872,3698,1489,1
4873,1510,1165,1
4874,1763,2980,1
4875,1857,1606,1
4876,1415,1040,0.998
4877,1503,1606,1
4878,NA,1579,0.386
4879,3003,1710,1
4880,1042,453,0.994
4881,1707,1604,0.999
4882,3086,1702,1
4883,1697,1722,1
4884,1697,1722,1
4885,1772,1729,1
4886,2963,1709,0.998
4887,1790,1731,0.674
4888,1895,1754,1
4889,1740,1187,1
4890,1510,2966,1
4891,1852,3093,1
4892,3505,1774,0.999
4893,845,1276,1
4894,1244,2990,0.993
4895,1419,1795,1
4896,1779,1796,1
4897,1824,1729,1
4898,869,453,0.996
4899,1782,453,0.996
4900,1538,1808,0.999
4901,1024,1616,1
4902,1506,1767,1
4903,1506,1499,1
4904,1854,1029,0.992
4905,1821,1504,0.998
4906,1193,1881,0.555
4907,3507,1587,1
4908,1170,1524,1
4910,3517,1593,1
4911,3517,1593,1
4912,2963,1196,1
4913,2978,1722,1
4914,1580,1542,1
4915,2963,1196,0.996
4916,1580,1542,0.999
4917,1826,1499,0.997
4918,NA,1579,1
4919,1043,1682,1
4933,3453,1699,1
4934,3453,1699,1
4935,1672,1797,0.999
4936,1827,1783,1
4937,1827,1744,0.999
4938,1791,1509,1
4939,1532,911,0.966
4940,1501,3489,0.995
4941,1415,1040,0.987
4942,1753,1775,1
4943,3490,3087,1
4944,1872,1777,0.93
4945,1803,1802,0.998
4946,NA,1018,0.711
4947,NA,1777,0.699
4948,1437,1797,1
4949,1491,1356,1
4950,1491,1604,1
4951,3567,1604,1
4952,1437,1722,1
4953,1789,1610,0.995
4954,1672,1533,1
4955,1598,3000,0.998
4956,1685,1608,1
4957,2982,1610,1
4958,1172,1171,1
4959,1893,1788,1
4960,2968,1769,0.998
4961,1361,1698,1
4962,1760,1829,0.992
4963,2968,1769,1
4964,2959,1831,1
4965,3094,1739,0.999
4966,1559,1702,1
4967,1501,3489,1
4968,1503,1611,1
4969,3500,2988,1
4970,3487,1543,0.983
4971,1669,1897,1
4972,1155,1808,1
4973,2968,1553,0.918
4974,2968,1769,1
4999,1757,1523,1
5000,3002,1581,1
5008,1803,1566,1
5009,1778,1485,1
5071,1532,1804,0.872
5072,2985,1752,1
5073,3446,4873,1
5074,1765,3464,1
5075,1305,453,1
5076,1800,1769,1
5077,3505,1742,0.995
5078,1614,1767,1
5079,1716,1579,1
5080,2963,1796,0.936
5099,1753,1775,1
5116,563,1587,1
5117,3002,1581,1
5118,1717,1797,0.996
5119,1580,1512,1
5120,3569,3456,1
5121,3698,1489,0.995
5122,1043,1412,0.995
5123,1042,1577,0.998
5125,2985,1752,1
5126,2985,1752,1
5127,1826,1499,1
5128,1789,1801,0.982
5129,1789,1869,0.998
5130,3090,3458,1
5131,1193,2990,1
5132,3698,3457,1
5133,NA,1796,0.533
5134,3085,1729,0.992
5135,2963,1533,1
5136,2963,1533,0.998
5137,1776,2991,1
5138,1532,911,1
5139,3446,1787,1
5140,1854,1029,1
5141,3487,1543,0.826
5142,3449,2962,1
5144,3608,1553,1
5145,1716,1774,0.981
5146,3567,1604,0.998
5147,3497,1611,1
5148,1172,1171,1
5149,1757,3617,1
5150,1491,1604,0.999
5151,1438,1708,0.999
5152,1438,1708,1
5153,4907,1171,0.627
5154,3507,4953,0.999
5155,1361,1698,1
5156,1401,1788,0.999
5157,1170,1877,0.995
5159,1763,1702,1
5160,1790,1731,1
5161,1872,1777,0.996
5162,NA,4918,0.996
5163,1536,1787,0.995
5164,1401,1877,0.999
5165,1589,1762,0.889
5166,930,3519,1
5167,1605,497,1
5168,3500,2988,0.918
5169,3094,1739,0.999
5170,2981,1868,1
5171,1678,1412,1
5172,3022,3696,1
5173,845,3696,0.975
5174,3650,NA,0.438
5175,2978,1196,1
5194,1419,1795,0.837
5195,1740,1750,1
5196,1605,1499,0.998
5197,3085,1729,1
5198,3462,3093,1
5199,1763,1702,1
5204,3569,3456,1
5205,3604,1533,1
5209,3616,3456,0.898
5210,2989,1710,0.997
5212,1895,1754,1
5213,1491,1604,1
5215,1865,1802,0.991
5216,3595,3457,1
5217,3596,1579,0.996
5220,3517,1579,1
5224,4878,1742,1
5225,1438,1708,0.956
5226,3574,4866,1
5235,1669,1742,0.997
5236,2985,1752,1
5237,4896,2990,0.91
5240,3699,1808,1
5241,5162,1871,0.999
5242,3698,1877,1
5247,3608,1553,1
5248,5162,1579,1
5249,1782,1881,1
5254,1678,1412,1
5256,1195,1871,1
5260,3491,1523,1
5261,3641,3515,0.977
5262,1821,1504,1
5263,1824,3612,0.923
5265,1790,1731,1
5266,1170,1877,0.998
5267,3518,3454,1
5268,1438,1708,1
5269,3451,1801,1
5271,1614,4902,1
5272,2968,1577,0.962
5273,1536,4967,1
5275,1803,1356,1
5276,2963,1722,0.999
5277,4965,1616,1
5278,1558,1744,1
5279,1361,1698,1
5280,3505,3005,0.999
5281,3451,1801,1
5282,930,3519,1
5283,1717,1533,1
5284,3094,1739,0.996
5285,3606,1394,1
5286,1532,911,1
5287,1491,1604,0.999
5288,3606,1869,0.926
5289,1791,1729,1
5290,5079,1867,1
5291,1043,3696,1
5292,3022,1682,1
5293,3022,3696,0.938
5294,1757,1523,1
5312,1854,1029,1
5313,4964,1762,1
5314,1821,1504,1
5315,3449,4897,1
5316,1824,4967,1
5317,4973,1868,1
5318,4878,5165,0.749
5319,4868,1886,1
5320,5263,1795,0.835
5321,3453,1744,1
5322,3453,1744,0.964
5323,3002,1581,1
5324,3002,1581,1
5325,5075,5000,1
5326,4935,3486,1
5327,3086,4829,1
5332,1605,5071,0.787
5333,1857,3618,1
5334,3596,1722,0.772
5335,4896,2990,1
5336,1042,1577,1
5337,4936,1710,1
5338,1798,2974,1
5339,1826,1499,1
5340,3491,5169,1
5341,1854,1029,1
5342,2989,4887,1
5343,3086,1729,1
5418,4871,4860,1
5447,2989,1731,1
5448,1753,4860,1
5449,3604,1533,1
5450,3490,3615,1
5451,NA,5118,0.303
5452,3695,1869,1
5453,1763,1729,1
5454,3462,3093,1
5455,1765,1752,1
5456,4958,4888,1
5457,4883,3458,1
5458,3574,4866,1
5459,3606,1494,1
5460,4871,4860,1
5461,1438,1708,1
5462,1532,911,1
5463,3002,1886,1
5464,4935,3486,1
5465,3444,4887,1
5466,3002,1886,0.999
5473,2963,1196,1
5497,1438,1708,1
5498,4868,1886,0.997
5499,3451,1801,1
5507,3094,1553,0.999
5508,4896,2990,1
5509,5123,1577,0.859
5510,3490,3087,1
5511,4863,1762,0.996
5512,3500,1762,0.996
5513,4973,2990,0.985
5514,5320,1029,1
5515,2985,1897,1
5516,1864,1542,1
5517,5267,4829,1
5518,3590,1750,1
5519,5147,5159,1
5520,5155,5159,0.74
5521,4964,1607,1
5522,1757,1616,1
5523,1757,1616,1
5524,3608,1553,1
5525,5163,5072,1
5526,4941,3615,0.999
5527,4936,1710,0.999
5528,4960,4872,1
5529,3698,4872,0.758
5530,3594,5197,1
5531,4965,1616,1
5532,4965,1616,1
5533,1361,1698,1
5534,2963,3089,1
5535,2968,5240,1
5536,1763,3093,0.984
5537,1669,1881,0.987
5538,3567,1604,0.999
5539,4961,5167,0.999
5540,4965,1616,1
5541,1854,1543,1
5542,3569,2966,0.982
5543,4917,4860,1
5544,3497,1611,1
5545,2989,1710,1
5546,4936,1731,1
5547,5217,1869,0.992
5548,3444,1731,0.999
5549,5123,4934,1
5550,4896,1881,0.999
5551,3567,1604,1
5552,4883,1801,1
5553,4863,1762,1
5554,5268,2991,1
5555,4935,3454,1
5556,5160,4854,1
5557,3462,3093,1
5558,5217,1494,1
5559,1716,1877,0.999
5560,3698,1489,1
5561,3517,5333,1
5562,1605,4939,0.999
5563,3604,5118,0.947
5564,5224,1881,0.998
5565,2985,5072,0.999
5566,1617,2974,1
5567,3604,3454,0.999
5571,5242,1489,0.998
5572,3451,1801,1
5573,5168,1031,1
5574,5324,1494,1
5575,5168,1731,1
5581,1491,5285,1
5582,3516,2991,1
5583,NA,1869,0.54
5584,3086,5204,1
5585,5164,2966,1
5586,1803,1802,1
5587,3518,3454,1
5588,4964,911,0.997
5589,3085,1729,1
5590,5517,3093,0.817
5591,5163,5072,1
5592,1605,3519,0.987
5593,5217,1494,1
5594,3606,3458,1
5595,1707,1604,1
5596,3596,5292,0.941
5597,1716,1877,1
5598,1826,1499,1
5599,4973,1868,0.994
5600,3451,1801,1
5601,2985,5072,0.999
5602,1803,1542,0.997
5603,1605,1750,1
5604,5284,1762,1
5605,3002,5269,1
5606,5324,3458,1
5607,1580,1542,1
5608,4958,4888,1
5609,NA,5071,0.64
5610,2968,1577,0.996
5611,4973,1868,0.999
5612,1827,1744,1
5613,3518,3486,1
5614,3094,5170,1
5615,3490,3087,1
5616,3596,1877,0.98
5617,1824,5220,1
5618,1438,1708,1
5619,3085,1729,1
5620,1660,2966,0.716
5621,NA,2966,0.545
5622,4965,1616,0.984
5623,3604,1533,1
5624,5533,5167,1
5625,5531,4957,1
5626,3595,5249,1
5627,3462,2966,1
5628,2968,5240,0.999
5629,1707,1710,1
5630,5319,1881,0.999
5631,5163,5072,1
5632,5173,5291,0.887
5633,3022,3696,1
5634,3022,1616,1
5635,1826,911,0.985
5636,5336,5290,1
5637,5324,1494,1
5638,1617,1801,0.998
5639,5242,1489,1
5640,3453,1744,1
5641,3517,5077,1
5642,1852,3456,1
5643,5277,5240,0.999
5644,5277,4933,1
5645,5163,5072,1
5646,5323,1616,1
5647,3451,1801,1
5648,5277,4933,1
5649,3451,5254,1
5650,5132,2974,0.997
5651,4965,5290,1
5652,5075,5000,1
5653,3462,2966,1
5654,1605,5167,1
5655,5119,5235,0.998
5656,3606,1869,0.999
5657,3567,5285,0.999
5658,4999,5072,1
5678,4958,4888,1
5679,NA,4890,0.426
5680,5517,3093,1
5681,5598,5249,1
5682,5320,1762,1
5683,5162,5077,1
5684,5267,2960,0.999
5685,5284,5539,0.997
5686,5217,5000,1
5687,5457,5285,1
5747,5164,2966,1
5748,3608,5237,0.999
5749,4971,4902,1
5750,1826,3456,1
5751,1580,3643,1
5752,5282,5462,1
5753,5516,1731,1
5754,5128,5118,0.999
5755,4965,1616,0.884
5756,5562,2991,1
5757,5532,5515,1
5758,1864,5275,0.995
5759,3574,4866,1
5760,2978,3089,1
5761,5195,1881,0.821
5762,3022,NA,0.459
5763,5573,NA,0.485
5764,5452,5334,1
5765,5319,5335,1
5766,5337,5508,0.998
5767,5524,4860,1
5768,4917,5144,1
5769,5450,5614,1
5770,5525,5526,0.511
5771,4999,5513,0.997
5772,1415,4890,0.864
5773,5511,2974,0.999
5774,1763,3456,1
5775,1716,5334,1
5776,5132,5121,0.999
5777,3517,5333,0.999
5778,3517,5333,0.996
5779,5514,5321,1
5780,3490,3087,1
5781,NA,5586,0.602
5782,5162,5077,1
5783,4965,1616,1
5784,5341,5522,1
5785,3453,5523,1
5786,1763,2966,1
5787,5616,1499,0.981
5820,4904,5447,1
5821,3596,5249,0.999
5822,5604,1729,1
5823,5163,5072,0.967
5824,5573,5554,0.999
5825,5517,3093,1
5826,3491,1616,1
5827,5267,4854,0.967
5828,3002,1801,1
5829,3085,3456,1
5830,5195,5591,1
5831,3086,1499,0.653
5832,1707,1731,0.999
5833,3490,3087,1
5834,5267,3093,1
5835,5164,2966,1
5836,NA,5453,0.84
5837,5284,5539,1
5838,5128,5583,1
5839,1824,5679,1
5840,3698,1489,1
5841,1826,1499,0.757
5842,3595,1877,0.999
5843,5125,5508,1
5844,5683,4854,1
5845,NA,NA,0.436
5846,3491,5290,1
5847,5598,5249,1
5848,5195,1881,1
5849,5123,1577,1
5850,3596,5249,1
5851,5518,5456,1
5852,1580,3643,1
5853,4958,1710,0.995
5854,5549,5522,0.997
5855,5549,5522,1
5901,3453,NA,0.667
5902,5212,5559,1
5903,1716,4872,0.915
5904,5277,5776,1
5905,5465,5235,1
5906,4885,5338,1
5907,5589,5275,0.978
5908,5634,5291,1
5909,1707,1710,1
6009,4958,5626,1
6010,3094,4972,0.826
6011,5621,1607,1
6012,5845,5249,0.999
6013,5324,1869,0.916
6014,4803,1829,1
6015,5685,5285,1
6016,5683,1750,1
6017,5549,5612,0.999
6018,3086,5828,1
6019,1042,NA,0.292
6020,3085,1729,1
6021,5514,5321,0.999
6022,NA,5321,0.926
6023,5613,5779,1
6024,1864,5333,0.993
6025,5525,5513,0.998
6026,5530,3089,1
6027,1824,5679,1
6028,5284,1762,1
6029,5524,4860,1
6030,5212,5333,1
6031,5596,5249,0.857
6032,NA,4872,0.975
6033,5902,5523,0.999
6034,5511,2974,1
6035,6021,5321,0.762
6036,3596,5249,1
6037,3595,5292,1
6038,5536,5837,0.998
6039,1580,3643,1
6041,3567,5285,0.994
6042,4861,5000,1
6043,5640,5321,1
6044,4896,5639,1
6045,5635,5462,1
6046,5635,5595,0.993
6047,1605,5837,1
6048,1678,5291,1
6049,5625,2991,1
6050,3595,5292,1
6051,5277,4933,1
6052,1826,3456,1
6061,5630,2966,1
6062,3002,5456,1
6063,4965,5643,1
6064,3606,5547,1
6065,3462,5590,0.996
6066,3699,1881,0.994
6067,5766,4890,0.997
6068,NA,5612,0.874
6069,3518,1869,0.983
6070,5518,2974,1
6136,3085,3456,0.93
6137,5635,5620,1
6138,5589,5559,1
6139,5766,4890,0.998
6140,5625,5820,0.981
6141,1826,5780,1
6142,5604,1607,1
6143,5657,5775,1
6144,5465,5513,0.993
6145,5514,6019,1
6146,5652,1533,1
6147,1707,5822,1
6148,5575,6018,1
6149,1852,4890,0.997
6150,6028,3456,1
6151,4958,1710,1
6152,4958,5626,0.999
6153,5611,5508,1
6154,5514,5321,1
6155,5683,5837,1
6156,5657,5775,1
6157,5598,5077,1
6158,5598,5077,0.999
6159,5212,3643,1
6160,5833,5595,0.998
6161,4896,1881,1
6162,5543,5508,0.999
6163,4896,5639,1
6164,5517,2960,1
6165,6066,1750,1
6166,5452,6029,1
6167,5596,4872,0.997
6168,5608,4872,1
6169,5128,5118,1
6170,5838,5626,0.999
6171,1824,5624,1
6172,5769,5559,0.908
6173,5173,5904,1
6174,5634,4957,1
6175,4904,5283,1
6176,4965,5643,1
6177,5524,4860,1
6178,1857,3087,1
6179,5845,5292,1
6180,3567,5822,1
6181,5162,5077,1
6182,1717,3486,1
6183,3574,5650,1
6184,5518,5456,1
6185,5518,5528,1
6186,4861,5583,1
6187,5282,5462,1
6188,6022,5522,1
6189,3497,5835,1
6190,5842,5333,1
6191,6048,4957,1
6192,6063,5643,0.664
6193,1826,5780,1
6194,5536,1750,0.928
6195,5132,5498,1
6196,5537,5626,1
6197,5195,5764,1
6198,4958,5626,1
6199,5838,5820,1
6200,5596,5292,0.998
6201,5549,5612,1
6202,5613,5522,0.988
6203,3491,5291,1
6204,5641,5776,1
6205,3085,6047,0.999
6206,6061,5547,0.998
6207,5545,5638,1
6208,4917,5847,1
6209,5630,2966,1
6210,5630,2966,1
6211,5683,5620,1
6212,5564,4892,1
6213,5901,5776,1
6214,5641,5612,0.996
6215,3086,2966,1
6216,5514,5522,1
6217,5843,5588,1
6218,5851,1533,1
6219,5212,5559,1
6220,5128,5606,1
6221,5597,5602,1
6222,5530,6026,0.826
6223,3595,6012,0.987
6224,5597,5602,0.999
6225,5641,6019,0.999
6226,NA,1829,0.906
6227,5173,6014,1
6228,5277,5522,0.958
6229,6066,1750,1
6230,5750,5847,1
6231,5525,5834,0.699
6233,3608,5834,1
6239,1716,6012,0.922
6240,5543,6033,0.999
6245,5277,5291,0.972
6249,5217,5000,1
6261,5901,5776,1
6267,1707,5626,0.637
6268,5766,4890,0.989
6272,6028,3456,0.961
6273,5625,5626,0.984
6274,5749,5639,0.998
6276,5635,5462,1
6279,5657,1762,1
6281,5630,2966,1
6282,5769,5679,1
6283,4896,5764,1
6284,5575,5820,1
6294,5625,5820,0.999
6297,5842,5333,0.982
6300,5634,4957,1
6306,5277,6051,0.974
6307,5549,5523,0.999
6309,5337,6033,1
6310,5319,5612,1
6311,5128,3486,1
6312,NA,NA,0.583
6313,6022,5643,0.981
6314,5833,5559,1
6315,5530,5822,0.999
