mother,offspring,father,prob,LayYear,MumLayYear,DadLayYear
1222,335,1287,1,2003,1997,2003
500,436,494,1,1992,1991,1992
800,439,42,0.711,1992,1983,1992
464,444,25,1,1992,1992,1992
500,445,494,0.999,1992,1991,1992
233,446,,0.357,,1988,
207,449,65,1,,1988,
800,450,,0.532,1992,1983,1992
799,451,,0.453,,1982,
430,452,,0.549,1992,1984,1992
171,458,170,0.544,1992,1988,1992
207,459,65,1,1992,1988,1992
462,460,77,0.629,1992,1992,1992
213,466,77,0.454,,1988,
237,470,,0.537,1992,1988,1992
237,471,,0.466,1992,1988,1992
78,472,,0.552,1992,1987,1992
168,474,73,0.577,1992,1989,1992
168,475,73,0.552,,1989,
443,497,,0.498,1993,1992,1993
189,498,,0.418,1993,1988,1993
799,500,,0.395,1991,1982,1991
594,501,29,1,1994,1993,1994
297,502,478,0.997,1993,1988,1993
2749,504,,0.563,1993,1980,1993
2845,505,75,0.949,1993,1990,1993
2845,506,75,0.92,1993,1990,1993
294,507,,0.334,1993,1988,1993
329,509,,0.428,1993,1988,1993
462,510,465,0.996,1993,1992,1993
628,521,498,0.875,1994,1993,1994
528,526,178,1,1994,1993,1994
64,527,178,1,1994,1987,1994
64,528,178,1,1993,1987,1993
82,549,331,0.911,1993,1987,1993
82,550,51,0.747,1993,1987,1993
199,554,221,1,1993,1986,1993
79,555,,0.322,1993,1987,1993
430,558,51,1,1993,1984,1993
1859,562,1686,1,1993,1988,1993
508,563,602,1,1994,1993,1994
189,594,75,0.919,1993,1988,1993
297,596,478,1,1993,1988,1993
800,598,,0.398,1993,1983,1993
297,599,298,1,1993,1988,1993
294,600,,0.334,1993,1988,1993
294,601,25,0.663,1993,1988,1993
213,605,176,0.831,1993,1988,1993
294,606,,0.33,1993,1988,1993
163,608,448,0.997,1993,1987,1993
792,627,494,0.606,1994,1982,1994
297,631,298,1,1994,1988,1994
543,639,673,0.967,1994,1993,1994
447,640,448,1,1993,1992,1993
213,663,331,0.942,1993,1988,1993
464,664,448,0.984,1993,1992,1993
530,667,637,1,1994,1993,1994
71,670,,0.59,1993,1987,1993
71,671,208,0.938,1993,1987,1993
82,675,,0.526,1993,1987,1993
217,680,331,0.611,1993,1988,1993
461,776,632,0.799,1994,1992,1994
213,827,176,0.937,1994,1988,1994
466,828,51,1,1994,,1994
522,830,,0.6,1994,1993,1994
461,831,,0.485,1994,1992,1994
297,833,478,0.988,1994,1988,1994
168,834,632,1,1994,1989,1994
451,835,446,0.617,1994,,1994
171,836,54,0.497,1994,1988,1994
500,837,494,1,1994,1991,1994
297,838,478,1,1994,1988,1994
502,839,215,1,1995,1993,1995
428,840,75,0.88,1994,1977,1994
454,841,221,0.999,1995,1992,1995
794,842,609,1,1994,1982,1994
671,844,208,0.999,1994,1993,1994
440,845,,0.621,1994,1992,1994
464,848,65,1,1994,1992,1994
163,850,510,0.727,1994,1987,1994
1017,853,,0.487,1994,1992,1994
561,854,,0.671,1994,1993,1994
297,855,,0.563,1994,1988,1994
531,857,,0.655,1994,1993,1994
505,861,470,1,1995,1993,1995
543,862,545,1,1994,1993,1994
450,863,21,0.959,1994,1992,1994
823,867,562,0.998,1995,1994,1995
169,868,507,0.928,1995,1988,1995
561,869,467,1,1995,1993,1995
628,871,,0.586,1995,1993,1995
596,874,497,1,1995,1993,1995
207,875,65,1,1995,1988,1995
447,879,51,0.999,1994,1992,1994
443,880,200,1,1995,1992,1995
469,884,467,0.998,1995,1992,1995
172,885,1861,1,1995,1989,1995
502,886,215,1,1995,1993,1995
171,887,877,1,1995,1988,1995
441,888,860,0.996,1995,1992,1995
442,889,609,1,1995,1992,1995
199,890,609,0.994,1995,1986,1995
163,891,510,0.969,1995,1987,1995
627,892,549,1,1995,1994,1995
594,911,29,1,1994,1993,1994
64,912,178,1,1994,1987,1994
443,913,200,1,1994,1992,1994
1859,914,609,0.868,1994,1988,1994
444,915,293,0.998,1994,1992,1994
468,916,465,0.994,1994,1992,1994
469,917,453,0.978,1994,1992,1994
171,918,602,0.999,1994,1988,1994
163,919,510,0.986,1994,1987,1994
213,920,176,0.953,1994,1988,1994
459,921,465,1,1994,1992,1994
440,923,44,0.999,1994,1992,1994
792,924,494,0.999,1994,1982,1994
598,925,,0.486,1994,1993,1994
172,928,,0.693,1994,1989,1994
199,929,609,1,1994,1986,1994
454,931,609,0.999,1994,1992,1994
308,932,216,1,1994,1990,1994
677,937,673,1,1994,1993,1994
163,938,510,0.9,1994,1987,1994
464,939,603,0.363,1994,1992,1994
543,941,540,1,1994,1993,1994
663,942,,0.794,1994,1993,1994
464,943,,0.651,1995,1992,1995
524,944,856,0.996,1995,1993,1995
168,945,831,1,1995,1989,1995
474,946,857,0.994,1995,1992,1995
560,947,,0.737,1994,1993,1994
500,948,494,1,1995,1991,1995
524,949,856,1,1995,1993,1995
217,950,293,1,1995,1988,1995
457,951,507,1,1995,1992,1995
832,1015,830,0.999,1995,1994,1995
823,1016,562,1,1996,1994,1996
34,1017,,0.333,1992,1984,1992
853,1018,1862,1,1995,1994,1995
441,1020,436,0.999,1995,1992,1995
840,1021,75,0.975,1995,1994,1995
511,1023,51,1,1995,1993,1995
454,1024,507,1,1995,1992,1995
308,1025,216,1,1995,1990,1995
608,1026,510,1,1996,1993,1996
459,1027,176,1,1995,1992,1995
543,1028,545,0.993,1995,1993,1995
217,1029,836,1,1996,1988,1996
459,1030,947,1,1996,1992,1996
168,1031,605,0.991,1996,1989,1996
827,1032,606,1,1996,1994,1996
297,1033,1862,1,1996,1988,1996
912,1034,922,1,1996,1994,1996
542,1036,673,1,1995,1993,1995
521,1037,881,0.499,1995,1994,1995
561,1038,467,1,1996,1993,1996
1017,1040,507,0.437,1995,1992,1995
1043,1042,559,0.967,1996,1995,1996
524,1044,634,0.999,1996,1993,1996
503,1045,470,1,1996,1993,1996
1017,1046,605,0.968,1996,1992,1996
521,1047,1037,0.755,1996,1994,1996
444,1048,42,1,1996,1992,1996
500,1049,494,1,1996,1991,1996
853,1050,865,1,1996,1994,1996
858,1051,857,1,1996,1994,1996
794,1052,549,0.911,1996,1982,1996
199,1053,609,0.999,1996,1986,1996
458,1054,499,1,1996,1992,1996
930,1055,,0.682,1995,1994,1995
641,1056,637,0.999,1996,1993,1996
675,1057,549,0.996,1996,1993,1996
449,1058,947,0.999,1996,,1996
872,1059,602,0.86,1996,1994,1996
675,1060,549,0.947,1996,1993,1996
595,1061,215,0.998,1996,1993,1996
835,1062,860,0.999,1996,1994,1996
528,1063,178,0.992,1996,1993,1996
163,1130,510,1,,1987,
542,1151,547,1,1996,1993,1996
199,1152,609,0.999,1997,1986,1997
508,1153,467,0.998,1996,1993,1996
855,1154,877,0.99,1996,1994,1996
508,1155,,0.636,1996,1993,1996
454,1156,216,0.999,1996,1992,1996
454,1157,221,1,1996,1992,1996
297,1159,634,0.997,1996,1988,1996
450,1160,629,1,1996,1992,1996
308,1161,216,1,1996,1990,1996
500,1162,494,1,1996,1991,1996
912,1163,922,1,1996,1994,1996
502,1164,293,0.999,1996,1993,1996
924,1165,220,1,1996,1994,1996
450,1167,629,1,1996,1992,1996
938,1168,550,1,1996,1994,1996
558,1169,557,1,1997,1993,1997
915,1170,941,1,1997,1994,1997
542,1171,547,0.999,1996,1993,1996
543,1172,540,1,1996,1993,1996
677,1173,673,0.997,1996,1993,1996
531,1174,776,0.949,1996,1993,1996
641,1175,637,1,1996,1993,1996
774,1176,633,0.999,1996,1994,1996
297,1179,836,1,1997,1988,1997
938,1180,547,0.973,1996,1994,1996
1182,1181,851,1,1997,1996,1997
461,1182,,0.655,1996,1992,1996
774,1183,864,1,1996,1994,1996
604,1184,1039,0.579,1996,1993,1996
862,1185,854,0.993,1996,1994,1996
604,1186,603,0.992,1996,1993,1996
596,1187,497,1,1996,1993,1996
878,1188,879,1,1996,1994,1996
942,1190,331,0.996,1996,1994,1996
508,1192,,0.624,1996,1993,1996
541,1193,,0.626,1996,1993,1996
522,1196,1015,1,1996,1993,1996
675,1197,846,1,1996,1993,1996
862,1199,854,0.992,1996,1994,1996
878,1200,453,0.998,1996,1994,1996
543,1201,540,0.964,1996,1993,1996
469,1202,467,1,1997,1992,1997
466,1203,51,0.999,1996,,1996
876,1204,824,0.487,1996,1995,1996
628,1207,1041,0.921,1997,1993,1997
845,1208,941,0.916,1997,1994,1997
458,1209,867,1,1997,1992,1997
930,1210,867,0.997,1997,1994,1997
455,1213,1212,1,1997,1992,1997
503,1214,470,1,1997,1993,1997
1043,1215,559,0.993,1997,1995,1997
308,1216,216,0.999,1997,1990,1997
531,1217,849,0.704,1996,1993,1996
458,1219,1039,0.997,1996,1992,1996
524,1220,634,1,1997,1993,1997
1246,1221,868,1,1997,1996,1997
927,1222,501,1,1997,1994,1997
1043,1223,1276,0.849,1998,1995,1998
838,1224,215,0.964,1997,1994,1997
635,1225,636,1,1997,1993,1997
835,1226,1165,0.999,1997,1994,1997
880,1227,436,1,1997,1995,1997
826,1228,1212,0.983,1997,1994,1997
500,1229,494,1,1998,1991,1998
469,1230,467,0.967,1997,1992,1997
915,1231,941,1,1997,1994,1997
169,1232,890,0.827,1997,1988,1997
666,1233,916,1,1997,1993,1997
168,1234,854,0.859,1997,1989,1997
912,1236,922,1,1997,1994,1997
561,1237,51,1,1997,1993,1997
479,1238,866,1,1997,1992,1997
442,1239,868,0.999,1997,1992,1997
641,1241,637,1,1997,1993,1997
774,1242,633,0.995,1996,1994,1996
862,1243,857,1,1996,1994,1996
774,1245,857,0.962,1998,1994,1998
827,1246,176,0.61,1996,1994,1996
912,1248,922,1,1998,1994,1998
474,1262,884,1,1997,1992,1997
297,1267,1862,0.999,1997,1988,1997
931,1268,1040,1,1998,1994,1998
679,1269,,0.355,1996,1993,1996
1271,1270,1395,0.999,1998,1996,1998
855,1271,854,1,1996,1994,1996
855,1272,854,0.997,1996,1994,1996
942,1273,864,0.787,1996,1994,1996
560,1274,,0.686,1996,1993,1996
608,1275,510,1,1998,1993,1998
1182,1276,851,1,1996,1996,1996
949,1277,557,1,1998,1995,1998
171,1278,602,1,1998,1988,1998
522,1279,1174,1,1996,1993,1996
1218,1285,544,0.999,1996,1996,1996
825,1286,672,1,1997,1994,1997
441,1287,1165,1,1998,1992,1998
635,1288,636,0.999,1998,1993,1998
862,1290,1198,1,1998,1994,1998
528,1291,178,1,1998,1993,1998
1206,1292,1176,0.915,1998,1996,1998
522,1293,629,0.993,1998,1993,1998
1173,1294,1041,1,1998,1996,1998
1403,1295,849,1,1997,1997,1997
670,1296,1211,1,1998,1993,1998
1017,1297,1018,1,1997,1992,1997
1049,1298,636,0.999,1997,1996,1997
1218,1299,916,0.75,1996,1996,1996
1299,1300,1028,0.999,1998,1996,1998
530,1301,637,1,1996,1993,1996
641,1302,637,1,1998,1993,1998
677,1304,1168,0.931,1997,1993,1997
1177,1305,854,0.988,1998,1996,1998
561,1306,1178,1,1998,1993,1998
455,1345,507,0.996,1997,1992,1997
930,1348,495,1,1998,1994,1998
596,1349,200,0.983,1998,1993,1998
168,1355,884,1,1997,1989,1997
832,1356,1041,1,1997,1994,1997
853,1357,865,1,1997,1994,1997
1019,1358,494,0.55,1998,1995,1998
444,1359,1166,1,1998,1992,1998
630,1360,1041,1,1997,1993,1997
628,1361,1041,1,1998,1993,1998
199,1362,609,1,1998,1986,1998
1049,1363,776,1,1998,1996,1998
1173,1364,1159,0.997,1998,1996,1998
869,1365,453,0.997,1998,1995,1998
1158,1366,1041,0.895,1998,1996,1998
912,1367,922,0.999,1998,1994,1998
932,1368,216,1,1997,1994,1997
459,1369,947,1,1997,1992,1997
308,1370,216,0.993,1997,1990,1997
454,1371,216,0.989,1997,1992,1997
561,1380,467,1,1997,1993,1997
679,1382,477,0.914,1997,1993,1997
604,1383,1178,0.614,1997,1993,1997
1246,1384,609,1,1998,1996,1998
604,1385,216,0.998,1998,1993,1998
455,1386,176,0.946,1997,1992,1997
308,1387,1274,1,1998,1990,1998
1386,1388,1274,1,1998,1997,1998
457,1389,507,0.822,1998,1992,1998
596,1391,200,1,1998,1993,1998
172,1392,1020,0.771,1997,1989,1997
1345,1393,215,1,1998,1997,1998
832,1394,1041,1,1998,1994,1998
1177,1395,824,0.718,1997,1996,1997
469,1396,467,0.597,1998,1992,1998
1347,1397,494,1,1998,1997,1998
845,1398,674,1,1998,1994,1998
845,1399,674,1,1998,1994,1998
1401,1400,605,1,1998,1997,1998
601,1401,1018,0.997,1997,1993,1997
1186,1402,890,1,1998,1996,1998
531,1403,776,1,1997,1993,1997
454,1404,221,1,1997,1992,1997
859,1405,929,0.998,1998,1994,1998
1403,1406,849,1,1998,1997,1998
1026,1407,1032,1,1998,1996,1998
1017,1408,1018,1,1998,1992,1998
840,1409,597,1,1998,1994,1998
502,1410,215,1,1998,1993,1998
169,1411,890,0.904,1998,1988,1998
457,1412,868,1,1998,1992,1998
927,1413,501,1,1998,1994,1998
447,1414,1203,0.556,1998,1992,1998
441,1415,1165,0.926,1998,1992,1998
1271,1416,605,1,1998,1996,1998
825,1417,672,0.997,1998,1994,1998
912,1418,922,1,1999,1994,1999
912,1419,922,1,1999,1994,1999
1347,1420,494,0.984,1999,1997,1999
1345,1421,215,0.999,1999,1997,1999
1049,1422,632,1,1999,1996,1999
447,1423,1203,1,1999,1992,1999
774,1424,1198,1,1999,1994,1999
1403,1425,849,1,1999,1997,1999
522,1426,1360,1,1999,1993,1999
862,1427,917,1,1999,1994,1999
524,1428,865,1,1999,1993,1999
915,1429,847,1,1999,1994,1999
1172,1430,1171,1,1997,1996,1997
561,1431,467,1,1999,1993,1999
504,1432,44,1,1999,1993,1999
1222,1433,501,0.756,1999,1997,1999
880,1434,1047,0.997,1999,1995,1999
853,1435,865,1,1999,1994,1999
524,1436,865,1,1999,1993,1999
1017,1437,1018,0.999,1998,1992,1998
1155,1438,1154,1,1999,1996,1999
932,1439,1274,1,1999,1994,1999
1177,1440,1243,1,1999,1996,1999
915,1441,1412,1,1999,1994,1999
823,1485,562,1,1998,1994,1998
601,1486,506,1,1999,1993,1999
914,1487,1040,0.998,1999,1994,1999
628,1488,,0.614,1999,1993,1999
1042,1489,453,1,1999,1996,1999
308,1491,609,0.599,1999,1990,1999
542,1492,544,0.812,1999,1993,1999
835,1493,1031,1,1999,1994,1999
845,1494,1276,1,1999,1994,1999
1200,1495,1156,1,1999,1996,1999
1160,1496,1047,1,1999,1996,1999
1304,1497,668,1,1999,1997,1999
666,1498,1028,0.999,1999,1993,1999
670,1499,1381,1,1999,1993,1999
442,1500,609,1,1999,1992,1999
826,1501,216,0.98,1998,1994,1998
1517,1502,1062,1,1999,1998,1999
1186,1503,1184,1,1999,1996,1999
1404,1504,507,1,1999,1997,1999
1200,1506,1156,0.988,1999,1996,1999
1271,1507,506,0.989,1999,1996,1999
168,1508,1045,1,1999,1989,1999
925,1509,1287,1,1999,1994,1999
1247,1510,1020,0.998,1999,1996,1999
840,1511,597,1,1999,1994,1999
951,1512,1196,1,1999,1995,1999
1244,1513,467,0.996,1999,1997,1999
1059,1514,494,1,1999,1996,1999
444,1515,1166,1,1999,1992,1999
1437,1516,1279,0.946,1999,1998,1999
639,1517,208,0.999,1998,1994,1998
1401,1518,1185,1,1999,1997,1999
912,1519,922,0.826,1999,1994,1999
502,1520,1164,0.999,1999,1993,1999
826,1521,1213,0.998,1999,1994,1999
1409,1522,1209,1,1999,1998,1999
949,1523,557,1,1999,1995,1999
938,1524,1028,1,1999,1994,1999
1432,1525,922,1,1999,1999,1999
504,1526,497,1,1999,1993,1999
1403,1527,849,0.998,1999,1997,1999
1304,1528,668,1,1999,1997,1999
1403,1529,849,1,1999,1997,1999
1410,1530,436,1,1999,1998,1999
949,1531,557,1,1999,1995,1999
596,1532,911,1,1999,1993,1999
677,1533,1028,1,1999,1993,1999
853,1534,865,1,1998,1994,1998
168,1535,1018,1,1999,1989,1999
1017,1536,1018,1,1999,1992,1999
825,1537,1286,1,1999,1994,1999
459,1538,607,0.903,1999,1992,1999
459,1539,176,0.855,1999,1992,1999
869,1540,1178,0.994,1999,1995,1999
459,1541,1290,1,1999,1992,1999
1022,1542,1199,0.998,1999,1995,1999
199,1543,609,1,1999,1986,1999
441,1544,1165,0.993,1999,1992,1999
1432,1545,1187,0.966,1999,1999,1999
596,1546,497,1,1999,1993,1999
1024,1547,676,1,1999,1995,1999
1024,1548,676,1,1999,1995,1999
1042,1549,176,1,1999,1996,1999
1218,1550,886,1,1999,1996,1999
869,1551,1178,0.998,1999,1995,1999
1369,1552,1032,1,1999,1997,1999
604,1553,1274,1,1999,1993,1999
932,1554,1274,0.979,1999,1994,1999
199,1555,609,1,1999,1986,1999
1369,1556,1032,1,1999,1997,1999
604,1557,921,1,1999,1993,1999
466,1558,51,1,1999,,1999
458,1559,499,1,1999,1992,1999
823,1560,499,1,1999,1994,1999
1386,1561,216,0.999,1999,1997,1999
522,1562,629,1,1999,1993,1999
450,1563,634,1,1999,1992,1999
297,1564,634,1,1999,1988,1999
441,1565,1167,1,1999,1992,1999
1160,1566,1179,0.978,1999,1996,1999
663,1568,1154,1,1999,1993,1999
627,1570,467,0.998,1999,1994,1999
1042,1571,176,0.992,2000,1996,2000
1369,1572,1032,1,2000,1997,2000
476,1573,917,0.517,2000,1992,2000
308,1574,921,1,2000,1990,2000
1186,1575,1188,1,2000,1996,2000
859,1576,929,1,2000,1994,2000
308,1577,1274,1,2000,1990,2000
862,1578,917,1,2000,1994,2000
1170,1579,1063,1,2000,1997,2000
1403,1580,525,1,2000,1997,2000
1161,1581,525,1,2000,1996,2000
1161,1582,849,1,2000,1996,2000
951,1583,1196,1,2000,1995,2000
848,1584,1370,0.999,1999,1994,1999
595,1585,495,1,2000,1993,2000
503,1586,1214,1,2000,1993,2000
1382,1588,847,1,2000,1997,2000
1382,1589,847,1,2000,1997,2000
826,1590,1274,1,2000,1994,2000
1059,1591,1020,0.997,2000,1996,2000
853,1592,629,0.998,2000,1994,2000
1017,1593,1018,0.986,2000,1992,2000
1415,1594,1165,1,2000,1998,2000
1271,1595,1395,1,2000,1996,2000
168,1596,1045,1,2000,1989,2000
774,1597,1198,1,2000,1994,2000
1195,1598,1279,1,2000,1996,2000
1501,1599,890,0.998,2000,1998,2000
524,1600,865,1,2000,1993,2000
925,1601,1287,1,2000,1994,2000
912,1602,1187,0.999,2000,1994,2000
1247,1604,494,1,2000,1996,2000
1222,1605,494,1,2000,1997,2000
595,1606,495,1,2000,1993,2000
1222,1607,494,1,2001,1997,2001
1247,1608,494,1,2000,1996,2000
1177,1609,1395,1,2001,1996,2001
1170,1610,917,1,2000,1997,2000
639,1611,1028,1,2000,1994,2000
949,1612,557,1,2000,1995,2000
845,1613,1276,1,2001,1994,2001
912,1614,1348,1,2001,1994,2001
1130,1615,1356,1,2000,,2000
1384,1616,1370,1,2000,1998,2000
858,1617,1063,1,2000,1994,2000
832,1618,1435,0.999,2001,1994,2001
1436,1619,1381,1,2001,1999,2001
823,1620,1268,1,2001,1994,2001
1017,1621,1018,1,2001,1992,2001
1193,1622,602,0.999,2001,1996,2001
840,1623,497,1,2001,1994,2001
1605,1660,497,1,2002,2000,2002
840,1661,911,0.995,2002,1994,2002
1771,1662,1187,1,2002,2001,2002
1490,1663,1031,1,2001,1999,2001
1490,1664,1031,1,2002,1999,2002
1059,1665,494,1,2002,1996,2002
1218,1667,1542,1,2001,1996,2001
826,1668,1213,0.999,2002,1994,2002
1503,1669,1209,1,2001,1999,2001
459,1671,1670,1,2002,1992,2002
1043,1672,,0.635,2001,1995,2001
1409,1673,1543,1,2001,1998,2001
1589,1675,929,1,2002,2000,2002
1588,1677,1587,1,2001,2000,2001
1588,1678,1581,1,2002,2000,2002
1588,1679,1581,1,2002,2000,2002
845,1680,1276,1,2002,1994,2002
845,1681,1276,1,2001,1994,2001
869,1682,1188,1,2001,1995,2001
1271,1683,1593,1,2001,1996,2001
927,1684,501,1,2000,1994,2000
1049,1685,,0.664,2002,1996,2002
1384,1696,1557,0.997,2002,1998,2002
1384,1697,1370,1,2002,1998,2002
1552,1698,1504,1,2001,1999,2001
1552,1699,1504,1,2002,1999,2002
1508,1700,865,1,2001,1999,2001
595,1701,497,0.996,2001,1993,2001
1771,1702,911,1,2002,2001,2002
1244,1703,1213,0.99,2002,1997,2002
951,1704,1196,1,2002,1995,2002
912,1705,1348,1,2002,1994,2002
1186,1706,1221,1,2001,1996,2001
1558,1707,1441,0.708,2001,1999,2001
1438,1708,,0.602,2001,1999,2001
1049,1709,1608,1,2001,1996,2001
524,1710,1566,1,2002,1993,2002
1158,1711,1396,1,2001,1996,2001
1672,1713,1533,1,2002,2001,2002
1222,1714,494,1,2002,1997,2002
1043,1715,676,1,2001,1995,2001
1043,1716,1412,1,2002,1995,2002
858,1718,1533,1,2001,1994,2001
1247,1719,494,0.999,2001,1996,2001
1532,1720,911,1,2001,1999,2001
1511,1721,1499,1,2001,1999,2001
1401,1722,1185,0.999,2001,1997,2001
1550,1723,1040,0.999,2002,1999,2002
444,1724,1165,1,2001,1992,2001
1506,1725,1359,0.992,2001,1999,2001
666,1727,1171,1,2001,1993,2001
639,1728,1610,1,2001,1994,2001
604,1729,1221,1,2001,1993,2001
1612,1730,1199,0.888,2002,2000,2002
1701,1731,1566,1,2002,2001,2002
840,1733,1187,1,2002,1994,2002
1735,1734,1381,1,2002,2001,2002
1190,1735,917,0.906,2001,1996,2001
1218,1736,1542,1,2002,1996,2002
1598,1737,,0.717,2002,2000,2002
862,1738,1579,1,2002,1994,2002
932,1739,1557,0.999,2002,1994,2002
930,1740,1485,1,2001,1994,2001
1559,1741,1031,1,2002,1999,2002
1510,1742,1542,0.999,2002,1999,2002
1415,1743,1666,1,2002,1998,2002
1369,1745,1504,1,2002,1997,2002
949,1746,1540,1,2002,1995,2002
826,1747,1590,1,2002,1994,2002
932,1748,921,0.999,2002,1994,2002
1674,1749,1029,1,2002,2001,2002
1362,1750,1187,0.996,2002,1998,2002
845,1751,1276,1,2001,1994,2001
1200,1752,1553,1,2002,1996,2002
1244,1753,1188,1,2002,1997,2002
1355,1754,1234,1,2001,1997,2001
1247,1755,1020,1,2002,1996,2002
1244,1756,1178,0.985,2001,1997,2001
1757,1758,1523,1,2002,2001,2002
522,1759,1360,1,2001,1993,2001
1380,1760,602,1,2001,1997,2001
1186,1761,921,0.999,2003,1996,2003
927,1762,501,1,2002,1994,2002
1152,1763,1349,0.999,2002,1997,2002
1222,1764,1684,1,2003,1997,2003
628,1765,1358,1,2002,1993,2002
1415,1766,1666,0.995,2003,1998,2003
930,1767,1485,1,2002,1994,2002
1361,1768,1590,0.999,2003,1998,2003
1024,1769,1412,1,2003,1995,2003
1024,1770,1412,0.993,2003,1995,2003
925,1771,1020,1,2001,1994,2001
1186,1773,1184,1,2002,1996,2002
1501,1774,507,0.998,2002,1998,2002
458,1775,499,1,2002,1992,2002
1510,1776,1542,0.999,2002,1999,2002
1017,1777,1018,1,2003,1992,2003
951,1778,1196,1,2002,1995,2002
1387,1779,1670,1,2002,1998,2002
1491,1780,1356,1,2002,1999,2002
1193,1782,1553,0.44,2002,1996,2002
1305,1783,1595,1,2003,1998,2003
1380,1784,1395,0.989,2002,1997,2002
1155,1785,453,1,2002,1996,2002
1538,1786,1539,1,2002,1999,2002
503,1787,1184,0.931,2002,1993,2002
1401,1788,1551,0.995,2002,1997,2002
1403,1790,1533,1,2002,1997,2002
1172,1791,544,1,2002,1996,2002
1275,1793,1610,1,2002,1998,2002
1382,1794,1677,1,2002,1997,2002
1437,1796,1196,1,2002,1998,2002
1195,1797,,0.775,2002,1996,2002
1588,1798,1581,1,2003,2000,2003
869,1799,1188,0.996,2002,1995,2002
1193,1800,1495,1,2002,1996,2002
845,1801,1276,1,2002,1994,2002
524,1802,1578,0.625,2002,1993,2002
1580,1803,1040,0.975,2002,2000,2002
1532,1804,911,1,2003,1999,2003
1193,1805,1590,0.997,2003,1996,2003
1597,1806,1587,1,2003,2000,2003
1271,1807,1593,1,2002,1996,2002
1403,1808,849,1,2003,1997,2003
1355,1819,1802,0.941,2003,1997,2003
1700,1820,1221,1,2003,2001,2003
1172,1821,1171,1,2002,1996,2002
938,1822,1381,1,2002,1994,2002
1172,1823,1171,1,2002,1996,2002
1419,1824,1287,0.997,2003,1999,2003
1506,1825,1500,1,2003,1999,2003
1536,1826,1787,1,2003,1999,2003
1563,1827,1572,1,2002,1999,2002
1508,1828,1754,1,2003,1999,2003
1190,1829,1489,1,2003,1996,2003
1271,1830,1395,1,2003,1996,2003
1757,1831,1523,1,2003,2001,2003
1559,1833,1031,1,2003,1999,2003
1490,1843,1287,0.985,2003,1999,2003
1415,1844,1040,0.999,2003,1998,2003
1685,1845,1608,0.649,2003,2002,2003
1244,1846,1213,0.998,2003,1997,2003
1763,1847,1287,1,2003,2002,2003
1059,1848,1666,0.994,2003,1996,2003
601,1849,506,0.999,2003,1993,2003
601,1850,506,1,2003,1993,2003
1195,1851,1045,1,2002,1996,2002
1247,1852,1287,0.527,2003,1996,2003
1771,1853,1187,1,2003,2001,2003
1771,1854,1187,1,2003,2001,2003
442,1855,1543,1,2003,1992,2003
1753,1856,1349,1,2003,2002,2003
1753,1857,1349,1,2003,2002,2003
825,1858,1611,1,2003,1994,2003
1503,1864,1209,1,2003,1999,2003
458,1865,1268,0.956,2003,1992,2003
1409,1866,1209,0.999,2003,1998,2003
1674,1867,1029,1,2003,2001,2003
1384,1868,1553,0.999,2003,1998,2003
832,1869,1604,1,2003,1994,2003
1892,1870,1754,0.928,2003,2001,2003
1401,1871,1524,1,2003,1997,2003
1612,1872,1199,0.442,2003,2000,2003
1550,1873,1724,1,2003,1999,2003
1669,1874,1213,1,2003,2001,2003
1893,1877,1524,0.998,2003,2001,2003
862,1878,1524,0.891,2001,1994,2001
1501,1879,1606,1,2003,1998,2003
1155,1881,453,1,2003,1996,2003
639,1882,1610,1,2003,1994,2003
1275,1883,1587,1,2003,1998,2003
1580,1884,1512,0.962,2003,2000,2003
1024,1885,1412,1,2003,1995,2003
1517,1886,544,0.948,2002,1998,2002
1429,1887,1759,1,2003,1999,2003
2987,1888,1676,0.863,2003,2003,2003
1170,1889,1609,0.997,2003,1997,2003
1735,1890,1381,1,2003,2001,2003
1541,1891,509,1,2002,1999,2002
832,1892,1534,1,2001,1994,2001
1403,1893,849,0.964,2001,1997,2001
503,1894,1214,1,2002,1993,2002
912,1895,1348,1,2003,1994,2003
1305,1896,1595,1,2003,1998,2003
927,1897,501,0.998,2003,1994,2003
919,2959,510,1,2002,1994,2002
1369,2960,1744,0.999,2003,1997,2003
1763,2962,1287,1,2004,2002,2004
1672,2963,1533,1,2003,2001,2003
1559,2964,1435,0.998,2003,1999,2003
1559,2965,1031,1,2004,1999,2004
1605,2966,497,0.979,2004,2000,2004
1800,2967,1572,0.999,2004,2002,2004
459,2968,176,1,2003,1992,2003
1781,2969,1395,1,2004,2002,2004
1437,2970,634,1,2003,1998,2003
1612,2971,1199,1,2004,2000,2004
1042,2972,176,0.999,2003,1996,2003
1024,2974,1412,1,2004,1995,2004
1532,2975,911,0.964,2004,1999,2004
1380,2976,,0.724,2003,1997,2003
1717,2977,1196,0.999,2004,2001,2004
1892,2978,1356,1,2003,2001,2003
1674,2979,1543,1,2004,2001,2004
1758,2980,1695,0.846,2004,2002,2004
1888,2981,1695,0.909,2003,2003,2003
1491,2982,1604,0.997,2003,1999,2003
1672,2983,1533,1,2003,2001,2003
1589,2984,929,1,2003,2000,2003
1765,2985,921,1,2003,2002,2003
869,2986,453,0.984,2004,1995,2004
308,2987,1368,0.98,2003,1990,2003
930,2988,1485,1,2004,1994,2004
1042,2990,453,0.999,2004,1996,2004
832,2991,1435,1,2003,1994,2003
1735,3000,1381,1,2004,2001,2004
1725,3001,1610,0.968,2004,2001,2004
1782,3002,1495,0.997,2003,2002,2003
1247,3003,1795,0.987,2004,1996,2004
1193,3004,1590,1,2004,1996,2004
1437,3005,1579,0.962,2004,1998,2004
1170,3006,1871,1,2004,1997,2004
1605,3008,2966,0.816,2004,2000,2004
1705,3009,1750,1,2004,2002,2004
1740,3010,1729,1,2004,2001,2004
1401,3011,1788,1,2004,1997,2004
1247,3012,1287,1,2004,1996,2004
595,3013,1499,1,2004,1993,2004
503,3014,1214,1,2004,1993,2004
1510,3015,1723,0.999,2004,1999,2004
1589,3016,1029,0.999,2004,2000,2004
1415,3017,1018,0.954,2004,1998,2004
1854,3018,1029,1,2004,2003,2004
1042,3019,453,0.907,2004,1996,2004
1772,3020,1729,1,2004,2003,2004
1558,3021,1699,1,2004,1999,2004
1760,3022,2972,1,2004,2001,2004
1605,3023,1485,0.999,2004,2000,2004
1791,3024,1509,1,2004,2002,2004
1763,3085,1287,1,2004,2002,2004
1536,3086,1787,0.764,2004,1999,2004
1753,3087,1775,1,2004,2002,2004
1429,3088,1886,1,2004,1999,2004
1617,3089,1610,0.999,2004,2000,2004
1362,3090,1509,1,2004,1998,2004
1665,3091,1623,1,2004,2002,2004
1892,3092,1356,0.999,2004,2001,2004
1852,3093,1358,1,2004,2003,2004
1891,3094,1523,1,2004,2002,2004
3022,3095,1492,1,2004,2004,2004
1764,3444,1711,1,2004,2003,2004
1605,3445,497,1,2005,2000,2005
1501,3447,1773,1,2005,1998,2005
2984,3448,501,1,2005,2003,2005
1614,3449,1767,1,2005,2001,2005
1506,3450,1720,1,2005,1999,2005
2987,3451,1739,0.994,2005,2003,2005
1361,3452,1553,1,2005,1998,2005
1563,3453,510,1,2004,1999,2004
2978,3454,1196,0.999,2004,2003,2004
1697,3455,1796,1,2005,2002,2005
1580,3456,1512,0.998,2004,2000,2004
1717,3457,1797,0.996,2005,2001,2005
1275,3459,1610,1,2005,1998,2005
1725,3460,1587,0.999,2005,2001,2005
1403,3461,1533,1,2005,1997,2005
1403,3462,1533,1,2005,1997,2005
1778,3463,1607,0.999,2004,2002,2004
1778,3464,1607,1,2004,2002,2004
1705,3486,1187,1,2005,2002,2005
1043,3487,1412,1,2004,1995,2004
1024,3488,1412,1,2005,1995,2005
1503,3489,1606,1,2005,1999,2005
1501,3490,1773,1,2005,1998,2005
1605,3491,497,1,2005,2000,2005
1532,3492,911,0.921,2005,1999,2005
1705,3497,1750,1,2005,2002,2005
2985,3498,1752,1,2005,2003,2005
1716,3499,2976,1,2005,2002,2005
2987,3500,1739,1,2005,2003,2005
1437,3501,1623,1,2005,1998,2005
1895,3502,1754,1,2005,2003,2005
1536,3503,1787,1,2005,1999,2005
930,3504,1485,1,2005,1994,2005
1580,3505,1040,0.998,2005,2000,2005
1559,3506,1165,1,2005,1999,2005
1760,3507,2972,1,2004,2001,2004
1597,3508,1794,0.998,2004,2000,2004
3508,3509,1171,1,2005,2004,2005
1415,3510,1566,0.998,2005,1998,2005
1195,3511,1579,1,2005,1996,2005
1042,3512,1590,1,2005,1996,2005
1042,3513,453,0.827,2005,1996,2005
1821,3514,1504,0.993,2005,2002,2005
1369,3515,1744,0.999,2005,1997,2005
1790,3516,1731,1,2005,2002,2005
1828,3517,1848,1,2005,2003,2005
1388,3520,1611,1,2005,1998,2005
1415,3521,1040,0.997,2005,1998,2005
1685,3564,1608,0.989,2005,2002,2005
1782,3565,1881,1,2005,2002,2005
1491,3566,1356,1,2005,1999,2005
1757,3567,1523,1,2004,2001,2004
1782,3568,1881,0.999,2005,2002,2005
1763,3569,1287,0.56,2005,2002,2005
1779,3570,1796,1,2005,2002,2005
2975,3571,1611,1,2005,2004,2005
1506,3572,1720,1,2005,1999,2005
2975,3573,1611,1,2005,2004,2005
3090,3574,1381,1,2005,2004,2005
1824,3575,1795,1,2005,2003,2005
1864,3576,1848,0.999,2005,2003,2005
3022,3577,1489,0.953,2005,2004,2005
1685,3578,1608,1,2005,2002,2005
1536,3579,1512,0.999,2005,1999,2005
1854,3580,1029,1,2005,2003,2005
1200,3581,1553,1,2005,1996,2005
2963,3590,1796,0.992,2005,2003,2005
1532,3591,911,0.984,2005,1999,2005
2963,3592,1533,1,2005,2003,2005
1893,3593,1871,0.963,2005,2001,2005
1740,3594,1187,1,2005,2001,2005
1893,3595,1871,0.98,2005,2001,2005
1401,3596,1877,1,2005,1997,2005
1170,3597,1579,0.999,2005,1997,2005
1438,3598,1708,1,2005,1999,2005
1697,3599,1196,0.941,2005,2002,2005
1760,3600,1829,1,2005,2001,2005
1772,3601,1729,0.974,2005,2003,2005
1193,3602,1590,1,2005,1996,2005
1559,3603,2960,1,2005,1999,2005
1725,3604,1587,1,2005,2001,2005
1195,3605,1871,0.995,2005,1996,2005
3003,3606,1710,1,2005,2004,2005
2984,3607,2960,1,2005,2003,2005
1705,3608,1750,1,2005,2002,2005
3508,3611,1171,1,2005,2004,2005
3009,3612,1742,1,2005,2004,2005
3508,3613,1171,1,2005,2004,2005
1757,3614,1831,1,2005,2001,2005
1857,3615,1606,1,2005,2003,2005
1763,3616,1287,0.998,2005,2002,2005
1827,3617,1783,1,2005,2002,2005
1369,3618,1744,1,2004,1997,2004
1429,3619,1886,1,2005,1999,2005
919,3641,1616,1,2005,1994,2005
1891,3642,510,1,2005,2002,2005
1665,3643,1623,1,2005,2002,2005
1580,3644,1766,1,2005,2000,2005
1576,3645,1512,1,2005,2000,2005
1790,3646,2964,1,2005,2002,2005
2989,3647,1731,1,2005,2004,2005
1851,3648,1199,1,2005,2002,2005
1821,3649,1504,1,2005,2002,2005
1781,3650,1512,0.982,2005,2002,2005
1678,3651,1412,0.992,2005,2002,2005
1024,3652,1616,1,2005,1995,2005
1891,3653,1523,0.988,2005,2002,2005
1791,3688,1509,1,2005,2002,2005
1605,3689,911,0.999,2005,2000,2005
1589,3690,929,0.989,2005,2000,2005
1043,3691,1412,1,2005,1995,2005
1672,3692,1533,1,2005,2001,2005
1437,3695,1623,1,2005,1998,2005
1753,3697,1606,1,2005,2002,2005
3003,3698,1566,1,2004,2004,2004
2968,3699,1769,1,2005,2003,2005
1678,3700,1412,1,2005,2002,2005
1043,3701,1682,1,2005,1995,2005
1716,3702,1877,1,2005,2002,2005
1218,3745,544,0.979,1997,1996,1997
840,3754,495,0.999,1997,1994,1997
925,3758,922,0.984,1997,1994,1997
1235,3761,1039,1,1997,1996,1997
500,3766,494,1,1997,1991,1997
827,3785,176,0.905,1997,1994,1997
1173,3793,1041,1,1997,1996,1997
853,3794,634,0.891,1997,1994,1997
530,3810,637,0.997,1997,1993,1997
675,3829,846,1,1997,1993,1997
1182,3831,846,0.993,1997,1996,1997
912,3840,922,0.544,1998,1994,1998
639,3844,1028,0.68,1998,1994,1998
1043,3849,1276,1,1998,1995,1998
925,3863,837,1,1998,1994,1998
925,3866,837,1,1998,1994,1998
169,3871,890,0.779,1998,1988,1998
524,3877,1199,0.439,1998,1993,1998
524,3931,629,0.98,1998,1993,1998
1190,3944,1191,0.856,1998,1996,1998
774,3946,1198,0.999,1998,1994,1998
1418,3964,922,0.644,1999,1999,1999
840,3976,597,1,1999,1994,1999
924,3986,220,1,1999,1994,1999
1246,3987,609,1,1999,1996,1999
1218,3994,1199,0.533,1999,1996,1999
447,4017,176,0.999,1999,1992,1999
522,4042,1360,1,1999,1993,1999
833,4057,497,1,1999,1994,1999
938,4086,1028,0.999,1999,1994,1999
869,4194,1495,1,2003,1995,2003
454,4255,44,0.572,1995,1992,1995
878,4256,,0.592,1995,1994,1995
641,4257,,0.645,1996,1993,1996
825,4258,602,0.506,1996,1994,1996
64,4260,637,0.996,1996,1987,1996
1043,4262,1306,0.998,1998,1995,1998
912,4266,1750,1,2004,1994,2004
1155,4802,1808,1,2005,1996,2005
1042,4803,453,0.845,2005,1996,2005
3487,4804,1543,1,2006,2004,2006
3487,4805,1543,1,2006,2004,2006
912,4829,1750,1,2006,1994,2006
1740,4854,1187,1,2006,2001,2006
1605,4855,497,1,2006,2000,2006
1821,4860,1504,1,2006,2002,2006
2989,4861,1710,1,2006,2004,2006
1717,4862,1797,0.998,2005,2001,2005
1429,4863,1886,1,2006,1999,2006
3002,4866,1581,1,2005,2003,2005
1798,4867,2974,0.938,2006,2003,2006
1559,4868,1711,1,2006,1999,2006
1536,4870,1199,0.999,2006,1999,2006
1805,4871,1774,1,2006,2003,2006
3698,4872,1489,1,2006,2004,2006
1510,4873,1165,1,2005,1999,2005
1763,4874,2980,1,2006,2002,2006
1857,4875,1606,1,2006,2003,2006
1415,4876,1040,0.998,2006,1998,2006
1503,4877,1606,1,2006,1999,2006
3003,4879,1710,1,2006,2004,2006
1042,4880,453,0.994,2006,1996,2006
1707,4881,1604,0.999,2005,2001,2005
3086,4882,1702,1,2006,2004,2006
1697,4883,1722,1,2006,2002,2006
1697,4884,1722,1,2006,2002,2006
1772,4885,1729,1,2006,2003,2006
2963,4886,1709,0.998,2006,2003,2006
1790,4887,1731,0.674,2006,2002,2006
1895,4888,1754,1,2006,2003,2006
1740,4889,1187,1,2006,2001,2006
1510,4890,2966,1,2006,1999,2006
1852,4891,3093,1,2006,2003,2006
3505,4892,1774,0.999,2006,2005,2006
845,4893,1276,1,2006,1994,2006
1244,4894,2990,0.993,2006,1997,2006
1419,4895,1795,1,2006,1999,2006
1779,4896,1796,1,2006,2002,2006
1824,4897,1729,1,2006,2003,2006
869,4898,453,0.996,2006,1995,2006
1782,4899,453,0.996,2006,2002,2006
1538,4900,1808,0.999,2006,1999,2006
1024,4901,1616,1,2006,1995,2006
1506,4902,1767,1,2006,1999,2006
1506,4903,1499,1,2006,1999,2006
1854,4904,1029,0.992,2006,2003,2006
1821,4905,1504,0.998,2006,2002,2006
1193,4906,1881,0.555,2006,1996,2006
3507,4907,1587,1,2006,2004,2006
1170,4908,1524,1,2006,1997,2006
3517,4910,1593,1,2006,2005,2006
3517,4911,1593,1,2006,2005,2006
2963,4912,1196,1,2006,2003,2006
2978,4913,1722,1,2006,2003,2006
1580,4914,1542,1,2006,2000,2006
2963,4915,1196,0.996,2006,2003,2006
1580,4916,1542,0.999,2006,2000,2006
1826,4917,1499,0.997,2006,2003,2006
1043,4919,1682,1,2006,1995,2006
3453,4933,1699,1,2006,2004,2006
3453,4934,1699,1,2006,2004,2006
1672,4935,1797,0.999,2006,2001,2006
1827,4936,1783,1,2006,2002,2006
1827,4937,1744,0.999,2006,2002,2006
1791,4938,1509,1,2006,2002,2006
1532,4939,911,0.966,2006,1999,2006
1501,4940,3489,0.995,2006,1998,2006
1415,4941,1040,0.987,2006,1998,2006
1753,4942,1775,1,2006,2002,2006
3490,4943,3087,1,2006,2005,2006
1872,4944,1777,0.93,2006,2003,2006
1803,4945,1802,0.998,2006,2002,2006
1437,4948,1797,1,2006,1998,2006
1491,4949,1356,1,2006,1999,2006
1491,4950,1604,1,2006,1999,2006
3567,4951,1604,1,2006,2004,2006
1437,4952,1722,1,2006,1998,2006
1789,4953,1610,0.995,2006,2002,2006
1672,4954,1533,1,2006,2001,2006
1598,4955,3000,0.998,2006,2000,2006
1685,4956,1608,1,2006,2002,2006
2982,4957,1610,1,2006,2003,2006
1172,4958,1171,1,2006,1996,2006
1893,4959,1788,1,2006,2001,2006
2968,4960,1769,0.998,2006,2003,2006
1361,4961,1698,1,2006,1998,2006
1760,4962,1829,0.992,2006,2001,2006
2968,4963,1769,1,2006,2003,2006
2959,4964,1831,1,2006,2002,2006
3094,4965,1739,0.999,2006,2004,2006
1559,4966,1702,1,2006,1999,2006
1501,4967,3489,1,2006,1998,2006
1503,4968,1611,1,2006,1999,2006
3500,4969,2988,1,2006,2005,2006
3487,4970,1543,0.983,2006,2004,2006
1669,4971,1897,1,2006,2001,2006
1155,4972,1808,1,2006,1996,2006
2968,4973,1553,0.918,2006,2003,2006
2968,4974,1769,1,2006,2003,2006
1757,4999,1523,1,2007,2001,2007
3002,5000,1581,1,2006,2003,2006
1803,5008,1566,1,2007,2002,2007
1778,5009,1485,1,2006,2002,2006
1532,5071,1804,0.872,2007,1999,2007
2985,5072,1752,1,2007,2003,2007
3446,5073,4873,1,2006,2005,2006
1765,5074,3464,1,2007,2002,2007
1305,5075,453,1,2006,1998,2006
1800,5076,1769,1,2007,2002,2007
3505,5077,1742,0.995,2007,2005,2007
1614,5078,1767,1,2006,2001,2006
1716,5079,1579,1,2005,2002,2005
2963,5080,1796,0.936,2007,2003,2007
1753,5099,1775,1,2006,2002,2006
563,5116,1587,1,2006,1994,2006
3002,5117,1581,1,2007,2003,2007
1717,5118,1797,0.996,2006,2001,2006
1580,5119,1512,1,2007,2000,2007
3569,5120,3456,1,2007,2005,2007
3698,5121,1489,0.995,2007,2004,2007
1043,5122,1412,0.995,2007,1995,2007
1042,5123,1577,0.998,2007,1996,2007
2985,5125,1752,1,2007,2003,2007
2985,5126,1752,1,2007,2003,2007
1826,5127,1499,1,2007,2003,2007
1789,5128,1801,0.982,2007,2002,2007
1789,5129,1869,0.998,2007,2002,2007
3090,5130,3458,1,2007,2004,2007
1193,5131,2990,1,2007,1996,2007
3698,5132,3457,1,2006,2004,2006
3085,5134,1729,0.992,2007,2004,2007
2963,5135,1533,1,2007,2003,2007
2963,5136,1533,0.998,2007,2003,2007
1776,5137,2991,1,2007,2002,2007
1532,5138,911,1,2007,1999,2007
3446,5139,1787,1,2007,2005,2007
1854,5140,1029,1,2007,2003,2007
3487,5141,1543,0.826,2007,2004,2007
3449,5142,2962,1,2007,2005,2007
3608,5144,1553,1,2007,2005,2007
1716,5145,1774,0.981,2007,2002,2007
3567,5146,1604,0.998,2007,2004,2007
3497,5147,1611,1,2007,2005,2007
1172,5148,1171,1,2007,1996,2007
1757,5149,3617,1,2007,2001,2007
1491,5150,1604,0.999,2007,1999,2007
1438,5151,1708,0.999,2007,1999,2007
1438,5152,1708,1,2007,1999,2007
4907,5153,1171,0.627,2007,2006,2007
3507,5154,4953,0.999,2007,2004,2007
1361,5155,1698,1,2007,1998,2007
1401,5156,1788,0.999,2007,1997,2007
1170,5157,1877,0.995,2007,1997,2007
1763,5159,1702,1,2007,2002,2007
1790,5160,1731,1,2007,2002,2007
1872,5161,1777,0.996,2007,2003,2007
1536,5163,1787,0.995,2007,1999,2007
1401,5164,1877,0.999,2007,1997,2007
1589,5165,1762,0.889,2007,2000,2007
930,5166,3519,1,2007,1994,2007
1605,5167,497,1,2007,2000,2007
3500,5168,2988,0.918,2007,2005,2007
3094,5169,1739,0.999,2007,2004,2007
2981,5170,1868,1,2007,2003,2007
1678,5171,1412,1,2007,2002,2007
3022,5172,3696,1,2007,2004,2007
845,5173,3696,0.975,2007,1994,2007
3650,5174,,0.438,2007,2005,2007
2978,5175,1196,1,2008,2003,2008
1419,5194,1795,0.837,2007,1999,2007
1740,5195,1750,1,2008,2001,2008
1605,5196,1499,0.998,2008,2000,2008
3085,5197,1729,1,2008,2004,2008
3462,5198,3093,1,2008,2005,2008
1763,5199,1702,1,2008,2002,2008
3569,5204,3456,1,2008,2005,2008
3604,5205,1533,1,2008,2005,2008
3616,5209,3456,0.898,2008,2005,2008
2989,5210,1710,0.997,2008,2004,2008
1895,5212,1754,1,2008,2003,2008
1491,5213,1604,1,2007,1999,2007
1865,5215,1802,0.991,2007,2003,2007
3595,5216,3457,1,2007,2005,2007
3596,5217,1579,0.996,2008,2005,2008
3517,5220,1579,1,2008,2005,2008
4878,5224,1742,1,2008,2006,2008
1438,5225,1708,0.956,2008,1999,2008
3574,5226,4866,1,2008,2005,2008
1669,5235,1742,0.997,2008,2001,2008
2985,5236,1752,1,2008,2003,2008
4896,5237,2990,0.91,2008,2006,2008
3699,5240,1808,1,2008,2005,2008
5162,5241,1871,0.999,2008,2006,2008
3698,5242,1877,1,2008,2004,2008
3608,5247,1553,1,2008,2005,2008
5162,5248,1579,1,2007,2006,2007
1782,5249,1881,1,2007,2002,2007
1678,5254,1412,1,2008,2002,2008
1195,5256,1871,1,2007,1996,2007
3491,5260,1523,1,2008,2005,2008
3641,5261,3515,0.977,2008,2005,2008
1821,5262,1504,1,2008,2002,2008
1824,5263,3612,0.923,2008,2003,2008
1790,5265,1731,1,2008,2002,2008
1170,5266,1877,0.998,2007,1997,2007
3518,5267,3454,1,2007,2005,2007
1438,5268,1708,1,2007,1999,2007
3451,5269,1801,1,2008,2005,2008
1614,5271,4902,1,2008,2001,2008
2968,5272,1577,0.962,2008,2003,2008
1536,5273,4967,1,2008,1999,2008
1803,5275,1356,1,2008,2002,2008
2963,5276,1722,0.999,2008,2003,2008
4965,5277,1616,1,2008,2006,2008
1558,5278,1744,1,2008,1999,2008
1361,5279,1698,1,2008,1998,2008
3505,5280,3005,0.999,2008,2005,2008
3451,5281,1801,1,2009,2005,2009
930,5282,3519,1,2008,1994,2008
1717,5283,1533,1,2009,2001,2009
3094,5284,1739,0.996,2008,2004,2008
3606,5285,1394,1,2008,2005,2008
1532,5286,911,1,2009,1999,2009
1491,5287,1604,0.999,2009,1999,2009
3606,5288,1869,0.926,2009,2005,2009
1791,5289,1729,1,2009,2002,2009
5079,5290,1867,1,2008,2005,2008
1043,5291,3696,1,2008,1995,2008
3022,5292,1682,1,2008,2004,2008
3022,5293,3696,0.938,2008,2004,2008
1757,5294,1523,1,2009,2001,2009
1854,5312,1029,1,2009,2003,2009
4964,5313,1762,1,2009,2006,2009
1821,5314,1504,1,2009,2002,2009
3449,5315,4897,1,2009,2005,2009
1824,5316,4967,1,2009,2003,2009
4973,5317,1868,1,2009,2006,2009
4878,5318,5165,0.749,2009,2006,2009
4868,5319,1886,1,2008,2006,2008
5263,5320,1795,0.835,2007,2008,2007
3453,5321,1744,1,2008,2004,2008
3453,5322,1744,0.964,2008,2004,2008
3002,5323,1581,1,2008,2003,2008
3002,5324,1581,1,2008,2003,2008
5075,5325,5000,1,2009,2006,2009
4935,5326,3486,1,2009,2006,2009
3086,5327,4829,1,2009,2004,2009
1605,5332,5071,0.787,2009,2000,2009
1857,5333,3618,1,2009,2003,2009
3596,5334,1722,0.772,2009,2005,2009
4896,5335,2990,1,2008,2006,2008
1042,5336,1577,1,2009,1996,2009
4936,5337,1710,1,2009,2006,2009
1798,5338,2974,1,2009,2003,2009
1826,5339,1499,1,2009,2003,2009
3491,5340,5169,1,2009,2005,2009
1854,5341,1029,1,2008,2003,2008
2989,5342,4887,1,2009,2004,2009
3086,5343,1729,1,2009,2004,2009
4871,5418,4860,1,2009,2006,2009
2989,5447,1731,1,2009,2004,2009
1753,5448,4860,1,2009,2002,2009
3604,5449,1533,1,2009,2005,2009
3490,5450,3615,1,2009,2005,2009
3695,5452,1869,1,2009,2005,2009
1763,5453,1729,1,2009,2002,2009
3462,5454,3093,1,2009,2005,2009
1765,5455,1752,1,2009,2002,2009
4958,5456,4888,1,2009,2006,2009
4883,5457,3458,1,2009,2006,2009
3574,5458,4866,1,2009,2005,2009
3606,5459,1494,1,2009,2005,2009
4871,5460,4860,1,2009,2006,2009
1438,5461,1708,1,2009,1999,2009
1532,5462,911,1,2009,1999,2009
3002,5463,1886,1,2009,2003,2009
4935,5464,3486,1,2009,2006,2009
3444,5465,4887,1,2009,2004,2009
3002,5466,1886,0.999,2009,2003,2009
2963,5473,1196,1,2008,2003,2008
1438,5497,1708,1,2009,1999,2009
4868,5498,1886,0.997,2009,2006,2009
3451,5499,1801,1,2010,2005,2010
3094,5507,1553,0.999,2009,2004,2009
4896,5508,2990,1,2009,2006,2009
5123,5509,1577,0.859,2010,2007,2010
3490,5510,3087,1,2009,2005,2009
4863,5511,1762,0.996,2010,2006,2010
3500,5512,1762,0.996,2010,2005,2010
4973,5513,2990,0.985,2009,2006,2009
5320,5514,1029,1,2009,2007,2009
2985,5515,1897,1,2009,2003,2009
1864,5516,1542,1,2009,2003,2009
5267,5517,4829,1,2009,2007,2009
3590,5518,1750,1,2009,2005,2009
5147,5519,5159,1,2009,2007,2009
5155,5520,5159,0.74,2009,2007,2009
4964,5521,1607,1,2009,2006,2009
1757,5522,1616,1,2009,2001,2009
1757,5523,1616,1,2009,2001,2009
3608,5524,1553,1,2009,2005,2009
5163,5525,5072,1,2009,2007,2009
4941,5526,3615,0.999,2008,2006,2008
4936,5527,1710,0.999,2010,2006,2010
4960,5528,4872,1,2009,2006,2009
3698,5529,4872,0.758,2009,2004,2009
3594,5530,5197,1,2009,2005,2009
4965,5531,1616,1,2008,2006,2008
4965,5532,1616,1,2009,2006,2009
1361,5533,1698,1,2010,1998,2010
2963,5534,3089,1,2010,2003,2010
2968,5535,5240,1,2009,2003,2009
1763,5536,3093,0.984,2010,2002,2010
1669,5537,1881,0.987,2009,2001,2009
3567,5538,1604,0.999,2009,2004,2009
4961,5539,5167,0.999,2009,2006,2009
4965,5540,1616,1,2010,2006,2010
1854,5541,1543,1,2009,2003,2009
3569,5542,2966,0.982,2010,2005,2010
4917,5543,4860,1,2010,2006,2010
3497,5544,1611,1,2010,2005,2010
2989,5545,1710,1,2010,2004,2010
4936,5546,1731,1,2010,2006,2010
5217,5547,1869,0.992,2010,2008,2010
3444,5548,1731,0.999,2010,2004,2010
5123,5549,4934,1,2009,2007,2009
4896,5550,1881,0.999,2010,2006,2010
3567,5551,1604,1,2010,2004,2010
4883,5552,1801,1,2010,2006,2010
4863,5553,1762,1,2010,2006,2010
5268,5554,2991,1,2010,2007,2010
4935,5555,3454,1,2010,2006,2010
5160,5556,4854,1,2010,2007,2010
3462,5557,3093,1,2010,2005,2010
5217,5558,1494,1,2010,2008,2010
1716,5559,1877,0.999,2009,2002,2009
3698,5560,1489,1,2010,2004,2010
3517,5561,5333,1,2010,2005,2010
1605,5562,4939,0.999,2010,2000,2010
3604,5563,5118,0.947,2010,2005,2010
5224,5564,1881,0.998,2010,2008,2010
2985,5565,5072,0.999,2010,2003,2010
1617,5566,2974,1,2010,2000,2010
3604,5567,3454,0.999,2010,2005,2010
5242,5571,1489,0.998,2010,2008,2010
3451,5572,1801,1,2010,2005,2010
5168,5573,1031,1,2009,2007,2009
5324,5574,1494,1,2010,2008,2010
5168,5575,1731,1,2010,2007,2010
1491,5581,5285,1,2010,1999,2010
3516,5582,2991,1,2010,2005,2010
3086,5584,5204,1,2010,2004,2010
5164,5585,2966,1,2011,2007,2011
1803,5586,1802,1,2010,2002,2010
3518,5587,3454,1,2010,2005,2010
4964,5588,911,0.997,2010,2006,2010
3085,5589,1729,1,2010,2004,2010
5517,5590,3093,0.817,2011,2009,2011
5163,5591,5072,1,2010,2007,2010
1605,5592,3519,0.987,2010,2000,2010
5217,5593,1494,1,2010,2008,2010
3606,5594,3458,1,2011,2005,2011
1707,5595,1604,1,2011,2001,2011
3596,5596,5292,0.941,2010,2005,2010
1716,5597,1877,1,2010,2002,2010
1826,5598,1499,1,2009,2003,2009
4973,5599,1868,0.994,2011,2006,2011
3451,5600,1801,1,2011,2005,2011
2985,5601,5072,0.999,2011,2003,2011
1803,5602,1542,0.997,2010,2002,2010
1605,5603,1750,1,2011,2000,2011
5284,5604,1762,1,2010,2008,2010
3002,5605,5269,1,2010,2003,2010
5324,5606,3458,1,2010,2008,2010
1580,5607,1542,1,2010,2000,2010
4958,5608,4888,1,2010,2006,2010
2968,5610,1577,0.996,2010,2003,2010
4973,5611,1868,0.999,2010,2006,2010
1827,5612,1744,1,2010,2002,2010
3518,5613,3486,1,2009,2005,2009
3094,5614,5170,1,2010,2004,2010
3490,5615,3087,1,2011,2005,2011
3596,5616,1877,0.98,2010,2005,2010
1824,5617,5220,1,2011,2003,2011
1438,5618,1708,1,2011,1999,2011
3085,5619,1729,1,2011,2004,2011
1660,5620,2966,0.716,2010,2002,2010
4965,5622,1616,0.984,2011,2006,2011
3604,5623,1533,1,2011,2005,2011
5533,5624,5167,1,2011,2010,2011
5531,5625,4957,1,2010,2008,2010
3595,5626,5249,1,2010,2005,2010
3462,5627,2966,1,2011,2005,2011
2968,5628,5240,0.999,2011,2003,2011
1707,5629,1710,1,2011,2001,2011
5319,5630,1881,0.999,2011,2008,2011
5163,5631,5072,1,2010,2007,2010
5173,5632,5291,0.887,2011,2007,2011
3022,5633,3696,1,2010,2004,2010
3022,5634,1616,1,2010,2004,2010
1826,5635,911,0.985,2011,2003,2011
5336,5636,5290,1,2010,2009,2010
5324,5637,1494,1,2011,2008,2011
1617,5638,1801,0.998,2011,2000,2011
5242,5639,1489,1,2011,2008,2011
3453,5640,1744,1,2010,2004,2010
3517,5641,5077,1,2011,2005,2011
1852,5642,3456,1,2010,2003,2010
5277,5643,5240,0.999,2010,2008,2010
5277,5644,4933,1,2011,2008,2011
5163,5645,5072,1,2011,2007,2011
5323,5646,1616,1,2011,2008,2011
3451,5647,1801,1,2011,2005,2011
5277,5648,4933,1,2011,2008,2011
3451,5649,5254,1,2011,2005,2011
5132,5650,2974,0.997,2011,2006,2011
4965,5651,5290,1,2011,2006,2011
5075,5652,5000,1,2010,2006,2010
3462,5653,2966,1,2011,2005,2011
1605,5654,5167,1,2011,2000,2011
5119,5655,5235,0.998,2010,2007,2010
3606,5656,1869,0.999,2011,2005,2011
3567,5657,5285,0.999,2011,2004,2011
4999,5658,5072,1,2011,2007,2011
4958,5678,4888,1,2010,2006,2010
5517,5680,3093,1,2011,2009,2011
5598,5681,5249,1,2011,2009,2011
5320,5682,1762,1,2011,2007,2011
5162,5683,5077,1,2009,2006,2009
5267,5684,2960,0.999,2011,2007,2011
5284,5685,5539,0.997,2011,2008,2011
5217,5686,5000,1,2011,2008,2011
5457,5687,5285,1,2011,2009,2011
5164,5747,2966,1,2011,2007,2011
3608,5748,5237,0.999,2011,2005,2011
4971,5749,4902,1,2011,2006,2011
1826,5750,3456,1,2011,2003,2011
1580,5751,3643,1,2011,2000,2011
5282,5752,5462,1,2011,2008,2011
5516,5753,1731,1,2011,2009,2011
5128,5754,5118,0.999,2010,2007,2010
4965,5755,1616,0.884,2011,2006,2011
5562,5756,2991,1,2011,2010,2011
5532,5757,5515,1,2011,2009,2011
1864,5758,5275,0.995,2011,2003,2011
3574,5759,4866,1,2011,2005,2011
2978,5760,3089,1,2010,2003,2010
5195,5761,1881,0.821,2011,2008,2011
3022,5762,,0.459,2011,2004,2011
5573,5763,,0.485,2011,2009,2011
5452,5764,5334,1,2011,2009,2011
5319,5765,5335,1,2011,2008,2011
5337,5766,5508,0.998,2011,2009,2011
5524,5767,4860,1,2011,2009,2011
4917,5768,5144,1,2011,2006,2011
5450,5769,5614,1,2011,2009,2011
5525,5770,5526,0.511,2011,2009,2011
4999,5771,5513,0.997,2011,2007,2011
1415,5772,4890,0.864,2011,1998,2011
5511,5773,2974,0.999,2011,2010,2011
1763,5774,3456,1,2011,2002,2011
1716,5775,5334,1,2011,2002,2011
5132,5776,5121,0.999,2011,2006,2011
3517,5777,5333,0.999,2011,2005,2011
3517,5778,5333,0.996,2011,2005,2011
5514,5779,5321,1,2010,2009,2010
3490,5780,3087,1,2011,2005,2011
5162,5782,5077,1,2011,2006,2011
4965,5783,1616,1,2011,2006,2011
5341,5784,5522,1,2011,2008,2011
3453,5785,5523,1,2012,2004,2012
1763,5786,2966,1,2011,2002,2011
5616,5787,1499,0.981,2011,2010,2011
4904,5820,5447,1,2011,2006,2011
3596,5821,5249,0.999,2012,2005,2012
5604,5822,1729,1,2012,2010,2012
5163,5823,5072,0.967,2012,2007,2012
5573,5824,5554,0.999,2011,2009,2011
5517,5825,3093,1,2012,2009,2012
3491,5826,1616,1,2011,2005,2011
5267,5827,4854,0.967,2012,2007,2012
3002,5828,1801,1,2011,2003,2011
3085,5829,3456,1,2012,2004,2012
5195,5830,5591,1,2012,2008,2012
3086,5831,1499,0.653,2012,2004,2012
1707,5832,1731,0.999,2012,2001,2012
3490,5833,3087,1,2011,2005,2011
5267,5834,3093,1,2012,2007,2012
5164,5835,2966,1,2011,2007,2011
5284,5837,5539,1,2011,2008,2011
5128,5838,5583,1,2012,2007,2012
1824,5839,5679,1,2012,2003,2012
3698,5840,1489,1,2012,2004,2012
1826,5841,1499,0.757,2012,2003,2012
3595,5842,1877,0.999,2012,2005,2012
5125,5843,5508,1,2012,2007,2012
5683,5844,4854,1,2012,2009,2012
3491,5846,5290,1,2012,2005,2012
5598,5847,5249,1,2010,2009,2010
5195,5848,1881,1,2012,2008,2012
5123,5849,1577,1,2012,2007,2012
3596,5850,5249,1,2012,2005,2012
5518,5851,5456,1,2012,2009,2012
1580,5852,3643,1,2012,2000,2012
4958,5853,1710,0.995,2012,2006,2012
5549,5854,5522,0.997,2012,2009,2012
5549,5855,5522,1,2012,2009,2012
3453,5901,,0.667,2012,2004,2012
5212,5902,5559,1,2012,2008,2012
1716,5903,4872,0.915,2012,2002,2012
5277,5904,5776,1,2012,2008,2012
5465,5905,5235,1,2012,2009,2012
4885,5906,5338,1,2012,2006,2012
5589,5907,5275,0.978,2012,2010,2012
5634,5908,5291,1,2012,2010,2012
1707,5909,1710,1,2012,2001,2012
4958,6009,5626,1,2013,2006,2013
3094,6010,4972,0.826,2012,2004,2012
5621,6011,1607,1,2012,2010,2012
5845,6012,5249,0.999,2011,2010,2011
5324,6013,1869,0.916,2012,2008,2012
4803,6014,1829,1,2012,2005,2012
5685,6015,5285,1,2012,2011,2012
5683,6016,1750,1,2012,2009,2012
5549,6017,5612,0.999,2011,2009,2011
3086,6018,5828,1,2012,2004,2012
1042,6019,,0.292,2012,1996,2012
3085,6020,1729,1,2012,2004,2012
5514,6021,5321,0.999,2012,2009,2012
5613,6023,5779,1,2012,2009,2012
1864,6024,5333,0.993,2012,2003,2012
5525,6025,5513,0.998,2012,2009,2012
5530,6026,3089,1,2012,2009,2012
1824,6027,5679,1,2012,2003,2012
5284,6028,1762,1,2012,2008,2012
5524,6029,4860,1,2012,2009,2012
5212,6030,5333,1,2012,2008,2012
5596,6031,5249,0.857,2012,2010,2012
5902,6033,5523,0.999,2012,2012,2012
5511,6034,2974,1,2012,2010,2012
6021,6035,5321,0.762,2013,2012,2013
3596,6036,5249,1,2013,2005,2013
3595,6037,5292,1,2013,2005,2013
5536,6038,5837,0.998,2013,2010,2013
1580,6039,3643,1,2013,2000,2013
3567,6041,5285,0.994,2013,2004,2013
4861,6042,5000,1,2013,2006,2013
5640,6043,5321,1,2013,2010,2013
4896,6044,5639,1,2013,2006,2013
5635,6045,5462,1,2013,2011,2013
5635,6046,5595,0.993,2013,2011,2013
1605,6047,5837,1,2013,2000,2013
1678,6048,5291,1,2013,2002,2013
5625,6049,2991,1,2013,2010,2013
3595,6050,5292,1,2013,2005,2013
5277,6051,4933,1,2013,2008,2013
1826,6052,3456,1,2013,2003,2013
5630,6061,2966,1,2012,2011,2012
3002,6062,5456,1,2013,2003,2013
4965,6063,5643,1,2013,2006,2013
3606,6064,5547,1,2014,2005,2014
3462,6065,5590,0.996,2013,2005,2013
3699,6066,1881,0.994,2012,2005,2012
5766,6067,4890,0.997,2013,2011,2013
3518,6069,1869,0.983,2013,2005,2013
5518,6070,2974,1,2013,2009,2013
3085,6136,3456,0.93,2014,2004,2014
5635,6137,5620,1,2014,2011,2014
5589,6138,5559,1,2013,2010,2013
5766,6139,4890,0.998,2014,2011,2014
5625,6140,5820,0.981,2014,2010,2014
1826,6141,5780,1,2014,2003,2014
5604,6142,1607,1,2014,2010,2014
5657,6143,5775,1,2014,2011,2014
5465,6144,5513,0.993,2014,2009,2014
5514,6145,6019,1,2014,2009,2014
5652,6146,1533,1,2014,2010,2014
1707,6147,5822,1,2014,2001,2014
5575,6148,6018,1,2014,2010,2014
1852,6149,4890,0.997,2014,2003,2014
6028,6150,3456,1,2014,2012,2014
4958,6151,1710,1,2014,2006,2014
4958,6152,5626,0.999,2014,2006,2014
5611,6153,5508,1,2014,2010,2014
5514,6154,5321,1,2014,2009,2014
5683,6155,5837,1,2014,2009,2014
5657,6156,5775,1,2014,2011,2014
5598,6157,5077,1,2013,2009,2013
5598,6158,5077,0.999,2014,2009,2014
5212,6159,3643,1,2014,2008,2014
5833,6160,5595,0.998,2014,2011,2014
4896,6161,1881,1,2014,2006,2014
5543,6162,5508,0.999,2014,2010,2014
4896,6163,5639,1,2013,2006,2013
5517,6164,2960,1,2014,2009,2014
6066,6165,1750,1,2014,2012,2014
5452,6166,6029,1,2014,2009,2014
5596,6167,4872,0.997,2014,2010,2014
5608,6168,4872,1,2014,2010,2014
5128,6169,5118,1,2014,2007,2014
5838,6170,5626,0.999,2014,2012,2014
1824,6171,5624,1,2014,2003,2014
5769,6172,5559,0.908,2014,2011,2014
5173,6173,5904,1,2014,2007,2014
5634,6174,4957,1,2014,2010,2014
4904,6175,5283,1,2014,2006,2014
4965,6176,5643,1,2013,2006,2013
5524,6177,4860,1,2014,2009,2014
1857,6178,3087,1,2014,2003,2014
5845,6179,5292,1,2013,2010,2013
3567,6180,5822,1,2014,2004,2014
5162,6181,5077,1,2012,2006,2012
1717,6182,3486,1,2014,2001,2014
3574,6183,5650,1,2014,2005,2014
5518,6184,5456,1,2014,2009,2014
5518,6185,5528,1,2014,2009,2014
4861,6186,5583,1,2014,2006,2014
5282,6187,5462,1,2014,2008,2014
6022,6188,5522,1,2014,2011,2014
3497,6189,5835,1,2013,2005,2013
5842,6190,5333,1,2014,2012,2014
6048,6191,4957,1,2014,2013,2014
6063,6192,5643,0.664,2014,2013,2014
1826,6193,5780,1,2014,2003,2014
5536,6194,1750,0.928,2014,2010,2014
5132,6195,5498,1,2014,2006,2014
5537,6196,5626,1,2013,2009,2013
5195,6197,5764,1,2014,2008,2014
4958,6198,5626,1,2014,2006,2014
5838,6199,5820,1,2014,2012,2014
5596,6200,5292,0.998,2014,2010,2014
5549,6201,5612,1,2014,2009,2014
5613,6202,5522,0.988,2014,2009,2014
3491,6203,5291,1,2014,2005,2014
5641,6204,5776,1,2014,2011,2014
3085,6205,6047,0.999,2014,2004,2014
6061,6206,5547,0.998,2014,2012,2014
5545,6207,5638,1,2014,2010,2014
4917,6208,5847,1,2014,2006,2014
5630,6209,2966,1,2014,2011,2014
5630,6210,2966,1,2014,2011,2014
5683,6211,5620,1,2014,2009,2014
5564,6212,4892,1,2013,2010,2013
5901,6213,5776,1,2014,2012,2014
5641,6214,5612,0.996,2014,2011,2014
3086,6215,2966,1,2014,2004,2014
5514,6216,5522,1,2014,2009,2014
5843,6217,5588,1,2014,2012,2014
5851,6218,1533,1,2014,2012,2014
5212,6219,5559,1,2014,2008,2014
5128,6220,5606,1,2014,2007,2014
5597,6221,5602,1,2014,2010,2014
5530,6222,6026,0.826,2013,2009,2013
3595,6223,6012,0.987,2014,2005,2014
5597,6224,5602,0.999,2014,2010,2014
5641,6225,6019,0.999,2014,2011,2014
5173,6227,6014,1,2014,2007,2014
5277,6228,5522,0.958,2013,2008,2013
6066,6229,1750,1,2014,2012,2014
5750,6230,5847,1,2014,2011,2014
5525,6231,5834,0.699,2014,2009,2014
3608,6233,5834,1,2014,2005,2014
1716,6239,6012,0.922,2014,2002,2014
5543,6240,6033,0.999,2014,2010,2014
5277,6245,5291,0.972,2014,2008,2014
5217,6249,5000,1,2014,2008,2014
5901,6261,5776,1,2014,2012,2014
1707,6267,5626,0.637,2014,2001,2014
5766,6268,4890,0.989,2014,2011,2014
6028,6272,3456,0.961,2014,2012,2014
5625,6273,5626,0.984,2014,2010,2014
5749,6274,5639,0.998,2014,2011,2014
5635,6276,5462,1,2014,2011,2014
5657,6279,1762,1,2014,2011,2014
5630,6281,2966,1,2014,2011,2014
5769,6282,5679,1,2014,2011,2014
4896,6283,5764,1,2014,2006,2014
5575,6284,5820,1,2014,2010,2014
5625,6294,5820,0.999,2014,2010,2014
5842,6297,5333,0.982,2014,2012,2014
5634,6300,4957,1,2014,2010,2014
5277,6306,6051,0.974,2014,2008,2014
5549,6307,5523,0.999,2014,2009,2014
5337,6309,6033,1,2014,2009,2014
5319,6310,5612,1,2014,2008,2014
5128,6311,3486,1,2014,2007,2014
6022,6313,5643,0.981,2014,2011,2014
5833,6314,5559,1,2014,2011,2014
5530,6315,5822,0.999,2014,2009,2014
