"BloodID","TL","BTN","Whodunnit","Objective","PlateID"
"2",0.790434136,"1001","EB",NA,NA
"2",0.790434136,"1001","EB",NA,NA
"801",35.5271848,"578","EB",NA,NA
"801",35.5271848,"578","EB",NA,NA
"2410",200.245399,"105","EB",NA,NA
"2410",200.245399,"105","EB",NA,NA
"3981",432.6381409,"3023","EB",NA,NA
"2214",630.8428455,"164","EB",NA,NA
"2214",630.8428455,"164","EB",NA,NA
"3996",906.5869596,"3044","EB",NA,NA
"3131",1119.360171,"2140","EB",NA,NA
"3886",1231.591674,"2758","EB",NA,NA
"558",1249.942236,"1578","EB",NA,NA
"3768",1297.716261,"2446","EB",NA,NA
"3768",1297.716261,"2446","EB",NA,NA
"3752",1383.540986,"2603","EB",NA,NA
"3808",1412.874318,"2488","EB",NA,NA
"3808",1412.874318,"2488","EB",NA,NA
"3808",1412.874318,"2488","EB",NA,NA
"2513",1413.318636,"31","EB",NA,NA
"3757",1436.017252,"2602","EB",NA,NA
"3746",1475.960783,"2595","EB",NA,NA
"1068",1507.455016,"919","EB",NA,NA
"1068",1507.455016,"919","EB",NA,NA
"2289",1514.240031,"31","EB",NA,NA
"3176",1522.647327,"2185","EB",NA,NA
"190",1544.158627,"1191","EB",NA,NA
"190",1544.158627,"1191","EB",NA,NA
"3995",1544.827457,"3042","EB",NA,NA
"4117",1552.837335,"3222","EB",NA,NA
"3804",1610.937169,"2483","EB",NA,NA
"3804",1610.937169,"2483","EB",NA,NA
"2373",1626.721961,"5","EB",NA,NA
"2373",1626.721961,"5","EB",NA,NA
"3468",1633.777484,"2589","EB",NA,NA
"3966",1636.354849,"3017","EB",NA,NA
"3683",1638.990085,"2386","EB",NA,NA
"4057",1646.563404,"3152","EB",NA,NA
"4312",1655.53579,"3290","EB",NA,NA
"4041",1688.603199,"2963","EB",NA,NA
"4041",1688.603199,"2963","EB",NA,NA
"4041",1688.603199,"2963","EB",NA,NA
"4058",1702.308525,"3153","EB",NA,NA
"2364",1737.35441,"41","EB",NA,NA
"364",1740.529647,"1375","EB",NA,NA
"3158",1755.404004,"2167","EB",NA,NA
"3743",1757.960833,"2590","EB",NA,NA
"899",1763.36923,"690","EB",NA,NA
"4262",1775.50844,"3131","EB",NA,NA
"2463",1794.928617,"153","EB",NA,NA
"3985",1809.127234,"3040","EB",NA,NA
"755",1839.951866,"526","EB",NA,NA
"755",1839.951866,"526","EB",NA,NA
"3906",1840.44913,"2772","EB",NA,NA
"2921",1856.271743,"1881","EB",NA,NA
"2921",1856.271743,"1881","EB",NA,NA
"4027",1858.942874,"2971","EB",NA,NA
"4027",1858.942874,"2971","EB",NA,NA
"4027",1858.942874,"2971","EB",NA,NA
"3889",1892.403742,"2755","EB",NA,NA
"4201",1893.79672,"3093","EB",NA,NA
"3164",2001.639749,"2173","EB",NA,NA
"2950",2021.057476,"1910","EB",NA,NA
"2183",2024.268226,"136","EB",NA,NA
"2183",2024.268226,"136","EB",NA,NA
"3914",2062.25653,"2786","EB",NA,NA
"880",2080.207345,"671","EB",NA,NA
"577",2087.691888,"1597","EB",NA,NA
"577",2087.691888,"1597","EB",NA,NA
"3913",2104.170677,"2783","EB",NA,NA
"3907",2104.256777,"2777","EB",NA,NA
"3907",2104.256777,"2777","EB",NA,NA
"3742",2114.977616,"2587","EB",NA,NA
"3742",2114.977616,"2587","EB",NA,NA
"668",2124.157373,"1688","EB",NA,NA
"157",2133.563179,"1156","EB",NA,NA
"157",2133.563179,"1156","EB",NA,NA
"462",2143.879527,"1475","EB",NA,NA
"3805",2146.169101,"2489","EB",NA,NA
"2926",2172.800691,"1886","EB",NA,NA
"712",2184.140575,"464","EB",NA,NA
"3979",2184.926428,"3031","EB",NA,NA
"794",2205.358579,"571","EB",NA,NA
"794",2205.358579,"571","EB",NA,NA
"2196",2222.318793,"148","EB",NA,NA
"2196",2222.318793,"148","EB",NA,NA
"3962",2227.015909,"3016","EB",NA,NA
"3739",2231.156092,"2592","EB",NA,NA
"4162",2234.606738,"3054","EB",NA,NA
"837",2235.819705,"619","EB",NA,NA
"2336",2241.426447,"16","EB",NA,NA
"2336",2241.426447,"16","EB",NA,NA
"3901",2242.18471,"2771","EB",NA,NA
"3745",2265.665253,"2593","EB",NA,NA
"4053",2268.620618,"3148","EB",NA,NA
"3173",2279.361897,"2182","EB",NA,NA
"3173",2279.361897,"2182","EB",NA,NA
"3749",2279.632785,"2594","EB",NA,NA
"4054",2280.593533,"3145","EB",NA,NA
"4098",2281.026253,"3205","EB",NA,NA
"3568",2284.243599,"2782","EB",NA,NA
"4183",2331.573238,"3079","EB",NA,NA
"152",2350.916171,"1151","EB",NA,NA
"152",2350.916171,"1151","EB",NA,NA
"4213",2351.171129,"3101","EB",NA,NA
"2897",2361.166425,"1857","EB",NA,NA
"463",2362.452928,"1476","EB",NA,NA
"4238",2371.027341,"3111","EB",NA,NA
"2348",2389.521724,"27","EB",NA,NA
"2348",2389.521724,"27","EB",NA,NA
"738",2389.55881,"506","EB",NA,NA
"2203",2435.096103,"154","EB",NA,NA
"2203",2435.096103,"154","EB",NA,NA
"4095",2436.194706,"3188","EB",NA,NA
"2507",2440.481449,"26","EB",NA,NA
"770",2442.932323,"543","EB",NA,NA
"2717",2450.467331,"364","EB",NA,NA
"3820",2457.796274,"2492","EB",NA,NA
"3820",2457.796274,"2492","EB",NA,NA
"2940",2459.728376,"1900","EB",NA,NA
"83",2479.411937,"1082","EB",NA,NA
"2533",2506.99868,"5","EB",NA,NA
"2533",2506.99868,"5","EB",NA,NA
"1072",2508.675056,"922","EB",NA,NA
"88",2509.065871,"1087","EB",NA,NA
"4086",2517.651715,"3179","EB",NA,NA
"3823",2525.919312,"2654","EB",NA,NA
"3975",2531.295495,"3030","EB",NA,NA
"4308",2538.2191,"3291","EB",NA,NA
"2735",2544.698822,"382","EB",NA,NA
"2735",2544.698822,"382","EB",NA,NA
"3987",2555.236221,"3037","EB",NA,NA
"4166",2557.330507,"3065","EB",NA,NA
"3561",2561.774395,"2751","EB",NA,NA
"3755",2565.311942,"2600","EB",NA,NA
"3755",2565.311942,"2600","EB",NA,NA
"3755",2565.311942,"2600","EB",NA,NA
"3844",2577.254791,"2681","EB",NA,NA
"3844",2577.254791,"2681","EB",NA,NA
"876",2582.460022,"667","EB",NA,NA
"4087",2598.005286,"3180","EB",NA,NA
"4087",2598.005286,"3180","EB",NA,NA
"3828",2599.119599,"2650","EB",NA,NA
"4306",2606.719292,"3284","EB",NA,NA
"4306",2606.719292,"3284","EB",NA,NA
"759",2613.080043,"531","EB",NA,NA
"759",2613.080043,"531","EB",NA,NA
"4314",2623.42045,"3289","EB",NA,NA
"4090",2639.147507,"3185","EB",NA,NA
"4186",2639.770672,"3073","EB",NA,NA
"3496",2640.833224,"2480","EB",NA,NA
"3496",2640.833224,"2480","EB",NA,NA
"713",2657.446515,"465","EB",NA,NA
"713",2657.446515,"465","EB",NA,NA
"4271",2661.700334,"3253","EB",NA,NA
"768",2662.6105,"541","EB",NA,NA
"3855",2669.751112,"2703","EB",NA,NA
"3855",2669.751112,"2703","EB",NA,NA
"796",2671.212204,"573","EB",NA,NA
"796",2671.212204,"573","EB",NA,NA
"461",2671.851665,"1473","EB",NA,NA
"3994",2672.57219,"3046","EB",NA,NA
"4300",2673.749291,"3283","EB",NA,NA
"603",2682.255754,"1623","EB",NA,NA
"603",2682.255754,"1623","EB",NA,NA
"914",2689.11164,"705","EB",NA,NA
"3963",2696.064567,"3020","EB",NA,NA
"3788",2696.457076,"2472","EB",NA,NA
"4277",2739.132682,"3245","EB",NA,NA
"3841",2739.884004,"2677","EB",NA,NA
"4128",2740.86563,"3233","EB",NA,NA
"3744",2749.34073,"2588","EB",NA,NA
"4187",2753.790762,"3074","EB",NA,NA
"4000",2758.688554,"2995","EB",NA,NA
"4000",2758.688554,"2995","EB",NA,NA
"3831",2759.954792,"2661","EB",NA,NA
"3831",2759.954792,"2661","EB",NA,NA
"4073",2760.788227,"3166","EB",NA,NA
"1006",2761.03201,"857","EB",NA,NA
"1006",2761.03201,"857","EB",NA,NA
"3919",2768.728087,"2796","EB",NA,NA
"3740",2795.250779,"2591","EB",NA,NA
"4313",2799.384665,"3288","EB",NA,NA
"3228",2803.89946,"2237","EB",NA,NA
"605",2804.073186,"1625","EB",NA,NA
"2911",2809.694117,"1871","EB",NA,NA
"4005",2810.112298,"3138","EB",NA,NA
"3741",2817.252291,"2598","EB",NA,NA
"907",2832.134757,"698","EB",NA,NA
"872",2835.719113,"663","EB",NA,NA
"867",2836.450523,"650","EB",NA,NA
"4071",2836.671674,"3164","EB",NA,NA
"3789",2845.207031,"2481","EB",NA,NA
"4004",2847.285478,"3137","EB",NA,NA
"4013",2856.565331,"3139","EB",NA,NA
"72",2869.54549,"1071","EB",NA,NA
"3697",2875.053466,"2510","EB",NA,NA
"239",2879.494438,"1243","EB",NA,NA
"239",2879.494438,"1243","EB",NA,NA
"4064",2887.234486,"3158","EB",NA,NA
"4091",2890.559607,"3182","EB",NA,NA
"4133",2892.693624,"3238","EB",NA,NA
"2199",2893.551852,"150","EB",NA,NA
"576",2903.370902,"1596","EB",NA,NA
"3341",2906.85477,"2350","EB",NA,NA
"4008",2912.814094,"2991","EB",NA,NA
"4008",2912.814094,"2991","EB",NA,NA
"2300",2914.231833,"41","EB",NA,NA
"3477",2919.198178,"2484","EB",NA,NA
"4063",2921.972121,"3157","EB",NA,NA
"2492",2923.658863,"2","EB",NA,NA
"2492",2923.658863,"2","EB",NA,NA
"2492",2923.658863,"2","EB",NA,NA
"2492",2923.658863,"2","EB",NA,NA
"3881",2925.171456,"2747","EB",NA,NA
"3955",2929.474511,"3005","EB",NA,NA
"3680",2938.182144,"2387","EB",NA,NA
"3866",2941.817093,"2728","EB",NA,NA
"3961",2941.957988,"3018","EB",NA,NA
"4155",2943.864497,"3050","EB",NA,NA
"4155",2943.864497,"3050","EB",NA,NA
"2935",2945.860648,"1895","EB",NA,NA
"3953",2947.193619,"3007","EB",NA,NA
"4165",2949.140572,"3066","EB",NA,NA
"3857",2954.10381,"2710","EB",NA,NA
"683",2958.890919,"1703","EB",NA,NA
"900",2959.955755,"691","EB",NA,NA
"4177",2961.377565,"3067","EB",NA,NA
"3665",2963.034049,"3121","EB",NA,NA
"279",2982.20395,"1283","EB",NA,NA
"448",2984.088163,"1459","EB",NA,NA
"448",2984.088163,"1459","EB",NA,NA
"3856",2984.943881,"2709","EB",NA,NA
"3096",3006.308551,"2105","EB",NA,NA
"4281",3011.705228,"3260","EB",NA,NA
"313",3015.475342,"1317","EB",NA,NA
"4167",3027.940607,"3062","EB",NA,NA
"2383",3029.870925,"6","EB",NA,NA
"2383",3029.870925,"6","EB",NA,NA
"4184",3037.251783,"3080","EB",NA,NA
"4122",3046.503081,"3227","EB",NA,NA
"3922",3046.78418,"2799","EB",NA,NA
"3922",3046.78418,"2799","EB",NA,NA
"3106",3052.459634,"2115","EB",NA,NA
"3867",3053.644452,"2735","EB",NA,NA
"4052",3057.576646,"3147","EB",NA,NA
"4060",3058.753876,"3149","EB",NA,NA
"4110",3060.62223,"3217","EB",NA,NA
"4110",3060.62223,"3217","EB",NA,NA
"4250",3066.80332,"3122","EB",NA,NA
"4135",3078.024648,"3240","EB",NA,NA
"127",3078.657386,"1126","EB",NA,NA
"149",3082.108236,"1148","EB",NA,NA
"149",3082.108236,"1148","EB",NA,NA
"3807",3088.052799,"2486","EB",NA,NA
"3168",3088.145989,"2177","EB",NA,NA
"3168",3088.145989,"2177","EB",NA,NA
"3818",3101.514333,"2499","EB",NA,NA
"3772",3104.515056,"2460","EB",NA,NA
"3772",3104.515056,"2460","EB",NA,NA
"1124",3108.581828,"974","EB",NA,NA
"703",3111.878081,"455","EB",NA,NA
"703",3111.878081,"455","EB",NA,NA
"3767",3142.683768,"2449","EB",NA,NA
"3195",3143.004753,"2204","EB",NA,NA
"3195",3143.004753,"2204","EB",NA,NA
"2345",3144.465246,"24","EB",NA,NA
"2345",3144.465246,"24","EB",NA,NA
"2361",3151.420319,"39","EB",NA,NA
"2361",3151.420319,"39","EB",NA,NA
"3566",3163.912635,"2774","EB",NA,NA
"3912",3164.937242,"2789","EB",NA,NA
"3912",3164.937242,"2789","EB",NA,NA
"3977",3175.959297,"3028","EB",NA,NA
"86",3187.393962,"1085","EB",NA,NA
"4249",3187.773511,"3123","EB",NA,NA
"4049",3194.709681,"2960","EB",NA,NA
"3916",3195.651869,"2785","EB",NA,NA
"288",3199.045204,"1292","EB",NA,NA
"397",3203.914084,"1408","EB",NA,NA
"864",3206.843763,"647","EB",NA,NA
"1023",3211.698312,"874","EB",NA,NA
"2523",3215.950552,"40","EB",NA,NA
"894",3216.369853,"685","EB",NA,NA
"3859",3224.749927,"2727","EB",NA,NA
"3178",3234.741788,"2187","EB",NA,NA
"1814",3236.106998,"2","EB",NA,NA
"4099",3238.46235,"3206","EB",NA,NA
"3846",3243.580094,"2683","EB",NA,NA
"3371",3250.692846,"2376","EB",NA,NA
"3371",3250.692846,"2376","EB",NA,NA
"3371",3250.692846,"2376","EB",NA,NA
"3893",3253.207322,"2768","EB",NA,NA
"3893",3253.207322,"2768","EB",NA,NA
"556",3262.331977,"1576","EB",NA,NA
"484",3267.08762,"1498","EB",NA,NA
"4080",3272.747472,"3173","EB",NA,NA
"3927",3273.647747,"2805","EB",NA,NA
"3927",3273.647747,"2805","EB",NA,NA
"4239",3282.415928,"3110","EB",NA,NA
"4267",3288.48296,"3247","EB",NA,NA
"1012",3288.658861,"863","EB",NA,NA
"1012",3288.658861,"863","EB",NA,NA
"2366",3290.81525,"43","EB",NA,NA
"2366",3290.81525,"43","EB",NA,NA
"3781",3293.733145,"2461","EB",NA,NA
"1005",3301.224112,"856","EB",NA,NA
"4287",3307.051705,"3257","EB",NA,NA
"4070",3312.703126,"3163","EB",NA,NA
"1049",3313.925339,"900","EB",NA,NA
"3689",3317.778467,"2388","EB",NA,NA
"3689",3317.778467,"2388","EB",NA,NA
"3909",3317.890214,"2769","EB",NA,NA
"399",3319.202718,"1410","EB",NA,NA
"399",3319.202718,"1410","EB",NA,NA
"3124",3321.394553,"2133","EB",NA,NA
"3845",3323.8355,"2680","EB",NA,NA
"3845",3323.8355,"2680","EB",NA,NA
"3842",3330.220528,"2678","EB",NA,NA
"4092",3331.078734,"3181","EB",NA,NA
"108",3336.425787,"1107","EB",NA,NA
"3861",3341.890783,"2725","EB",NA,NA
"128",3346.915541,"1127","EB",NA,NA
"912",3347.642266,"703","EB",NA,NA
"3698",3348.036453,"2509","EB",NA,NA
"3698",3348.036453,"2509","EB",NA,NA
"994",3361.774409,"845","EB",NA,NA
"893",3373.682417,"684","EB",NA,NA
"4265",3374.276203,"3263","EB",NA,NA
"940",3392.064052,"731","EB",NA,NA
"4198",3393.243706,"3088","EB",NA,NA
"3964",3399.716369,"3015","EB",NA,NA
"4192",3401.144189,"3083","EB",NA,NA
"871",3407.943039,"662","EB",NA,NA
"46",3416.383898,"1045","EB",NA,NA
"646",3417.83756,"1666","EB",NA,NA
"646",3417.83756,"1666","EB",NA,NA
"4021",3418.433316,"2982","EB",NA,NA
"275",3418.766993,"1279","EB",NA,NA
"286",3421.356779,"1290","EB",NA,NA
"414",3424.379067,"1425","EB",NA,NA
"727",3424.398446,"479","EB",NA,NA
"437",3427.961393,"1448","EB",NA,NA
"3950",3434.227999,"3009","EB",NA,NA
"3827",3446.193225,"2500","EB",NA,NA
"417",3446.374162,"1428","EB",NA,NA
"443",3449.618697,"1454","EB",NA,NA
"995",3465.02593,"846","EB",NA,NA
"323",3468.54771,"1328","EB",NA,NA
"3921",3473.069581,"2800","EB",NA,NA
"3777",3475.451895,"2462","EB",NA,NA
"3777",3475.451895,"2462","EB",NA,NA
"3784",3475.982254,"2471","EB",NA,NA
"3784",3475.982254,"2471","EB",NA,NA
"4464",3477.648939,"3282","EB",NA,NA
"764",3483.370369,"536","EB",NA,NA
"764",3483.370369,"536","EB",NA,NA
"267",3484.281519,"1271","EB",NA,NA
"132",3503.794881,"1131","EB",NA,NA
"627",3507.646859,"1647","EB",NA,NA
"627",3507.646859,"1647","EB",NA,NA
"2589",3508.536995,"208","EB",NA,NA
"3806",3512.266248,"2485","EB",NA,NA
"3806",3512.266248,"2485","EB",NA,NA
"4297",3519.434669,"3279","EB",NA,NA
"650",3537.27117,"1670","EB",NA,NA
"3997",3537.965599,"3043","EB",NA,NA
"4084",3542.603036,"3177","EB",NA,NA
"1028",3543.772075,"879","EB",NA,NA
"3902",3549.486479,"2776","EB",NA,NA
"452",3552.215239,"1463","EB",NA,NA
"2765",3561.793443,"412","EB",NA,NA
"2765",3561.793443,"412","EB",NA,NA
"906",3567.000447,"697","EB",NA,NA
"3835",3567.929266,"2665","EB",NA,NA
"4040",3568.08058,"2962","EB",NA,NA
"4040",3568.08058,"2962","EB",NA,NA
"3854",3572.127494,"2704","EB",NA,NA
"4254",3572.818969,"3128","EB",NA,NA
"1123",3573.644253,"973","EB",NA,NA
"1145",3573.721566,"995","EB",NA,NA
"3156",3581.025934,"2165","EB",NA,NA
"3876",3581.98721,"2741","EB",NA,NA
"870",3583.653042,"661","EB",NA,NA
"4118",3584.99943,"3223","EB",NA,NA
"4118",3584.99943,"3223","EB",NA,NA
"4189",3585.46966,"3076","EB",NA,NA
"892",3592.732529,"683","EB",NA,NA
"3840",3594.679262,"2679","EB",NA,NA
"1025",3595.942718,"876","EB",NA,NA
"4269",3597.400086,"3254","EB",NA,NA
"52",3599.831419,"1051","EB",NA,NA
"52",3599.831419,"1051","EB",NA,NA
"791",3599.933216,"568","EB",NA,NA
"3954",3605.891798,"3003","EB",NA,NA
"3362",3609.053626,"2374","EB",NA,NA
"4190",3615.114478,"3075","EB",NA,NA
"2715",3616.039387,"362","EB",NA,NA
"2333",3617.641808,"13","EB",NA,NA
"2333",3617.641808,"13","EB",NA,NA
"3307",3625.952855,"2316","EB",NA,NA
"879",3636.415507,"670","EB",NA,NA
"3898",3637.222453,"2762","EB",NA,NA
"590",3640.614678,"1610","EB",NA,NA
"590",3640.614678,"1610","EB",NA,NA
"1132",3643.89656,"982","EB",NA,NA
"1132",3643.89656,"982","EB",NA,NA
"883",3645.749774,"674","EB",NA,NA
"4112",3654.464195,"2381","EB",NA,NA
"4112",3654.464195,"2381","EB",NA,NA
"3476",3656.511379,"2475","EB",NA,NA
"233",3663.930555,"1237","EB",NA,NA
"3813",3664.277587,"2502","EB",NA,NA
"3813",3664.277587,"2502","EB",NA,NA
"2623",3671.745462,"243","EB",NA,NA
"3850",3676.188985,"2671","EB",NA,NA
"4065",3677.110699,"3155","EB",NA,NA
"4159",3679.72698,"3049","EB",NA,NA
"913",3682.50251,"704","EB",NA,NA
"642",3683.387933,"1662","EB",NA,NA
"3892",3691.113804,"2763","EB",NA,NA
"1095",3696.55508,"945","EB",NA,NA
"4100",3703.713997,"3207","EB",NA,NA
"1024",3705.491136,"875","EB",NA,NA
"1119",3705.529166,"969","EB",NA,NA
"1119",3705.529166,"969","EB",NA,NA
"1119",3705.529166,"969","EB",NA,NA
"1119",3705.529166,"969","EB",NA,NA
"2549",3706.718632,"64","EB",NA,NA
"2549",3706.718632,"64","EB",NA,NA
"3837",3713.261359,"2669","EB",NA,NA
"3837",3713.261359,"2669","EB",NA,NA
"4068",3717.064787,"3161","EB",NA,NA
"2756",3725.820249,"403","EB",NA,NA
"2731",3728.951787,"378","EB",NA,NA
"2731",3728.951787,"378","EB",NA,NA
"885",3731.441419,"676","EB",NA,NA
"4253",3748.113191,"3126","EB",NA,NA
"3905",3750.883241,"2779","EB",NA,NA
"1013",3756.356266,"864","EB",NA,NA
"137",3756.816652,"1136","EB",NA,NA
"137",3756.816652,"1136","EB",NA,NA
"3474",3758.658802,"2470","EB",NA,NA
"771",3759.550949,"544","EB",NA,NA
"4069",3760.695736,"3162","EB",NA,NA
"1035",3762.314514,"886","EB",NA,NA
"1037",3763.202291,"888","EB",NA,NA
"2898",3765.722008,"1858","EB",NA,NA
"1020",3772.652414,"871","EB",NA,NA
"3325",3775.303201,"2334","EB",NA,NA
"731",3776.22253,"483","EB",NA,NA
"623",3780.189122,"1643","EB",NA,NA
"493",3784.848875,"1509","EB",NA,NA
"3965",3790.175845,"3019","EB",NA,NA
"4102",3795.554882,"3209","EB",NA,NA
"4302",3798.022472,"3275","EB",NA,NA
"3786",3801.187903,"2474","EB",NA,NA
"3917",3803.405906,"2788","EB",NA,NA
"2699",3823.130339,"346","EB",NA,NA
"853",3825.789413,"636","EB",NA,NA
"174",3839.52042,"1174","EB",NA,NA
"174",3839.52042,"1174","EB",NA,NA
"4116",3842.554001,"3221","EB",NA,NA
"531",3850.685139,"1547","EB",NA,NA
"533",3851.721396,"1549","EB",NA,NA
"3382",3854.750428,"2377","EB",NA,NA
"714",3862.562124,"466","EB",NA,NA
"3839",3867.008702,"2674","EB",NA,NA
"4258",3868.681209,"3129","EB",NA,NA
"2917",3875.305908,"1877","EB",NA,NA
"943",3877.170458,"734","EB",NA,NA
"943",3877.170458,"734","EB",NA,NA
"231",3883.374374,"1235","EB",NA,NA
"789",3883.469791,"566","EB",NA,NA
"4132",3898.963046,"3237","EB",NA,NA
"2720",3900.347587,"367","EB",NA,NA
"4260",3904.42479,"3133","EB",NA,NA
"744",3908.419914,"513","EB",NA,NA
"147",3909.820007,"1146","EB",NA,NA
"3369",3913.916141,"2369","EB",NA,NA
"3773",3915.042601,"2467","EB",NA,NA
"3773",3915.042601,"2467","EB",NA,NA
"3773",3915.042601,"2467","EB",NA,NA
"3773",3915.042601,"2467","EB",NA,NA
"263",3920.131853,"1267","EB",NA,NA
"4074",3920.148045,"3167","EB",NA,NA
"2848",3920.672275,"1807","EB",NA,NA
"4206",3921.898132,"3095","EB",NA,NA
"758",3925.819638,"530","EB",NA,NA
"3925",3931.680354,"2803","EB",NA,NA
"3222",3939.211185,"2231","EB",NA,NA
"3222",3939.211185,"2231","EB",NA,NA
"526",3950.611503,"1542","EB",NA,NA
"4044",3953.71982,"2956","EB",NA,NA
"3323",3955.679973,"2332","EB",NA,NA
"3184",3958.128997,"2193","EB",NA,NA
"2517",3958.957255,"35","EB",NA,NA
"360",3963.915683,"1371","EB",NA,NA
"3328",3968.783756,"2337","EB",NA,NA
"240",3973.511458,"1244","EB",NA,NA
"240",3973.511458,"1244","EB",NA,NA
"240",3973.511458,"1244","EB",NA,NA
"144",3975.12536,"1143","EB",NA,NA
"1010",3975.837495,"861","EB",NA,NA
"3686",3980.600567,"2395","EB",NA,NA
"3984",3981.762034,"3041","EB",NA,NA
"3984",3981.762034,"3041","EB",NA,NA
"877",3986.457975,"668","EB",NA,NA
"1029",3991.438789,"880","EB",NA,NA
"4199",3992.273716,"3086","EB",NA,NA
"762",3992.296927,"534","EB",NA,NA
"762",3992.296927,"534","EB",NA,NA
"4273",4002.670974,"3255","EB",NA,NA
"467",4002.826131,"1480","EB",NA,NA
"79",4007.392271,"1078","EB",NA,NA
"8",4014.14467,"1007","EB",NA,NA
"2402",4015.945462,"9","EB",NA,NA
"3852",4016.662086,"2692","EB",NA,NA
"792",4020.438907,"569","EB",NA,NA
"87",4037.636385,"1086","EB",NA,NA
"726",4042.960749,"478","EB",NA,NA
"3920",4046.670827,"2797","EB",NA,NA
"4268",4053.422369,"3256","EB",NA,NA
"578",4055.567697,"1598","EB",NA,NA
"3513",4058.128809,"2482","EB",NA,NA
"3358",4060.870276,"2370","EB",NA,NA
"3303",4061.656572,"2312","EB",NA,NA
"276",4067.134885,"1280","EB",NA,NA
"276",4067.134885,"1280","EB",NA,NA
"3908",4069.31434,"2790","EB",NA,NA
"730",4070.003443,"482","EB",NA,NA
"3349",4072.536266,"2358","EB",NA,NA
"591",4074.538759,"1611","EB",NA,NA
"2915",4076.42604,"1875","EB",NA,NA
"4272",4079.080457,"3248","EB",NA,NA
"3347",4082.966846,"2356","EB",NA,NA
"4083",4086.276455,"3176","EB",NA,NA
"4160",4097.603459,"3053","EB",NA,NA
"173",4101.760535,"1173","EB",NA,NA
"776",4102.498274,"549","EB",NA,NA
"4301",4108.754999,"3274","EB",NA,NA
"272",4109.131806,"1276","EB",NA,NA
"2673",4112.407683,"320","EB",NA,NA
"3310",4118.771966,"2319","EB",NA,NA
"3821",4122.581854,"2648","EB",NA,NA
"4215",4130.80812,"3099","EB",NA,NA
"378",4131.381776,"1389","EB",NA,NA
"2803",4138.312784,"1761","EB",NA,NA
"2803",4138.312784,"1761","EB",NA,NA
"2803",4138.312784,"1761","EB",NA,NA
"2803",4138.312784,"1761","EB",NA,NA
"4234",4139.803353,"3109","EB",NA,NA
"1077",4143.363523,"927","EB",NA,NA
"1149",4155.748519,"999","EB",NA,NA
"931",4156.294205,"722","EB",NA,NA
"3357",4159.254071,"2366","EB",NA,NA
"4096",4161.32051,"3189","EB",NA,NA
"3834",4162.643734,"2672","EB",NA,NA
"57",4164.549622,"1056","EB",NA,NA
"260",4171.6073,"1264","EB",NA,NA
"3869",4174.814959,"2729","EB",NA,NA
"4120",4176.114151,"3225","EB",NA,NA
"406",4177.518222,"1417","EB",NA,NA
"3299",4186.715817,"2308","EB",NA,NA
"1859",4188.479739,"7","EB",NA,NA
"4107",4191.930127,"3214","EB",NA,NA
"3825",4194.358557,"2659","EB",NA,NA
"3825",4194.358557,"2659","EB",NA,NA
"4236",4196.341436,"3108","EB",NA,NA
"4105",4198.282657,"3212","EB",NA,NA
"891",4199.208544,"682","EB",NA,NA
"3567",4201.688674,"2780","EB",NA,NA
"3858",4202.266679,"2711","EB",NA,NA
"734",4206.898294,"502","EB",NA,NA
"3199",4208.328697,"2208","EB",NA,NA
"4304",4218.510324,"3276","EB",NA,NA
"4121",4222.929371,"3226","EB",NA,NA
"4188",4230.302335,"3072","EB",NA,NA
"4077",4233.259534,"3170","EB",NA,NA
"3929",4234.825876,"2808","EB",NA,NA
"3748",4241.40615,"2604","EB",NA,NA
"4244",4250.050369,"3117","EB",NA,NA
"4278",4253.759075,"3252","EB",NA,NA
"2933",4257.586508,"1893","EB",NA,NA
"658",4258.473684,"1678","EB",NA,NA
"2543",4262.090896,"59","EB",NA,NA
"3694",4267.920942,"2389","EB",NA,NA
"2197",4269.798101,"149","EB",NA,NA
"2197",4269.798101,"149","EB",NA,NA
"2220",4275.149223,"17","EB",NA,NA
"2220",4275.149223,"17","EB",NA,NA
"835",4279.459508,"617","EB",NA,NA
"772",4282.536197,"545","EB",NA,NA
"669",4286.255399,"1689","EB",NA,NA
"139",4297.44378,"1138","EB",NA,NA
"2442",4305.555252,"134","EB",NA,NA
"3833",4309.419998,"2668","EB",NA,NA
"3833",4309.419998,"2668","EB",NA,NA
"845",4309.946828,"628","EB",NA,NA
"3885",4317.168254,"2760","EB",NA,NA
"737",4319.14085,"505","EB",NA,NA
"737",4319.14085,"505","EB",NA,NA
"2909",4322.057161,"1869","EB",NA,NA
"4294",4322.682528,"3268","EB",NA,NA
"4294",4322.682528,"3268","EB",NA,NA
"284",4323.28391,"1288","EB",NA,NA
"2665",4323.325619,"312","EB",NA,NA
"2665",4323.325619,"312","EB",NA,NA
"482",4326.500371,"1496","EB",NA,NA
"2671",4327.588587,"318","EB",NA,NA
"3747",4332.333653,"2597","EB",NA,NA
"4097",4338.570625,"3190","EB",NA,NA
"3193",4342.839043,"2202","EB",NA,NA
"2424",4347.274934,"118","EB",NA,NA
"4293",4348.414764,"3270","EB",NA,NA
"2244",4348.792784,"191","EB",NA,NA
"2244",4348.792784,"191","EB",NA,NA
"3771",4350.684955,"2463","EB",NA,NA
"2404",4351.190456,"10","EB",NA,NA
"3520",4354.741925,"2660","EB",NA,NA
"136",4355.06107,"1135","EB",NA,NA
"136",4355.06107,"1135","EB",NA,NA
"729",4357.406854,"481","EB",NA,NA
"3150",4360.660727,"2159","EB",NA,NA
"3787",4362.786659,"2473","EB",NA,NA
"720",4363.329033,"472","EB",NA,NA
"2771",4364.419609,"418","EB",NA,NA
"1146",4364.734375,"996","EB",NA,NA
"1066",4370.462765,"917","EB",NA,NA
"3824",4374.814219,"2655","EB",NA,NA
"3824",4374.814219,"2655","EB",NA,NA
"1087",4375.170228,"937","EB",NA,NA
"4208",4381.996353,"3097","EB",NA,NA
"992",4382.103077,"843","EB",NA,NA
"992",4382.103077,"843","EB",NA,NA
"897",4385.455345,"688","EB",NA,NA
"3951",4386.923483,"3002","EB",NA,NA
"888",4390.693853,"679","EB",NA,NA
"1836",4395.595338,"4","EB",NA,NA
"63",4397.871551,"1062","EB",NA,NA
"63",4397.871551,"1062","EB",NA,NA
"63",4397.871551,"1062","EB",NA,NA
"4126",4399.025858,"3231","EB",NA,NA
"2752",4399.479332,"399","EB",NA,NA
"2752",4399.479332,"399","EB",NA,NA
"3635",4410.271543,"3084","EB",NA,NA
"1088",4420.598587,"938","EB",NA,NA
"3910",4427.732112,"2787","EB",NA,NA
"1080",4428.101419,"930","EB",NA,NA
"81",4429.970106,"1080","EB",NA,NA
"926",4433.694296,"717","EB",NA,NA
"4285",4434.837609,"3264","EB",NA,NA
"704",4436.664008,"456","EB",NA,NA
"774",4439.601054,"547","EB",NA,NA
"774",4439.601054,"547","EB",NA,NA
"2515",4439.633179,"33","EB",NA,NA
"3185",4444.211551,"2194","EB",NA,NA
"2224",4449.926386,"173","EB",NA,NA
"98",4450.172378,"1097","EB",NA,NA
"244",4455.823195,"1248","EB",NA,NA
"244",4455.823195,"1248","EB",NA,NA
"3884",4460.207446,"2750","EB",NA,NA
"3129",4460.972474,"2138","EB",NA,NA
"95",4461.816601,"1094","EB",NA,NA
"751",4466.360681,"522","EB",NA,NA
"751",4466.360681,"522","EB",NA,NA
"820",4468.500373,"598","EB",NA,NA
"820",4468.500373,"598","EB",NA,NA
"3843",4471.259911,"2676","EB",NA,NA
"1128",4474.220817,"978","EB",NA,NA
"916",4480.382196,"707","EB",NA,NA
"143",4481.35467,"1142","EB",NA,NA
"1043",4485.0614,"894","EB",NA,NA
"838",4486.186402,"620","EB",NA,NA
"474",4496.384558,"1487","EB",NA,NA
"2547",4497.025717,"62","EB",NA,NA
"2547",4497.025717,"62","EB",NA,NA
"2910",4502.864991,"1870","EB",NA,NA
"1027",4503.359285,"878","EB",NA,NA
"3879",4505.460527,"2743","EB",NA,NA
"69",4510.6671,"1068","EB",NA,NA
"3210",4511.53142,"2219","EB",NA,NA
"3958",4511.680422,"3013","EB",NA,NA
"2708",4512.660243,"355","EB",NA,NA
"2708",4512.660243,"355","EB",NA,NA
"2465",4517.775508,"155","EB",NA,NA
"609",4518.511921,"1629","EB",NA,NA
"4279",4520.295028,"3258","EB",NA,NA
"915",4520.43923,"706","EB",NA,NA
"920",4523.408629,"711","EB",NA,NA
"3829",4523.78118,"2663","EB",NA,NA
"3116",4524.732579,"2125","EB",NA,NA
"2602",4526.847011,"222","EB",NA,NA
"2602",4526.847011,"222","EB",NA,NA
"2602",4526.847011,"222","EB",NA,NA
"2602",4526.847011,"222","EB",NA,NA
"65",4542.172974,"1064","EB",NA,NA
"2285",4542.548694,"28","EB",NA,NA
"2285",4542.548694,"28","EB",NA,NA
"382",4554.01567,"1393","EB",NA,NA
"379",4561.743003,"1390","EB",NA,NA
"1030",4563.628801,"881","EB",NA,NA
"4299",4590.415996,"3281","EB",NA,NA
"3657",4592.558551,"3113","EB",NA,NA
"3103",4595.3806,"2112","EB",NA,NA
"4259",4596.936869,"3132","EB",NA,NA
"3819",4597.064343,"2494","EB",NA,NA
"3819",4597.064343,"2494","EB",NA,NA
"2813",4600.237196,"1771","EB",NA,NA
"855",4606.849736,"638","EB",NA,NA
"2712",4611.020578,"359","EB",NA,NA
"2712",4611.020578,"359","EB",NA,NA
"589",4614.411927,"1609","EB",NA,NA
"868",4620.541294,"651","EB",NA,NA
"2701",4620.764719,"348","EB",NA,NA
"2701",4620.764719,"348","EB",NA,NA
"3900",4621.407677,"2778","EB",NA,NA
"4076",4622.071788,"3169","EB",NA,NA
"1047",4624.662529,"898","EB",NA,NA
"2895",4625.097521,"1855","EB",NA,NA
"2659",4635.611984,"306","EB",NA,NA
"785",4644.713851,"561","EB",NA,NA
"785",4644.713851,"561","EB",NA,NA
"566",4645.869182,"1586","EB",NA,NA
"121",4655.11388,"1120","EB",NA,NA
"2421",4655.230841,"115","EB",NA,NA
"192",4664.370492,"1193","EB",NA,NA
"4115",4670.276795,"3220","EB",NA,NA
"3356",4671.175865,"2365","EB",NA,NA
"373",4671.689028,"1384","EB",NA,NA
"64",4677.002479,"1063","EB",NA,NA
"887",4678.710503,"678","EB",NA,NA
"2928",4679.006023,"1888","EB",NA,NA
"905",4683.493246,"696","EB",NA,NA
"3868",4683.954028,"2733","EB",NA,NA
"4109",4685.639578,"3216","EB",NA,NA
"3334",4687.484753,"2343","EB",NA,NA
"393",4688.276912,"1404","EB",NA,NA
"393",4688.276912,"1404","EB",NA,NA
"719",4688.776601,"471","EB",NA,NA
"1127",4689.791176,"977","EB",NA,NA
"2594",4689.809025,"213","EB",NA,NA
"3779",4691.403909,"2477","EB",NA,NA
"2656",4691.698477,"303","EB",NA,NA
"2656",4691.698477,"303","EB",NA,NA
"702",4695.034816,"454","EB",NA,NA
"1057",4696.737263,"908","EB",NA,NA
"3894",4702.694296,"2764","EB",NA,NA
"807",4703.494377,"585","EB",NA,NA
"3957",4705.612519,"3011","EB",NA,NA
"394",4710.871185,"1405","EB",NA,NA
"394",4710.871185,"1405","EB",NA,NA
"633",4712.54931,"1653","EB",NA,NA
"3215",4712.71535,"2224","EB",NA,NA
"3215",4712.71535,"2224","EB",NA,NA
"2597",4715.465096,"216","EB",NA,NA
"852",4716.159749,"635","EB",NA,NA
"767",4717.619604,"540","EB",NA,NA
"767",4717.619604,"540","EB",NA,NA
"428",4720.387015,"1439","EB",NA,NA
"4275",4746.921424,"3250","EB",NA,NA
"3313",4747.616471,"2322","EB",NA,NA
"2741",4750.448136,"388","EB",NA,NA
"2741",4750.448136,"388","EB",NA,NA
"4047",4755.332563,"2958","EB",NA,NA
"4047",4755.332563,"2958","EB",NA,NA
"61",4768.188202,"1060","EB",NA,NA
"3967",4769.34332,"3012","EB",NA,NA
"3691",4770.588739,"2391","EB",NA,NA
"3662",4773.174023,"3112","EB",NA,NA
"2604",4775.345123,"224","EB",NA,NA
"2746",4781.609328,"393","EB",NA,NA
"3847",4796.196067,"2685","EB",NA,NA
"4214",4797.103739,"3102","EB",NA,NA
"4050",4799.175853,"3143","EB",NA,NA
"833",4805.775068,"614","EB",NA,NA
"4175",4806.611307,"3069","EB",NA,NA
"2514",4820.042102,"32","EB",NA,NA
"753",4829.13382,"524","EB",NA,NA
"753",4829.13382,"524","EB",NA,NA
"3928",4832.179797,"2806","EB",NA,NA
"2736",4844.947805,"383","EB",NA,NA
"2736",4844.947805,"383","EB",NA,NA
"172",4845.069952,"1172","EB",NA,NA
"3232",4863.073661,"2241","EB",NA,NA
"3974",4863.458486,"3033","EB",NA,NA
"3095",4864.670484,"2104","EB",NA,NA
"158",4873.605797,"1157","EB",NA,NA
"921",4877.09704,"712","EB",NA,NA
"3774",4877.243015,"2464","EB",NA,NA
"256",4879.07881,"1260","EB",NA,NA
"3863",4888.456196,"2726","EB",NA,NA
"277",4893.096428,"1281","EB",NA,NA
"496",4894.327088,"1512","EB",NA,NA
"3814",4900.467454,"2498","EB",NA,NA
"3814",4900.467454,"2498","EB",NA,NA
"2768",4932.08924,"415","EB",NA,NA
"2892",4934.340934,"1852","EB",NA,NA
"4075",4947.232654,"3168","EB",NA,NA
"873",4952.382652,"664","EB",NA,NA
"2900",4955.442044,"1860","EB",NA,NA
"3151",4955.641592,"2160","EB",NA,NA
"996",4955.89396,"847","EB",NA,NA
"2802",4957.575229,"1760","EB",NA,NA
"322",4968.475452,"1326","EB",NA,NA
"322",4968.475452,"1326","EB",NA,NA
"754",4970.934784,"525","EB",NA,NA
"754",4970.934784,"525","EB",NA,NA
"2577",4972.124227,"9","EB",NA,NA
"3157",4981.613915,"2166","EB",NA,NA
"784",4982.720574,"560","EB",NA,NA
"2709",4982.75857,"356","EB",NA,NA
"2709",4982.75857,"356","EB",NA,NA
"3816",4983.096787,"2503","EB",NA,NA
"3983",4983.553427,"3026","EB",NA,NA
"3890",4987.213223,"2753","EB",NA,NA
"775",4992.893987,"548","EB",NA,NA
"124",4993.43478,"1123","EB",NA,NA
"357",4996.920858,"1368","EB",NA,NA
"3918",4999.03045,"2793","EB",NA,NA
"862",5004.263352,"645","EB",NA,NA
"1089",5005.491781,"939","EB",NA,NA
"2344",5005.817982,"23","EB",NA,NA
"3815",5013.540868,"2501","EB",NA,NA
"878",5019.359287,"669","EB",NA,NA
"4014",5019.513463,"3142","EB",NA,NA
"2938",5021.969175,"1898","EB",NA,NA
"380",5022.474333,"1391","EB",NA,NA
"145",5023.98414,"1144","EB",NA,NA
"486",5026.066552,"1500","EB",NA,NA
"1076",5026.457725,"926","EB",NA,NA
"1076",5026.457725,"926","EB",NA,NA
"299",5029.118081,"1303","EB",NA,NA
"90",5031.315751,"1089","EB",NA,NA
"90",5031.315751,"1089","EB",NA,NA
"866",5033.977712,"649","EB",NA,NA
"1039",5041.496171,"890","EB",NA,NA
"375",5042.340808,"1386","EB",NA,NA
"375",5042.340808,"1386","EB",NA,NA
"639",5043.779744,"1659","EB",NA,NA
"839",5045.110657,"621","EB",NA,NA
"732",5045.932068,"484","EB",NA,NA
"4229",5049.609492,"3106","EB",NA,NA
"4055",5050.557369,"3146","EB",NA,NA
"217",5052.289946,"1220","EB",NA,NA
"217",5052.289946,"1220","EB",NA,NA
"217",5052.289946,"1220","EB",NA,NA
"2772",5056.215452,"419","EB",NA,NA
"3832",5056.994124,"2667","EB",NA,NA
"2700",5058.794705,"347","EB",NA,NA
"2845",5063.767898,"1804","EB",NA,NA
"3099",5067.844462,"2108","EB",NA,NA
"110",5070.18319,"1109","EB",NA,NA
"3754",5077.636192,"2434","EB",NA,NA
"4134",5080.533369,"3239","EB",NA,NA
"3864",5082.738059,"2731","EB",NA,NA
"3126",5084.750716,"2135","EB",NA,NA
"3126",5084.750716,"2135","EB",NA,NA
"2419",5089.926616,"113","EB",NA,NA
"752",5092.281852,"523","EB",NA,NA
"752",5092.281852,"523","EB",NA,NA
"631",5100.431831,"1651","EB",NA,NA
"1003",5105.117925,"854","EB",NA,NA
"1821",5107.429184,"26","EB",NA,NA
"160",5107.577873,"1159","EB",NA,NA
"2412",5122.612161,"107","EB",NA,NA
"4108",5127.406422,"3215","EB",NA,NA
"895",5137.591074,"686","EB",NA,NA
"270",5137.950821,"1274","EB",NA,NA
"2511",5140.825078,"3","EB",NA,NA
"698",5141.143927,"450","EB",NA,NA
"2697",5142.976813,"344","EB",NA,NA
"2697",5142.976813,"344","EB",NA,NA
"858",5148.228635,"641","EB",NA,NA
"534",5149.12553,"1550","EB",NA,NA
"4315",5156.373219,"3286","EB",NA,NA
"3092",5158.757509,"2101","EB",NA,NA
"3092",5158.757509,"2101","EB",NA,NA
"3152",5164.390843,"2161","EB",NA,NA
"3563",5172.011638,"2765","EB",NA,NA
"3563",5172.011638,"2765","EB",NA,NA
"540",5172.742612,"1556","EB",NA,NA
"611",5187.382001,"1631","EB",NA,NA
"850",5193.572124,"633","EB",NA,NA
"3188",5196.734574,"2197","EB",NA,NA
"3134",5200.876535,"2143","EB",NA,NA
"581",5202.954854,"1601","EB",NA,NA
"766",5207.280168,"539","EB",NA,NA
"125",5209.683867,"1124","EB",NA,NA
"125",5209.683867,"1124","EB",NA,NA
"3770",5216.823764,"2458","EB",NA,NA
"3770",5216.823764,"2458","EB",NA,NA
"216",5217.219409,"1219","EB",NA,NA
"1021",5219.27059,"872","EB",NA,NA
"927",5221.106257,"718","EB",NA,NA
"3378",5221.543431,"2367","EB",NA,NA
"3138",5228.425291,"2147","EB",NA,NA
"481",5229.385237,"1495","EB",NA,NA
"2852",5235.403915,"1811","EB",NA,NA
"436",5236.670328,"1447","EB",NA,NA
"436",5236.670328,"1447","EB",NA,NA
"2664",5238.793964,"311","EB",NA,NA
"3896",5244.216998,"2756","EB",NA,NA
"2931",5254.385522,"1891","EB",NA,NA
"2443",5261.49184,"135","EB",NA,NA
"2539",5261.49184,"55","EB",NA,NA
"3110",5264.168249,"2119","EB",NA,NA
"58",5266.724854,"1057","EB",NA,NA
"141",5270.060766,"1140","EB",NA,NA
"96",5272.004147,"1095","EB",NA,NA
"4289",5298.344103,"3244","EB",NA,NA
"4303",5303.916501,"3277","EB",NA,NA
"2411",5304.83781,"106","EB",NA,NA
"2411",5304.83781,"106","EB",NA,NA
"2537",5305.791274,"53","EB",NA,NA
"3887",5306.177783,"2757","EB",NA,NA
"2913",5311.588687,"1873","EB",NA,NA
"2622",5311.881493,"242","EB",NA,NA
"4283",5314.016659,"3259","EB",NA,NA
"4283",5314.016659,"3259","EB",NA,NA
"619",5314.615857,"1639","EB",NA,NA
"109",5315.767929,"1108","EB",NA,NA
"3853",5318.034396,"2690","EB",NA,NA
"2692",5326.269242,"339","EB",NA,NA
"433",5327.466889,"1444","EB",NA,NA
"189",5330.770924,"1190","EB",NA,NA
"3386",5335.346607,"2382","EB",NA,NA
"1117",5344.223394,"967","EB",NA,NA
"1004",5349.830925,"855","EB",NA,NA
"679",5354.12959,"1699","EB",NA,NA
"1017",5354.614863,"868","EB",NA,NA
"254",5366.001619,"1258","EB",NA,NA
"261",5370.717742,"1265","EB",NA,NA
"2695",5374.405923,"342","EB",NA,NA
"4248",5375.107027,"3119","EB",NA,NA
"3790",5375.82695,"2478","EB",NA,NA
"1079",5376.048335,"929","EB",NA,NA
"2764",5380.398244,"411","EB",NA,NA
"2764",5380.398244,"411","EB",NA,NA
"672",5383.221267,"1692","EB",NA,NA
"707",5386.571022,"459","EB",NA,NA
"102",5386.913452,"1101","EB",NA,NA
"3339",5389.597238,"2348","EB",NA,NA
"2660",5390.535099,"307","EB",NA,NA
"4284",5396.866974,"3266","EB",NA,NA
"740",5397.887695,"509","EB",NA,NA
"740",5397.887695,"509","EB",NA,NA
"2403",5399.239015,"1","EB",NA,NA
"1002",5399.711588,"853","EB",NA,NA
"1091",5407.558955,"941","EB",NA,NA
"117",5410.470711,"1116","EB",NA,NA
"111",5425.344885,"1110","EB",NA,NA
"3811",5426.90325,"2496","EB",NA,NA
"2657",5429.841576,"304","EB",NA,NA
"252",5430.469587,"1256","EB",NA,NA
"925",5445.298675,"716","EB",NA,NA
"1061",5445.811574,"912","EB",NA,NA
"3296",5448.875212,"2305","EB",NA,NA
"1108",5453.145733,"958","EB",NA,NA
"3838",5463.029709,"2675","EB",NA,NA
"3822",5463.362024,"2657","EB",NA,NA
"600",5479.729023,"1620","EB",NA,NA
"3633",5483.880378,"3082","EB",NA,NA
"861",5495.289044,"644","EB",NA,NA
"745",5500.587308,"514","EB",NA,NA
"2901",5500.674938,"1861","EB",NA,NA
"2559",5502.137178,"73","EB",NA,NA
"2331",5511.947765,"11","EB",NA,NA
"595",5515.34621,"1615","EB",NA,NA
"292",5521.84429,"1296","EB",NA,NA
"3163",5548.544729,"2172","EB",NA,NA
"3145",5556.091667,"2154","EB",NA,NA
"993",5559.98471,"844","EB",NA,NA
"3809",5560.824978,"2479","EB",NA,NA
"3809",5560.824978,"2479","EB",NA,NA
"2581",5566.825008,"93","EB",NA,NA
"1139",5570.8422,"989","EB",NA,NA
"2295",5571.647007,"37","EB",NA,NA
"2295",5571.647007,"37","EB",NA,NA
"3750",5572.052244,"2599","EB",NA,NA
"641",5596.393682,"1661","EB",NA,NA
"597",5626.31962,"1617","EB",NA,NA
"2553",5627.138305,"68","EB",NA,NA
"860",5627.404167,"643","EB",NA,NA
"898",5627.952112,"689","EB",NA,NA
"56",5652.338559,"1055","EB",NA,NA
"3230",5654.366828,"2239","EB",NA,NA
"115",5667.995791,"1114","EB",NA,NA
"115",5667.995791,"1114","EB",NA,NA
"115",5667.995791,"1114","EB",NA,NA
"2491",5673.98091,"19","EB",NA,NA
"3093",5675.34856,"2102","EB",NA,NA
"178",5680.19772,"1178","EB",NA,NA
"401",5682.238058,"1412","EB",NA,NA
"401",5682.238058,"1412","EB",NA,NA
"401",5682.238058,"1412","EB",NA,NA
"480",5691.524094,"1494","EB",NA,NA
"480",5691.524094,"1494","EB",NA,NA
"3121",5713.98978,"2130","EB",NA,NA
"2415",5716.853173,"11","EB",NA,NA
"3133",5717.038586,"2142","EB",NA,NA
"3133",5717.038586,"2142","EB",NA,NA
"1121",5727.945175,"971","EB",NA,NA
"903",5733.768345,"694","EB",NA,NA
"3666",5736.431158,"3124","EB",NA,NA
"3836",5743.9819,"2673","EB",NA,NA
"4305",5757.437764,"3278","EB",NA,NA
"2704",5762.495377,"351","EB",NA,NA
"2704",5762.495377,"351","EB",NA,NA
"3651",5763.331961,"3100","EB",NA,NA
"446",5768.907663,"1457","EB",NA,NA
"376",5771.699366,"1387","EB",NA,NA
"2239",5776.396121,"187","EB",NA,NA
"2239",5776.396121,"187","EB",NA,NA
"3211",5779.802495,"2220","EB",NA,NA
"3211",5779.802495,"2220","EB",NA,NA
"351",5783.079889,"1362","EB",NA,NA
"238",5785.925719,"1242","EB",NA,NA
"3101",5791.132559,"2110","EB",NA,NA
"3101",5791.132559,"2110","EB",NA,NA
"2766",5797.173684,"413","EB",NA,NA
"2766",5797.173684,"413","EB",NA,NA
"3140",5798.675844,"2149","EB",NA,NA
"844",5815.908999,"627","EB",NA,NA
"191",5827.024769,"1192","EB",NA,NA
"2490",5833.358099,"18","EB",NA,NA
"2691",5836.679619,"338","EB",NA,NA
"235",5845.621493,"1239","EB",NA,NA
"2564",5851.456421,"78","EB",NA,NA
"2529",5851.73795,"46","EB",NA,NA
"555",5853.849578,"1575","EB",NA,NA
"555",5853.849578,"1575","EB",NA,NA
"555",5853.849578,"1575","EB",NA,NA
"2561",5863.509833,"75","EB",NA,NA
"2223",5866.929404,"172","EB",NA,NA
"2222",5891.231273,"171","EB",NA,NA
"2222",5891.231273,"171","EB",NA,NA
"3849",5905.021256,"2686","EB",NA,NA
"2606",5906.179613,"226","EB",NA,NA
"2567",5908.504682,"80","EB",NA,NA
"3682",5910.278958,"2368","EB",NA,NA
"710",5910.453961,"462","EB",NA,NA
"1122",5912.054215,"972","EB",NA,NA
"2743",5915.816349,"390","EB",NA,NA
"2743",5915.816349,"390","EB",NA,NA
"4290",5922.044772,"3246","EB",NA,NA
"271",5927.596653,"1275","EB",NA,NA
"2568",5932.795916,"81","EB",NA,NA
"3143",5942.68386,"2152","EB",NA,NA
"3143",5942.68386,"2152","EB",NA,NA
"2614",5944.401376,"234","EB",NA,NA
"831",5950.47747,"612","EB",NA,NA
"3329",5968.454585,"2338","EB",NA,NA
"60",5989.333392,"1059","EB",NA,NA
"3169",5990.099868,"2178","EB",NA,NA
"3169",5990.099868,"2178","EB",NA,NA
"3149",5993.724599,"2158","EB",NA,NA
"1018",5994.699845,"869","EB",NA,NA
"2516",6001.71401,"34","EB",NA,NA
"4191",6007.78927,"3081","EB",NA,NA
"3381",6008.562412,"2378","EB",NA,NA
"3882",6027.730578,"2746","EB",NA,NA
"3882",6027.730578,"2746","EB",NA,NA
"3882",6027.730578,"2746","EB",NA,NA
"598",6045.773456,"1618","EB",NA,NA
"728",6046.713797,"480","EB",NA,NA
"2436",6056.211031,"129","EB",NA,NA
"928",6063.177542,"719","EB",NA,NA
"4320",6064.781838,"3285","EB",NA,NA
"4316",6065.060779,"3287","EB",NA,NA
"3200",6072.496748,"2209","EB",NA,NA
"1062",6073.90344,"913","EB",NA,NA
"2420",6092.823134,"114","EB",NA,NA
"118",6093.985419,"1117","EB",NA,NA
"59",6096.903673,"1058","EB",NA,NA
"2806",6102.611489,"1764","EB",NA,NA
"3217",6106.165923,"2226","EB",NA,NA
"2628",6111.824651,"248","EB",NA,NA
"381",6121.771567,"1392","EB",NA,NA
"2751",6126.649337,"398","EB",NA,NA
"2751",6126.649337,"398","EB",NA,NA
"3202",6134.809332,"2211","EB",NA,NA
"4274",6140.804701,"3249","EB",NA,NA
"757",6142.734526,"529","EB",NA,NA
"757",6142.734526,"529","EB",NA,NA
"2811",6143.961998,"1769","EB",NA,NA
"2811",6143.961998,"1769","EB",NA,NA
"859",6144.62888,"642","EB",NA,NA
"1141",6153.566004,"991","EB",NA,NA
"2376",6154.592068,"53","EB",NA,NA
"3198",6162.419134,"2207","EB",NA,NA
"2498",6168.816173,"204","EB",NA,NA
"901",6169.065948,"692","EB",NA,NA
"3690",6184.09209,"2401","EB",NA,NA
"3690",6184.09209,"2401","EB",NA,NA
"94",6187.16604,"1093","EB",NA,NA
"179",6189.944592,"1179","EB",NA,NA
"3687",6190.468847,"2397","EB",NA,NA
"3687",6190.468847,"2397","EB",NA,NA
"856",6198.225947,"639","EB",NA,NA
"2666",6216.363315,"313","EB",NA,NA
"2810",6222.467679,"1768","EB",NA,NA
"3862",6238.017314,"2724","EB",NA,NA
"409",6246.38703,"1420","EB",NA,NA
"2520",6259.869304,"38","EB",NA,NA
"2670",6262.853722,"317","EB",NA,NA
"175",6272.416383,"1175","EB",NA,NA
"122",6290.06167,"1121","EB",NA,NA
"4106",6307.241348,"3213","EB",NA,NA
"2598",6319.714486,"218","EB",NA,NA
"407",6331.888199,"1418","EB",NA,NA
"106",6333.778235,"1105","EB",NA,NA
"3782",6341.353868,"2465","EB",NA,NA
"2844",6349.727823,"1803","EB",NA,NA
"2844",6349.727823,"1803","EB",NA,NA
"2853",6365.61782,"1812","EB",NA,NA
"1112",6373.525198,"962","EB",NA,NA
"3196",6376.908401,"2205","EB",NA,NA
"2554",6380.447145,"69","EB",NA,NA
"3873",6394.169245,"2737","EB",NA,NA
"2276",6399.102128,"22","EB",NA,NA
"2276",6399.102128,"22","EB",NA,NA
"3115",6406.278583,"2124","EB",NA,NA
"3888",6408.096761,"2752","EB",NA,NA
"419",6418.204259,"1430","EB",NA,NA
"2426",6422.186459,"12","EB",NA,NA
"3130",6422.266627,"2139","EB",NA,NA
"585",6437.576054,"1605","EB",NA,NA
"3899",6469.229069,"2759","EB",NA,NA
"1009",6474.504046,"860","EB",NA,NA
"2496",6475.362349,"202","EB",NA,NA
"2703",6483.583174,"350","EB",NA,NA
"3895",6486.489871,"2761","EB",NA,NA
"2763",6488.430785,"410","EB",NA,NA
"3385",6489.473118,"2375","EB",NA,NA
"2291",6492.099987,"33","EB",NA,NA
"2291",6492.099987,"33","EB",NA,NA
"2640",6498.160982,"260","EB",NA,NA
"2576",6498.255949,"89","EB",NA,NA
"682",6519.103489,"1702","EB",NA,NA
"2721",6519.415337,"368","EB",NA,NA
"2721",6519.415337,"368","EB",NA,NA
"3160",6527.267789,"2169","EB",NA,NA
"3763",6542.566017,"2450","EB",NA,NA
"3763",6542.566017,"2450","EB",NA,NA
"1069",6550.960825,"920","EB",NA,NA
"1069",6550.960825,"920","EB",NA,NA
"2571",6569.335861,"84","EB",NA,NA
"3971",6578.241201,"3032","EB",NA,NA
"186",6584.161395,"1187","EB",NA,NA
"3091",6593.43821,"2100","EB",NA,NA
"2605",6595.522715,"225","EB",NA,NA
"2518",6595.915388,"36","EB",NA,NA
"1058",6600.880748,"909","EB",NA,NA
"3223",6619.658853,"2232","EB",NA,NA
"3223",6619.658853,"2232","EB",NA,NA
"3672",6626.304293,"2385","EB",NA,NA
"3783",6644.956651,"2469","EB",NA,NA
"1129",6667.196143,"979","EB",NA,NA
"594",6668.081193,"1614","EB",NA,NA
"904",6668.778385,"695","EB",NA,NA
"3865",6675.908139,"2732","EB",NA,NA
"3865",6675.908139,"2732","EB",NA,NA
"3207",6676.308322,"2216","EB",NA,NA
"3207",6676.308322,"2216","EB",NA,NA
"2702",6677.41298,"349","EB",NA,NA
"2624",6689.117121,"244","EB",NA,NA
"3759",6699.396194,"2438","EB",NA,NA
"3759",6699.396194,"2438","EB",NA,NA
"4319",6707.893153,"3292","EB",NA,NA
"3817",6713.418222,"2504","EB",NA,NA
"3817",6713.418222,"2504","EB",NA,NA
"2560",6725.578619,"74","EB",NA,NA
"1105",6769.192368,"955","EB",NA,NA
"2610",6779.569111,"230","EB",NA,NA
"3870",6781.462872,"2734","EB",NA,NA
"769",6784.19466,"542","EB",NA,NA
"3874",6787.899404,"2738","EB",NA,NA
"3978",6797.638596,"3025","EB",NA,NA
"843",6799.280521,"626","EB",NA,NA
"119",6800.850558,"1118","EB",NA,NA
"3780",6802.103021,"2466","EB",NA,NA
"2475",6802.826353,"164","EB",NA,NA
"2689",6807.132417,"336","EB",NA,NA
"475",6820.802268,"1488","EB",NA,NA
"68",6834.255005,"1067","EB",NA,NA
"3778",6838.234945,"2468","EB",NA,NA
"2851",6858.582969,"1810","EB",NA,NA
"2558",6864.028605,"72","EB",NA,NA
"3891",6876.039943,"2766","EB",NA,NA
"411",6886.16637,"1422","EB",NA,NA
"849",6895.080019,"632","EB",NA,NA
"187",6921.336302,"1188","EB",NA,NA
"3915",6927.643841,"2792","EB",NA,NA
"2334",6949.411499,"14","EB",NA,NA
"2893",6949.677687,"1853","EB",NA,NA
"2422",6960.138241,"116","EB",NA,NA
"2422",6960.138241,"116","EB",NA,NA
"2538",6960.138241,"54","EB",NA,NA
"922",6970.957544,"713","EB",NA,NA
"2531",6979.634369,"48","EB",NA,NA
"2618",6982.320947,"238","EB",NA,NA
"2618",6982.320947,"238","EB",NA,NA
"156",6992.391712,"1155","EB",NA,NA
"3810",7022.762315,"2497","EB",NA,NA
"349",7024.900775,"1360","EB",NA,NA
"686",7043.030695,"1708","EB",NA,NA
"1085",7043.395239,"935","EB",NA,NA
"735",7062.961613,"503","EB",NA,NA
"3956",7093.098554,"3000","EB",NA,NA
"3659",7106.666754,"3105","EB",NA,NA
"2418",7110.799418,"112","EB",NA,NA
"2524",7122.992936,"41","EB",NA,NA
"2484",7127.486936,"172","EB",NA,NA
"2484",7127.486936,"172","EB",NA,NA
"2548",7127.486936,"63","EB",NA,NA
"841",7144.37779,"623","EB",NA,NA
"4045",7177.568852,"2961","EB",NA,NA
"4045",7177.568852,"2961","EB",NA,NA
"2575",7191.97329,"88","EB",NA,NA
"4182",7206.179744,"3078","EB",NA,NA
"3187",7209.956474,"2196","EB",NA,NA
"2565",7212.186725,"79","EB",NA,NA
"2556",7220.546928,"70","EB",NA,NA
"1114",7242.247852,"964","EB",NA,NA
"2534",7262.554689,"50","EB",NA,NA
"2804",7285.965225,"1762","EB",NA,NA
"2804",7285.965225,"1762","EB",NA,NA
"2904",7307.134343,"1864","EB",NA,NA
"1074",7314.2269,"924","EB",NA,NA
"924",7341.045538,"715","EB",NA,NA
"1014",7381.840933,"865","EB",NA,NA
"2759",7383.673002,"406","EB",NA,NA
"2759",7383.673002,"406","EB",NA,NA
"1860",7407.929601,"8","EB",NA,NA
"1860",7407.929601,"8","EB",NA,NA
"4082",7415.102863,"3175","EB",NA,NA
"3146",7443.322277,"2155","EB",NA,NA
"2850",7453.350663,"1809","EB",NA,NA
"2579",7453.882136,"91","EB",NA,NA
"4111",7466.85645,"2380","EB",NA,NA
"4111",7466.85645,"2380","EB",NA,NA
"3880",7468.235877,"2745","EB",NA,NA
"2667",7470.679544,"314","EB",NA,NA
"3097",7472.253071,"2106","EB",NA,NA
"2591",7476.574641,"210","EB",NA,NA
"2905",7517.437937,"1865","EB",NA,NA
"3394",7518.397343,"2384","EB",NA,NA
"3203",7533.914419,"2212","EB",NA,NA
"3191",7560.675365,"2200","EB",NA,NA
"2843",7578.787366,"1802","EB",NA,NA
"2658",7646.45912,"305","EB",NA,NA
"2658",7646.45912,"305","EB",NA,NA
"2676",7662.532776,"323","EB",NA,NA
"2414",7715.181806,"109","EB",NA,NA
"3167",7722.301059,"2176","EB",NA,NA
"3167",7722.301059,"2176","EB",NA,NA
"2194",7764.839059,"146","EB",NA,NA
"3189",7773.140915,"2198","EB",NA,NA
"3189",7773.140915,"2198","EB",NA,NA
"403",7829.947921,"1414","EB",NA,NA
"3753",7842.146275,"2444","EB",NA,NA
"2890",7855.252595,"1850","EB",NA,NA
"4291",7882.253856,"3269","EB",NA,NA
"588",7888.269298,"1608","EB",NA,NA
"804",7937.782962,"581","EB",NA,NA
"2470",7955.657028,"16","EB",NA,NA
"2849",7988.407705,"1808","EB",NA,NA
"1050",8002.78181,"901","EB",NA,NA
"2714",8016.274088,"361","EB",NA,NA
"2714",8016.274088,"361","EB",NA,NA
"2654",8017.14931,"301","EB",NA,NA
"3204",8017.511628,"2213","EB",NA,NA
"4127",8052.364801,"3229","EB",NA,NA
"4056",8052.829714,"3151","EB",NA,NA
"2842",8058.906881,"1801","EB",NA,NA
"2481",8088.013582,"17","EB",NA,NA
"1097",8090.675798,"947","EB",NA,NA
"3293",8096.700546,"2302","EB",NA,NA
"3872",8116.910136,"2739","EB",NA,NA
"997",8135.687644,"848","EB",NA,NA
"1042",8164.430024,"893","EB",NA,NA
"2231",8180.655308,"18","EB",NA,NA
"2231",8180.655308,"18","EB",NA,NA
"211",8198.443847,"1214","EB",NA,NA
"3875",8207.182809,"2742","EB",NA,NA
"4280",8209.49354,"3262","EB",NA,NA
"2535",8210.218408,"51","EB",NA,NA
"3118",8231.187752,"2127","EB",NA,NA
"2371",8253.767451,"48","EB",NA,NA
"2413",8263.587322,"108","EB",NA,NA
"2423",8274.754774,"117","EB",NA,NA
"2680",8283.916793,"327","EB",NA,NA
"2454",8292.461531,"145","EB",NA,NA
"2454",8292.461531,"145","EB",NA,NA
"2546",8292.461531,"61","EB",NA,NA
"799",8336.31678,"576","EB",NA,NA
"799",8336.31678,"576","EB",NA,NA
"709",8370.925673,"461","EB",NA,NA
"1118",8371.699905,"968","EB",NA,NA
"990",8377.178693,"841","EB",NA,NA
"990",8377.178693,"841","EB",NA,NA
"3877",8391.103678,"2740","EB",NA,NA
"2896",8414.127245,"1856","EB",NA,NA
"2713",8489.517156,"360","EB",NA,NA
"2713",8489.517156,"360","EB",NA,NA
"1019",8524.7417,"870","EB",NA,NA
"2681",8525.26534,"328","EB",NA,NA
"3186",8529.178018,"2195","EB",NA,NA
"3388",8544.006517,"2390","EB",NA,NA
"2675",8550.96251,"322","EB",NA,NA
"875",8557.591672,"666","EB",NA,NA
"797",8568.319012,"574","EB",NA,NA
"797",8568.319012,"574","EB",NA,NA
"3848",8588.085924,"2688","EB",NA,NA
"3119",8614.591097,"2128","EB",NA,NA
"2688",8620.598712,"335","EB",NA,NA
"2497",8664.616631,"203","EB",NA,NA
"2805",8697.212947,"1763","EB",NA,NA
"2805",8697.212947,"1763","EB",NA,NA
"2805",8697.212947,"1763","EB",NA,NA
"3162",8716.394792,"2171","EB",NA,NA
"3162",8716.394792,"2171","EB",NA,NA
"372",8727.400565,"1383","EB",NA,NA
"2724",8864.715559,"371","EB",NA,NA
"350",8867.023138,"1361","EB",NA,NA
"2526",8879.895189,"43","EB",NA,NA
"2891",8907.484561,"1851","EB",NA,NA
"2891",8907.484561,"1851","EB",NA,NA
"2891",8907.484561,"1851","EB",NA,NA
"2891",8907.484561,"1851","EB",NA,NA
"788",8910.726754,"565","EB",NA,NA
"788",8910.726754,"565","EB",NA,NA
"2360",8925.439573,"38","EB",NA,NA
"2747",8949.137113,"394","EB",NA,NA
"1103",8966.797997,"953","EB",NA,NA
"2621",9040.224975,"241","EB",NA,NA
"2580",9067.257598,"92","EB",NA,NA
"3830",9072.120203,"2664","EB",NA,NA
"2687",9200.683019,"334","EB",NA,NA
"2193",9225.615405,"145","EB",NA,NA
"2627",9241.140085,"247","EB",NA,NA
"2578",9277.966273,"90","EB",NA,NA
"2582",9302.932701,"94","EB",NA,NA
"795",9318.141394,"572","EB",NA,NA
"2684",9384.630094,"331","EB",NA,NA
"2672",9423.997011,"319","EB",NA,NA
"3172",9459.618918,"2181","EB",NA,NA
"3172",9459.618918,"2181","EB",NA,NA
"2682",9466.933659,"329","EB",NA,NA
"3135",9501.117655,"2144","EB",NA,NA
"2718",9530.626492,"365","EB",NA,NA
"3775",9559.017505,"2445","EB",NA,NA
"3775",9559.017505,"2445","EB",NA,NA
"890",9563.406532,"681","EB",NA,NA
"2369",9578.634951,"46","EB",NA,NA
"999",9587.648098,"850","EB",NA,NA
"1130",9592.900801,"980","EB",NA,NA
"1130",9592.900801,"980","EB",NA,NA
"2522",9624.101415,"4","EB",NA,NA
"2527",9913.747492,"44","EB",NA,NA
"1001",10014.13552,"852","EB",NA,NA
"2626",10017.86595,"246","EB",NA,NA
"2626",10017.86595,"246","EB",NA,NA
"2637",10081.06093,"257","EB",NA,NA
"637",10126.05383,"1657","EB",NA,NA
"637",10126.05383,"1657","EB",NA,NA
"637",10126.05383,"1657","EB",NA,NA
"2847",10172.83792,"1806","EB",NA,NA
"2847",10172.83792,"1806","EB",NA,NA
"2521",10233.75257,"39","EB",NA,NA
"2482",10372.06074,"170","EB",NA,NA
"2663",10405.765,"310","EB",NA,NA
"3878",10428.87294,"2744","EB",NA,NA
"2450",10485.49986,"141","EB",NA,NA
"2450",10485.49986,"141","EB",NA,NA
"2450",10485.49986,"141","EB",NA,NA
"2540",10485.49986,"56","EB",NA,NA
"2593",10516.67599,"212","EB",NA,NA
"782",10617.26069,"556","EB",NA,NA
"1075",10682.51447,"925","EB",NA,NA
"3159",10687.83166,"2168","EB",NA,NA
"3159",10687.83166,"2168","EB",NA,NA
"3159",10687.83166,"2168","EB",NA,NA
"2686",10710.70954,"333","EB",NA,NA
"4288",10768.29039,"3261","EB",NA,NA
"816",10802.44671,"594","EB",NA,NA
"3221",10826.69114,"2230","EB",NA,NA
"2483",10923.51107,"171","EB",NA,NA
"2652",10968.82857,"272","EB",NA,NA
"2652",10968.82857,"272","EB",NA,NA
"2677",10975.75813,"324","EB",NA,NA
"2677",10975.75813,"324","EB",NA,NA
"2552",11012.56594,"67","EB",NA,NA
"2367",11016.85941,"44","EB",NA,NA
"2678",11019.40336,"325","EB",NA,NA
"2417",11187.27619,"111","EB",NA,NA
"2809",11227.67402,"1767","EB",NA,NA
"2809",11227.67402,"1767","EB",NA,NA
"2532",11295.57861,"49","EB",NA,NA
"1011",11342.85234,"862","EB",NA,NA
"1011",11342.85234,"862","EB",NA,NA
"2587",11347.34651,"99","EB",NA,NA
"3144",11383.20863,"2153","EB",NA,NA
"2292",11385.41307,"34","EB",NA,NA
"2292",11385.41307,"34","EB",NA,NA
"2586",11454.58876,"98","EB",NA,NA
"2586",11454.58876,"98","EB",NA,NA
"2742",11549.1732,"389","EB",NA,NA
"2742",11549.1732,"389","EB",NA,NA
"3664",11735.68921,"3120","EB",NA,NA
"2954",11738.29999,"1914","EB",NA,NA
"2685",11924.04431,"332","EB",NA,NA
"814",11963.18521,"592","EB",NA,NA
"2653",14001.95021,"273","EB",NA,NA
"2551",14004.97576,"66","EB",NA,NA
"2551",14004.97576,"66","EB",NA,NA
"3179",14175.29099,"2188","EB",NA,NA
"3179",14175.29099,"2188","EB",NA,NA
"889",14926.56323,"680","EB",NA,NA
"882",15878.93359,"673","EB",NA,NA
"2808",16622.6733,"1766","EB",NA,NA
"2649",17050.92074,"269","EB",NA,NA
"2649",17050.92074,"269","EB",NA,NA
"2646",17621.09645,"266","EB",NA,NA
"2646",17621.09645,"266","EB",NA,NA
"809",19624.11704,"587","EB",NA,NA
"809",19624.11704,"587","EB",NA,NA
"2645",19855.17471,"265","EB",NA,NA
"2645",19855.17471,"265","EB",NA,NA
"815",20064.77626,"593","EB",NA,NA
"806",21885.52482,"583","EB",NA,NA
"3785",115868.9295,"2476","EB",NA,NA
"3785",115868.9295,"2476","EB",NA,NA
"1016",27892.7973884547,"867","EAF","7","46"
"1026",13142.6731159121,"877","EAF","7","28"
"1026",21735.3649920574,"877","EAF","7","46"
"1046",2061.31884554464,"897","EAF","7","44"
"1055",7878.71784055388,"906","EAF","7","25"
"1055",6111.06810987618,"906","EAF","7","26"
"1060",15131.5127944226,"911","EAF","7","39"
"1063",30018.4163797324,"914","EAF","7","32"
"1064",2234.49793590801,"915","EAF","7","35"
"1067",9395.14660394899,"918","EAF","7","36"
"1071",3824.81033645977,"921","EAF","7","23"
"1078",1927.48424225331,"928","EAF","7","28"
"1078",2501.4355554334,"928","EAF","7","44"
"1083",2067.38578700873,"933","EAF","7","30"
"1086",1469.75904507724,"936","EAF","7","37"
"1090",4494.80216440255,"940","EAF","7","35"
"1098",12659.0746281742,"948","EAF","7","33"
"1098",23096.8207457454,"948","EAF","7","34"
"1098",25616.2342152592,"948","EAF","7","43"
"1111",4355.4606070895,"961","EAF","7","35"
"1116",3270.85466481325,"966","EAF","7","27"
"112",3289.64844510824,"1111","EAF","7","33"
"112",6326.45584276581,"1111","EAF","7","34"
"112",5585.10027083957,"1111","EAF","7","43"
"1126",8720.05245798778,"976","EAF","7","28"
"1126",2386.53733282789,"976","EAF","7","45"
"113",4004.62696796703,"1112","EAF","7","27"
"1138",5410.73313696212,"988","EAF","7","40"
"1140",7088.415984584,"990","EAF","7","35"
"1142",3192.74140839619,"992","EAF","7","42"
"1143",6917.79931402381,"993","EAF","7","30"
"1144",6100.43845508692,"994","EAF","7","38"
"134",5902.77782270697,"1133","EAF","7","35"
"138",3809.46675518443,"1137","EAF","7","25"
"138",3457.77496595955,"1137","EAF","7","26"
"146",1961.76370607894,"1145","EAF","7","44"
"1526",13484.6729363968,"141","EAF","7","30"
"153",18222.8071353795,"1152","EAF","7","46"
"176",5684.17055322144,"1176","EAF","7","46"
"177",3987.37135251563,"1177","EAF","7","37"
"180",1697.00985849772,"1180","EAF","7","28"
"180",4207.05319882437,"1180","EAF","7","45"
"188",16231.1663011417,"1189","EAF","7","42"
"2163",2436.49839970552,"118","EAF","7","35"
"2189",5604.31205524189,"141","EAF","7","45"
"2190",21742.3378727855,"142","EAF","7","31"
"2215",11519.1783797872,"165","EAF","7","32"
"2276",5481.92406872304,"22","EAF","7","40"
"2276",4708.18777527016,"22","EAF","7","46"
"2285",7568.95608731038,"28","EAF","7","46"
"2332",8749.43452108984,"12","EAF","7","41"
"2333",9419.35288968738,"13","EAF","7","37"
"2333",6940.0575064044,"13","EAF","7","45"
"234",3501.23321459475,"1238","EAF","7","41"
"2352",6822.56176500003,"30","EAF","7","42"
"2353",11704.8897371301,"31","EAF","7","28"
"2382",3096.28863678113,"59","EAF","7","36"
"2383",3061.20116737518,"6","EAF","7","25"
"2383",2540.46005084804,"6","EAF","7","26"
"2383",14224.038794197,"6","EAF","7","46"
"2388",4341.92830442808,"64","EAF","7","27"
"2392",13751.4613238927,"68","EAF","7","20"
"2392",7427.31468127119,"68","EAF","7","42"
"2408",19490.4247215728,"103","EAF","7","42"
"2444",7921.84960528729,"136","EAF","7","37"
"2455",10106.9241106514,"146","EAF","7","38"
"249",7390.16951023078,"1253","EAF","7","36"
"2493",12875.9037529866,"20","EAF","7","30"
"2504",5071.5822377256,"23","EAF","7","25"
"2504",3735.10555661044,"23","EAF","7","26"
"2508",2517.10239109574,"27","EAF","7","45"
"251",18234.2715163471,"1255","EAF","7","31"
"2569",2275.02937990932,"82","EAF","7","37"
"257",19967.1900593081,"1261","EAF","7","32"
"2585",6486.72058156254,"97","EAF","7","39"
"2600",5790.66125231201,"220","EAF","7","37"
"2616",13506.1441368886,"236","EAF","7","39"
"269",7648.81154762354,"1273","EAF","7","38"
"2709",5699.11854668581,"356","EAF","7","36"
"2712",7056.955766628,"359","EAF","7","36"
"2765",14298.6331529351,"412","EAF","7","37"
"2791",16215.7729423843,"1706","EAF","7","23"
"2946",5999.83038894679,"1906","EAF","7","27"
"2947",20059.0817840255,"1907","EAF","7","39"
"2949",6381.46267143433,"1909","EAF","7","36"
"2952",9844.4738959643,"1912","EAF","7","30"
"2967",9065.03338316646,"1920","EAF","7","38"
"2971",2926.98920424805,"1924","EAF","7","20"
"2973",1670.24368316441,"1926","EAF","7","27"
"2975",12146.1701725087,"1928","EAF","7","36"
"2977",9297.98466879325,"1930","EAF","7","33"
"2977",13320.0481394764,"1930","EAF","7","34"
"2977",17060.1095479099,"1930","EAF","7","43"
"2978",4419.48575172313,"1931","EAF","7","35"
"2979",1545.64606637773,"1932","EAF","7","39"
"2980",7757.53362804199,"1933","EAF","7","38"
"2981",4511.34028020263,"1934","EAF","7","29"
"2982",1218.77767764144,"1935","EAF","7","45"
"2983",5214.70361401498,"1936","EAF","7","41"
"2985",4431.39248940037,"1938","EAF","7","20"
"2986",2171.50299819449,"1939","EAF","7","35"
"3031",23883.4287928136,"1984","EAF","7","20"
"3031",22465.3282136108,"1984","EAF","7","29"
"3090",6722.53641138466,"2099","EAF","7","25"
"3090",6141.86857052555,"2099","EAF","7","26"
"3098",4971.04152687901,"2107","EAF","7","41"
"3102",7578.17678903885,"2111","EAF","7","28"
"3102",11960.1389138942,"2111","EAF","7","44"
"3105",5200.48812337168,"2114","EAF","7","30"
"3112",6980.14145682385,"2121","EAF","7","40"
"3122",7304.92197144002,"2131","EAF","7","32"
"3125",4412.05633021135,"2134","EAF","7","41"
"3127",1587.2058375022,"2136","EAF","7","37"
"3128",1932.18373300754,"2137","EAF","7","29"
"3134",3054.58218474001,"2143","EAF","7","23"
"3136",14156.1758151256,"2145","EAF","7","40"
"3141",9278.37366812465,"2150","EAF","7","23"
"3142",10586.581498123,"2151","EAF","7","29"
"3146",2863.60809546377,"2155","EAF","7","23"
"3154",3390.40906492451,"2163","EAF","7","27"
"3161",8750.6002309242,"2170","EAF","7","36"
"3166",6849.55867030636,"2175","EAF","7","20"
"3166",9783.56557231844,"2175","EAF","7","42"
"318",2986.38108132723,"1322","EAF","7","42"
"3181",8605.99968247023,"2190","EAF","7","37"
"3197",11310.4859967672,"2206","EAF","7","23"
"3201",3741.33667542958,"2210","EAF","7","28"
"3201",12943.5385379355,"2210","EAF","7","44"
"3205",8416.11062256765,"2214","EAF","7","23"
"3212",8656.22624377335,"2221","EAF","7","25"
"3213",3465.51503141409,"2222","EAF","7","25"
"3213",2900.74547279139,"2222","EAF","7","26"
"3214",21626.9845352195,"2223","EAF","7","45"
"3225",4116.47594726486,"2234","EAF","7","23"
"3229",98.4463961200673,"2238","EAF","7","37"
"3231",6584.42491958081,"2240","EAF","7","23"
"3237",2309.12473405007,"2246","EAF","7","40"
"3240",14269.8284288283,"2249","EAF","7","23"
"3241",14282.5212985648,"2250","EAF","7","23"
"3245",6174.04488811116,"2254","EAF","7","23"
"3248",11277.078352203,"2257","EAF","7","23"
"3283",11667.4880027204,"2292","EAF","7","46"
"3288",8307.34296892749,"2297","EAF","7","23"
"3289",4459.21925952179,"2298","EAF","7","33"
"3289",11344.4337673518,"2298","EAF","7","34"
"3289",11903.9809385491,"2298","EAF","7","43"
"3291",6229.50051186927,"2300","EAF","7","41"
"331",6441.03365157212,"1336","EAF","7","20"
"331",5823.96446874651,"1336","EAF","7","37"
"3314",2591.70224764224,"2323","EAF","7","35"
"3344",2724.64706682714,"2353","EAF","7","30"
"3350",13846.682858121,"2359","EAF","7","31"
"3375",26583.1434329018,"2379","EAF","7","39"
"3390",13257.4492017965,"2398","EAF","7","29"
"3471",3167.36798064627,"2455","EAF","7","36"
"3472",4132.57684738409,"2453","EAF","7","37"
"3517",9911.96070845764,"2695","EAF","7","24"
"3518",18434.4223016709,"2658","EAF","7","24"
"352",8721.06852920515,"1363","EAF","7","28"
"352",12768.8146451689,"1363","EAF","7","46"
"3522",13136.6144506462,"2662","EAF","7","24"
"3523",28737.6368199462,"2670","EAF","7","24"
"3524",23683.3888451305,"2666","EAF","7","24"
"3525",9948.88876437426,"2693","EAF","7","24"
"3526",6838.5772122372,"2682","EAF","7","24"
"3527",4894.90282870951,"2684","EAF","7","24"
"3528",5167.16201993732,"2691","EAF","7","24"
"3531",6021.18409339354,"2701","EAF","7","24"
"3532",17792.7521601646,"2687","EAF","7","20"
"3533",4846.05209805139,"2702","EAF","7","24"
"3534",7435.0924492994,"2698","EAF","7","45"
"3535",4716.79779983852,"2697","EAF","7","24"
"3537",8979.70517746038,"2699","EAF","7","24"
"3539",2369.70517175531,"2656","EAF","7","24"
"3540",9047.76711419502,"2713","EAF","7","23"
"3542",15815.4724473927,"2716","EAF","7","24"
"3544",19599.8143793847,"2714","EAF","7","24"
"3545",14889.548168567,"2718","EAF","7","24"
"3546",13496.6186221544,"2719","EAF","7","25"
"3546",11120.7008433667,"2719","EAF","7","26"
"3547",15398.3617115984,"2715","EAF","7","30"
"3548",16501.678635901,"2707","EAF","7","29"
"3549",12830.043330832,"2720","EAF","7","25"
"3549",11602.7451073784,"2720","EAF","7","26"
"3550",8609.80155544656,"2722","EAF","7","27"
"3551",23225.0320483532,"2706","EAF","7","27"
"3552",10973.21171601,"2708","EAF","7","30"
"3553",10244.1775065249,"2721","EAF","7","28"
"3559",4008.99868432628,"2736","EAF","7","29"
"3572",3391.40865554532,"2798","EAF","7","35"
"361",4136.57564976387,"1372","EAF","7","41"
"3618",1671.01495685219,"3063","EAF","7","33"
"3618",3275.38610462509,"3063","EAF","7","34"
"3618",4173.40191193317,"3063","EAF","7","43"
"3622",2092.1699438586,"3068","EAF","7","33"
"3622",3697.43595207167,"3068","EAF","7","34"
"3622",3999.41331931916,"3068","EAF","7","43"
"3624",10888.039853818,"3071","EAF","7","37"
"3688",21784.3204321867,"2399","EAF","7","38"
"3695",1259.02555053691,"2400","EAF","7","32"
"3696",10950.7306210626,"2404","EAF","7","36"
"3699",15690.0770315551,"2403","EAF","7","40"
"3739",6940.72766129182,"2592","EAF","7","38"
"3751",6952.73570348216,"2433","EAF","7","20"
"3756",12939.3474018106,"2440","EAF","7","20"
"3756",6647.05070017277,"2440","EAF","7","33"
"3758",8833.01935557358,"2441","EAF","7","32"
"3764",6166.09347056186,"2452","EAF","7","20"
"3764",1969.38395385863,"2452","EAF","7","42"
"3776",8266.04309963798,"2459","EAF","7","30"
"3817",7944.1557680698,"2504","EAF","7","38"
"3833",4040.43380182434,"2668","EAF","7","39"
"3851",9768.98990082855,"2689","EAF","7","30"
"3865",9288.46229211221,"2732","EAF","7","39"
"3904",3761.00116335774,"2784","EAF","7","40"
"3911",1598.62478385327,"2781","EAF","7","33"
"3911",3665.7519871717,"2781","EAF","7","34"
"3911",4383.79603994108,"2781","EAF","7","43"
"395",5777.99097749314,"1406","EAF","7","29"
"3952",1983.55982296729,"3006","EAF","7","35"
"3973",7099.13362264193,"3024","EAF","7","31"
"3976",3665.13536231234,"3027","EAF","7","35"
"3982",1868.30434335102,"3034","EAF","7","28"
"3982",3095.65339785069,"3034","EAF","7","44"
"4003",3837.54846114684,"2999","EAF","7","46"
"4013",7966.27778095657,"3139","EAF","7","40"
"4018",18922.6387221824,"2988","EAF","7","20"
"4022",8704.03114881925,"2983","EAF","7","28"
"4022",28447.270167396,"2983","EAF","7","44"
"4023",10010.3473915652,"2978","EAF","7","44"
"4030",10057.9685765521,"2974","EAF","7","38"
"4031",3773.63122784727,"2975","EAF","7","45"
"4034",1999.29933000575,"2966","EAF","7","27"
"4035",3747.72344110204,"2967","EAF","7","39"
"4036",3201.17509581792,"2968","EAF","7","31"
"4037",5433.70040295857,"2969","EAF","7","27"
"4043",29329.0393779628,"2955","EAF","7","29"
"4059",6754.90384185397,"3154","EAF","7","39"
"4060",10001.3012779351,"3149","EAF","7","40"
"4066",6860.06817669959,"3159","EAF","7","46"
"4068",2813.59235439117,"3161","EAF","7","41"
"4072",734.199918719248,"3165","EAF","7","37"
"408",6208.70057740776,"1419","EAF","7","28"
"408",8967.89024011762,"1419","EAF","7","44"
"4081",4363.6905416728,"3174","EAF","7","30"
"4082",5971.72440475529,"3175","EAF","7","42"
"4084",4938.89828209233,"3177","EAF","7","42"
"4123",9479.42599281515,"3228","EAF","7","40"
"4158",7719.79410404847,"3057","EAF","7","41"
"416",19193.9038193641,"1427","EAF","7","37"
"4161",2894.82335407117,"3056","EAF","7","32"
"4209",2746.45067159045,"3098","EAF","7","38"
"4243",3560.64339815473,"3115","EAF","7","30"
"4251",5599.58209408886,"3125","EAF","7","29"
"4252",11181.4804179274,"3127","EAF","7","39"
"4264",3206.59394353424,"3136","EAF","7","46"
"4270",4653.42579638014,"3251","EAF","7","37"
"4292",7034.7444437101,"3271","EAF","7","42"
"4295",5409.59038434024,"3272","EAF","7","38"
"4311",1971.75524951335,"3301","EAF","7","29"
"4321",848.223073991174,"3293","EAF","7","27"
"4323",5934.17915516607,"3328","EAF","7","36"
"4326",4557.87138969952,"3326","EAF","7","36"
"4330",658.752516467443,"3308","EAF","7","25"
"4330",668.020924488814,"3308","EAF","7","26"
"4331",8084.97630442067,"3312","EAF","7","28"
"4331",2528.7153082296,"3312","EAF","7","45"
"4333",3202.97527781222,"3322","EAF","7","45"
"4335",201.819209367484,"3331","EAF","7","27"
"4337",1133.81484225174,"3307","EAF","7","36"
"4346",3967.50925186394,"3320","EAF","7","45"
"4347",3003.63680067598,"3314","EAF","7","35"
"4348",4930.58961374483,"3315","EAF","7","25"
"4348",4919.903360073,"3315","EAF","7","26"
"435",4194.43211835897,"1446","EAF","7","33"
"435",7253.05979051122,"1446","EAF","7","34"
"435",8182.55799695211,"1446","EAF","7","43"
"4353",7819.03982790579,"3302","EAF","7","27"
"4354",28763.9551751421,"3303","EAF","7","38"
"4356",2005.69851243654,"3342","EAF","7","35"
"4358",8665.4606742105,"3344","EAF","7","32"
"438",4035.44229252038,"1449","EAF","7","39"
"440",9231.4569040951,"1451","EAF","7","38"
"441",3575.81268641526,"1452","EAF","7","40"
"442",1286.20612723532,"1453","EAF","7","30"
"444",6167.82924982943,"1455","EAF","7","40"
"4441",6609.26571553947,"3507","EAF","7","41"
"4448",41167.5080316275,"3445","EAF","7","39"
"4456",1348.33719560623,"3515","EAF","7","36"
"4458",10846.7374981379,"3518","EAF","7","44"
"449",26263.4707851962,"1460","EAF","7","41"
"45",3354.98357676979,"1044","EAF","7","40"
"451",11814.5168788491,"1462","EAF","7","32"
"4512",11616.1775040103,"3363","EAF","7","38"
"4513",8109.33625783847,"3359","EAF","7","35"
"4514",10147.1700946397,"3361","EAF","7","24"
"453",3420.69733127057,"1464","EAF","7","34"
"453",4628.09652175844,"1464","EAF","7","43"
"4532",4471.54619282165,"3374","EAF","7","42"
"4533",3628.34042613002,"3375","EAF","7","30"
"4534",9281.75257643652,"3369","EAF","7","24"
"4536",6788.2899209735,"3371","EAF","7","38"
"4537",10344.3175568133,"3372","EAF","7","28"
"4539",10172.1637976117,"3365","EAF","7","24"
"4540",8706.82096521365,"3367","EAF","7","39"
"4541",9893.51532856635,"3368","EAF","7","42"
"4562",4655.09830359657,"3414","EAF","7","36"
"4564",6712.96454983981,"3397","EAF","7","20"
"4564",3664.73731042618,"3397","EAF","7","38"
"4565",4522.84005597109,"3392","EAF","7","25"
"4565",3627.64644215882,"3392","EAF","7","26"
"4566",4955.3198376465,"3393","EAF","7","31"
"4567",2770.67748517972,"3404","EAF","7","33"
"4567",5610.26370759438,"3404","EAF","7","34"
"4567",7454.0288339392,"3404","EAF","7","43"
"4568",12065.8106837015,"3405","EAF","7","37"
"4569",9100.731830974,"3399","EAF","7","39"
"4578",5370.0952411801,"3423","EAF","7","20"
"4578",4072.12760753825,"3423","EAF","7","31"
"4588",6989.47385103291,"3427","EAF","7","27"
"4589",11299.3207992347,"3428","EAF","7","31"
"4593",8629.21781514214,"3435","EAF","7","32"
"4598",7672.00176525819,"3437","EAF","7","25"
"4598",7415.90896989018,"3437","EAF","7","26"
"460",3330.56871842445,"1472","EAF","7","45"
"4600",6867.79372981996,"3671","EAF","7","24"
"4604",5429.90712700899,"3677","EAF","7","29"
"4607",2658.32590659302,"3681","EAF","7","33"
"4607",6175.24163638205,"3681","EAF","7","34"
"4607",7166.00191889393,"3681","EAF","7","43"
"4610",3623.4561275758,"3699","EAF","7","30"
"4613",26931.8011704544,"3687","EAF","7","41"
"4614",5951.48467762689,"3688","EAF","7","25"
"4614",5026.77249925039,"3688","EAF","7","26"
"4616",1466.24825565855,"3686","EAF","7","33"
"4616",3666.98692875669,"3686","EAF","7","34"
"4616",4088.78055599117,"3686","EAF","7","43"
"4624",22361.9310334914,"3721","EAF","7","31"
"4650",15386.5527390639,"3729","EAF","7","32"
"4686",14251.2057242087,"3751","EAF","7","29"
"4692",8663.97184389051,"3802","EAF","7","31"
"4696",14357.1098964577,"3809","EAF","7","37"
"471",2097.39097249775,"1484","EAF","7","40"
"472",11501.8276561257,"1485","EAF","7","44"
"4753",11424.0674881254,"3820","EAF","7","31"
"4767",8475.8367104,"3836","EAF","7","30"
"4770",21847.7701857426,"3835","EAF","7","20"
"4794",6475.48444749746,"3861","EAF","7","44"
"4795",7356.77315004394,"3874","EAF","7","38"
"4797",5682.65325878157,"3872","EAF","7","32"
"4798",3650.03593450298,"3873","EAF","7","25"
"4798",4588.2173748536,"3873","EAF","7","26"
"48",7033.3985438559,"1047","EAF","7","27"
"4811",5861.55064933227,"3887","EAF","7","39"
"4821",450.001380147669,"3898","EAF","7","42"
"483",8637.98194961432,"1497","EAF","7","44"
"4832",8726.16842751834,"3894","EAF","7","28"
"4832",9932.97417570012,"3894","EAF","7","46"
"487",3051.94092132836,"1501","EAF","7","39"
"4884",243.258988200475,"3923","EAF","7","46"
"4889",3958.04739757607,"3922","EAF","7","28"
"4889",1428.58307952704,"3922","EAF","7","44"
"49",9870.3047654513,"1048","EAF","7","39"
"495",7297.27750457179,"1511","EAF","7","35"
"4972",10789.7269553918,"3169","EAF","7","41"
"498",16571.3015687981,"1514","EAF","7","41"
"4994",1730.79116639785,"3620","EAF","7","39"
"5003",8688.34239050924,"3602","EAF","7","46"
"503",2838.26360333969,"1519","EAF","7","40"
"5035",7906.31951910984,"4083","EAF","7","28"
"5035",9875.27490792578,"4083","EAF","7","45"
"5040",34882.0674986235,"4084","EAF","7","32"
"5049",7376.96238995399,"4124","EAF","7","41"
"5054",32338.3541676241,"4118","EAF","7","42"
"5057",7304.33635671865,"4093","EAF","7","32"
"5068",9831.51761512925,"4106","EAF","7","30"
"5069",3593.08547996506,"4094","EAF","7","33"
"5069",8480.26716376571,"4094","EAF","7","34"
"5069",7428.00941410757,"4094","EAF","7","43"
"5072",9590.18606541964,"4111","EAF","7","41"
"51",16370.1922914529,"1050","EAF","7","36"
"5191",26919.4553211276,"4195","EAF","7","45"
"5198",13836.545254469,"4208","EAF","7","20"
"5198",10231.628433746,"4208","EAF","7","37"
"5208",6925.29432975115,"4220","EAF","7","41"
"521",1716.08329735179,"1537","EAF","7","33"
"521",3869.34620101791,"1537","EAF","7","34"
"521",4208.55661317282,"1537","EAF","7","43"
"5278",26542.6704769006,"4238","EAF","7","27"
"5289",3905.20047204405,"4282","EAF","7","37"
"529",4619.41304716955,"1545","EAF","7","29"
"530",5442.82084762345,"1546","EAF","7","39"
"5318",2795.93059889949,"4304","EAF","7","42"
"5327",11364.8617762882,"4310","EAF","7","20"
"5336",10063.6232454936,"4321","EAF","7","31"
"5341",14043.5118033722,"4326","EAF","7","28"
"5341",18250.1541242809,"4326","EAF","7","45"
"5342",8923.94055149881,"4327","EAF","7","27"
"5356",3186.45053702913,"4349","EAF","7","33"
"5356",6917.64935377528,"4349","EAF","7","34"
"5356",7962.5624525316,"4349","EAF","7","43"
"5366",4409.27332002541,"4368","EAF","7","32"
"537",9531.95001622105,"1553","EAF","7","32"
"5376",3379.31138869391,"4379","EAF","7","46"
"5379",10229.6878497461,"4386","EAF","7","40"
"5385",12826.9949818403,"4391","EAF","7","36"
"5386",20112.0267346805,"4389","EAF","7","40"
"5388",14318.0521690875,"4395","EAF","7","38"
"539",6300.0964805449,"1555","EAF","7","31"
"5392",7573.5785853271,"4396","EAF","7","42"
"54",10345.9972813891,"1053","EAF","7","32"
"5405",5989.0876825114,"4412","EAF","7","32"
"5407",20624.32116157,"4416","EAF","7","37"
"543",9123.82806835252,"1559","EAF","7","23"
"544",133445.813392755,"1560","EAF","7","44"
"548",860.150192740074,"1564","EAF","7","35"
"55",7292.60667724552,"1054","EAF","7","41"
"560",9408.14012769069,"1580","EAF","7","30"
"5624",2726.4563258881,"4559","EAF","7","31"
"563",10954.0822470687,"1583","EAF","7","20"
"5659",10292.9982463983,"4602","EAF","7","34"
"5659",14225.2514390386,"4602","EAF","7","43"
"5679",4771.59060250504,"4620","EAF","7","20"
"5679",2581.06404449223,"4620","EAF","7","41"
"570",13759.855211192,"1590","EAF","7","44"
"574",7642.20764435717,"1594","EAF","7","46"
"5758",4972.46488681503,"4590","EAF","7","29"
"5765",32201.3958045168,"4699","EAF","7","44"
"5889",10686.8293441565,"4836","EAF","7","41"
"5916",4772.64547095838,"4864","EAF","7","29"
"5933",7474.0281046281,"4879","EAF","7","31"
"5950",18472.2768512396,"4892","EAF","7","44"
"5992",4995.30193287365,"4930","EAF","7","28"
"5992",5243.07466184722,"4930","EAF","7","45"
"6025",4697.83040410228,"4966","EAF","7","44"
"606",5256.41538259891,"1626","EAF","7","40"
"608",20174.025914603,"1628","EAF","7","20"
"6090",5922.81611530659,"5050","EAF","7","40"
"6092",7942.46256068852,"5048","EAF","7","30"
"610",7834.68791202037,"1630","EAF","7","41"
"628",8634.27127377739,"1648","EAF","7","36"
"654",3271.96532991503,"1674","EAF","7","25"
"654",3560.66861929763,"1674","EAF","7","26"
"655",18359.8606191506,"1675","EAF","7","20"
"657",3815.40655690817,"1677","EAF","7","32"
"659",2202.98598299441,"1679","EAF","7","23"
"66",21858.1684142125,"1065","EAF","7","38"
"67",5817.25518566096,"1066","EAF","7","31"
"670",11276.4650903187,"1690","EAF","7","45"
"671",9070.20823300017,"1691","EAF","7","29"
"673",10844.8523720465,"1693","EAF","7","35"
"680",4021.93078345,"1700","EAF","7","27"
"681",2655.3466872832,"1701","EAF","7","29"
"684",3478.15074236231,"1704","EAF","7","45"
"685",6161.77240699435,"1707","EAF","7","29"
"692",3053.08499134311,"1723","EAF","7","23"
"697",2388.27964206896,"1752","EAF","7","33"
"697",3824.68840041017,"1752","EAF","7","34"
"697",5197.03405564607,"1752","EAF","7","43"
"699",1556.559041793,"451","EAF","7","38"
"700",3209.50136027033,"452","EAF","7","25"
"700",3863.84929403968,"452","EAF","7","26"
"739",31889.2650225899,"507","EAF","7","35"
"767",5672.74006082803,"540","EAF","7","23"
"80",12096.2387658562,"1079","EAF","7","39"
"827",10125.3923549594,"608","EAF","7","27"
"832",2431.46196426773,"613","EAF","7","40"
"840",1958.33078726674,"622","EAF","7","33"
"840",5742.02081616282,"622","EAF","7","34"
"840",7017.23954920813,"622","EAF","7","43"
"846",4877.63028714155,"629","EAF","7","46"
"847",6237.03288100197,"630","EAF","7","25"
"857",4654.79309754348,"640","EAF","7","42"
"865",5007.13441064004,"648","EAF","7","28"
"881",22646.5744009344,"672","EAF","7","31"
"884",14350.610998959,"675","EAF","7","25"
"884",10418.8439266092,"675","EAF","7","26"
"89",30861.3189826934,"1088","EAF","7","40"
"896",3916.39799027092,"687","EAF","7","33"
"896",7234.36311810106,"687","EAF","7","34"
"896",7801.74363121537,"687","EAF","7","43"
"902",7620.52126343485,"693","EAF","7","44"
"911",6640.75386160813,"702","EAF","7","27"
"917",2432.81891701322,"708","EAF","7","33"
"917",4893.26352205732,"708","EAF","7","34"
"919",8706.64546506359,"710","EAF","7","25"
"919",7717.84273820383,"710","EAF","7","26"
"929",1825.98749654387,"720","EAF","7","25"
"929",1549.78312890994,"720","EAF","7","26"
"93",8123.41111050917,"1092","EAF","7","36"
"930",2638.32155105037,"721","EAF","7","36"
"933",942.069851558057,"724","EAF","7","31"
"936",17419.2909333947,"727","EAF","7","31"
"966",1111.13243562647,"816","EAF","7","44"
