BloodID,TL,BirdID,BTN,Whodunnit,Objective,Plate
2,0.790434136,1757,1001,EB,,
2,0.790434136,1757,1001,EB,,
801,35.5271848,1532,578,EB,,
801,35.5271848,1532,578,EB,,
2410,200.245399,1202,105,EB,,
2410,200.245399,1202,105,EB,,
3981,432.6381409,5073,3023,EB,,
2214,630.8428455,51,164,EB,,
2214,630.8428455,51,164,EB,,
3996,906.5869596,1754,3044,EB,,
3131,1119.360171,1795,2140,EB,,
3886,1231.591674,3604,2758,EB,,
558,1249.942236,1716,1578,EB,,
3768,1297.716261,4936,2446,EB,,
3768,1297.716261,4936,2446,EB,,
3752,1383.540986,1664,2603,EB,,
3808,1412.874318,1826,2488,EB,,
3808,1412.874318,1826,2488,EB,,
3808,1412.874318,1826,2488,EB,,
2513,1413.318636,530,31,EB,,
3757,1436.017252,3446,2602,EB,,
3746,1475.960783,4969,2595,EB,,
1068,1507.455016,1712,919,EB,,
1068,1507.455016,1712,919,EB,,
2289,1514.240031,220,31,EB,,
3176,1522.647327,1566,2185,EB,,
190,1544.158627,1533,1191,EB,,
190,1544.158627,1533,1191,EB,,
3995,1544.827457,1790,3042,EB,,
4117,1552.837335,1533,3222,EB,,
3804,1610.937169,1886,2483,EB,,
3804,1610.937169,1886,2483,EB,,
2373,1626.721961,951,5,EB,,
2373,1626.721961,951,5,EB,,
3468,1633.777484,5071,2589,EB,,
3966,1636.354849,1532,3017,EB,,
3683,1638.990085,1852,2386,EB,,
4057,1646.563404,1744,3152,EB,,
4312,1655.53579,5332,3290,EB,,
4041,1688.603199,1187,2963,EB,,
4041,1688.603199,1187,2963,EB,,
4041,1688.603199,1187,2963,EB,,
4058,1702.308525,1783,3153,EB,,
2364,1737.35441,949,41,EB,,
364,1740.529647,1731,1375,EB,,
3158,1755.404004,1415,2167,EB,,
3743,1757.960833,1804,2590,EB,,
899,1763.36923,1585,690,EB,,
4262,1775.50844,5117,3131,EB,,
2463,1794.928617,1213,153,EB,,
3985,1809.127234,1731,3040,EB,,
755,1839.951866,1498,526,EB,,
755,1839.951866,1498,526,EB,,
3906,1840.44913,1607,2772,EB,,
2921,1856.271743,1523,1881,EB,,
2921,1856.271743,1523,1881,EB,,
4027,1858.942874,1031,2971,EB,,
4027,1858.942874,1031,2971,EB,,
4027,1858.942874,1031,2971,EB,,
3889,1892.403742,4875,2755,EB,,
4201,1893.79672,5162,3093,EB,,
3164,2001.639749,1710,2173,EB,,
2950,2021.057476,1043,1910,EB,,
2183,2024.268226,1861,136,EB,,
2183,2024.268226,1861,136,EB,,
3914,2062.25653,1739,2786,EB,,
880,2080.207345,848,671,EB,,
577,2087.691888,3507,1597,EB,,
577,2087.691888,3507,1597,EB,,
3913,2104.170677,5099,2783,EB,,
3907,2104.256777,5074,2777,EB,,
3907,2104.256777,5074,2777,EB,,
3742,2114.977616,4870,2587,EB,,
3742,2114.977616,4870,2587,EB,,
668,2124.157373,1705,1688,EB,,
157,2133.563179,1587,1156,EB,,
157,2133.563179,1587,1156,EB,,
462,2143.879527,1744,1475,EB,,
3805,2146.169101,3519,2489,EB,,
2926,2172.800691,1891,1886,EB,,
712,2184.140575,504,464,EB,,
3979,2184.926428,4890,3031,EB,,
794,2205.358579,1505,571,EB,,
794,2205.358579,1505,571,EB,,
2196,2222.318793,199,148,EB,,
2196,2222.318793,199,148,EB,,
3962,2227.015909,4897,3016,EB,,
3739,2231.156092,1532,2592,EB,,
4162,2234.606738,1195,3054,EB,,
837,2235.819705,1551,619,EB,,
2336,2241.426447,1022,16,EB,,
2336,2241.426447,1022,16,EB,,
3901,2242.18471,3519,2771,EB,,
3745,2265.665253,4939,2593,EB,,
4053,2268.620618,3453,3148,EB,,
3173,2279.361897,1852,2182,EB,,
3173,2279.361897,1852,2182,EB,,
3749,2279.632785,1702,2594,EB,,
4054,2280.593533,1523,3145,EB,,
4098,2281.026253,1394,3205,EB,,
3568,2284.243599,5169,2782,EB,,
4183,2331.573238,5169,3079,EB,,
152,2350.916171,1195,1151,EB,,
152,2350.916171,1195,1151,EB,,
4213,2351.171129,1412,3101,EB,,
2897,2361.166425,1018,1857,EB,,
463,2362.452928,1857,1476,EB,,
4238,2371.027341,1361,3111,EB,,
2348,2389.521724,1028,27,EB,,
2348,2389.521724,1028,27,EB,,
738,2389.55881,1439,506,EB,,
2203,2435.096103,637,154,EB,,
2203,2435.096103,637,154,EB,,
4095,2436.194706,1708,3188,EB,,
2507,2440.481449,467,26,EB,,
770,2442.932323,1509,543,EB,,
2717,2450.467331,1391,364,EB,,
3820,2457.796274,4902,2492,EB,,
3820,2457.796274,4902,2492,EB,,
2940,2459.728376,1672,1900,EB,,
83,2479.411937,1771,1082,EB,,
2533,2506.99868,172,5,EB,,
2533,2506.99868,172,5,EB,,
1072,2508.675056,1158,922,EB,,
88,2509.065871,1720,1087,EB,,
4086,2517.651715,5167,3179,EB,,
3823,2525.919312,2991,2654,EB,,
3975,2531.295495,1510,3030,EB,,
4308,2538.2191,1577,3291,EB,,
2735,2544.698822,1396,382,EB,,
2735,2544.698822,1396,382,EB,,
3987,2555.236221,4875,3037,EB,,
4166,2557.330507,5145,3065,EB,,
3561,2561.774395,5162,2751,EB,,
3755,2565.311942,1848,2600,EB,,
3755,2565.311942,1848,2600,EB,,
3755,2565.311942,1848,2600,EB,,
3844,2577.254791,4939,2681,EB,,
3844,2577.254791,4939,2681,EB,,
876,2582.460022,1575,667,EB,,
4087,2598.005286,5071,3180,EB,,
4087,2598.005286,5071,3180,EB,,
3828,2599.119599,1895,2650,EB,,
4306,2606.719292,4888,3284,EB,,
4306,2606.719292,4888,3284,EB,,
759,2613.080043,1493,531,EB,,
759,2613.080043,1493,531,EB,,
4314,2623.42045,3085,3289,EB,,
4090,2639.147507,1605,3185,EB,,
4186,2639.770672,4860,3073,EB,,
3496,2640.833224,5099,2480,EB,,
3496,2640.833224,5099,2480,EB,,
713,2657.446515,1187,465,EB,,
713,2657.446515,1187,465,EB,,
4271,2661.700334,5289,3253,EB,,
768,2662.6105,1507,541,EB,,
3855,2669.751112,3089,2703,EB,,
3855,2669.751112,3089,2703,EB,,
796,2671.212204,1519,573,EB,,
796,2671.212204,1519,573,EB,,
461,2671.851665,1617,1473,EB,,
3994,2672.57219,1491,3046,EB,,
4300,2673.749291,4936,3283,EB,,
603,2682.255754,1757,1623,EB,,
603,2682.255754,1757,1623,EB,,
914,2689.11164,1593,705,EB,,
3963,2696.064567,3093,3020,EB,,
3788,2696.457076,3580,2472,EB,,
4277,2739.132682,1744,3245,EB,,
3841,2739.884004,911,2677,EB,,
4128,2740.86563,4957,3233,EB,,
3744,2749.34073,1187,2588,EB,,
4187,2753.790762,2985,3074,EB,,
4000,2758.688554,1196,2995,EB,,
4000,2758.688554,1196,2995,EB,,
3831,2759.954792,1553,2661,EB,,
3831,2759.954792,1553,2661,EB,,
4073,2760.788227,1782,3166,EB,,
1006,2761.03201,1059,857,EB,,
1006,2761.03201,1059,857,EB,,
3919,2768.728087,1539,2796,EB,,
3740,2795.250779,911,2591,EB,,
4313,2799.384665,5147,3288,EB,,
3228,2803.89946,3642,2237,EB,,
605,2804.073186,1523,1625,EB,,
2911,2809.694117,1199,1871,EB,,
4005,2810.112298,5169,3138,EB,,
3741,2817.252291,1614,2598,EB,,
907,2832.134757,1589,698,EB,,
872,2835.719113,1574,663,EB,,
867,2836.450523,1570,650,EB,,
4071,2836.671674,5155,3164,EB,,
3789,2845.207031,4872,2481,EB,,
4004,2847.285478,3491,3137,EB,,
4013,2856.565331,1678,3139,EB,,
72,2869.54549,51,1071,EB,,
3697,2875.053466,1782,2510,EB,,
239,2879.494438,1773,1243,EB,,
239,2879.494438,1773,1243,EB,,
4064,2887.234486,4896,3158,EB,,
4091,2890.559607,5071,3182,EB,,
4133,2892.693624,4941,3238,EB,,
2199,2893.551852,604,150,EB,,
576,2903.370902,1587,1596,EB,,
3341,2906.85477,507,2350,EB,,
4008,2912.814094,1356,2991,EB,,
4008,2912.814094,1356,2991,EB,,
2300,2914.231833,677,41,EB,,
3477,2919.198178,5080,2484,EB,,
4063,2921.972121,5237,3157,EB,,
2492,2923.658863,1151,2,EB,,
2492,2923.658863,1151,2,EB,,
2492,2923.658863,1151,2,EB,,
2492,2923.658863,1151,2,EB,,
3881,2925.171456,3089,2747,EB,,
3955,2929.474511,1187,3005,EB,,
3680,2938.182144,1831,2387,EB,,
3866,2941.817093,5139,2728,EB,,
3961,2941.957988,4829,3018,EB,,
4155,2943.864497,5164,3050,EB,,
4155,2943.864497,5164,3050,EB,,
2935,2945.860648,1589,1895,EB,,
3953,2947.193619,4939,3007,EB,,
4165,2949.140572,5077,3066,EB,,
3857,2954.10381,1757,2710,EB,,
683,2958.890919,1200,1703,EB,,
900,2959.955755,1586,691,EB,,
4177,2961.377565,1742,3067,EB,,
3665,2963.034049,5268,3121,EB,,
279,2982.20395,1597,1283,EB,,
448,2984.088163,1494,1459,EB,,
448,2984.088163,1494,1459,EB,,
3856,2984.943881,3608,2709,EB,,
3096,3006.308551,1589,2105,EB,,
4281,3011.705228,1854,3260,EB,,
313,3015.475342,1532,1317,EB,,
4167,3027.940607,3457,3062,EB,,
2383,3029.870925,522,6,EB,,
2383,3029.870925,522,6,EB,,
4184,3037.251783,5137,3080,EB,,
4122,3046.503081,5220,3227,EB,,
3922,3046.78418,4866,2799,EB,,
3922,3046.78418,4866,2799,EB,,
3106,3052.459634,911,2115,EB,,
3867,3053.644452,1415,2735,EB,,
4052,3057.576646,4805,3147,EB,,
4060,3058.753876,1577,3149,EB,,
4110,3060.62223,3574,3217,EB,,
4110,3060.62223,3574,3217,EB,,
4250,3066.80332,1708,3122,EB,,
4135,3078.024648,1542,3240,EB,,
127,3078.657386,1214,1126,EB,,
149,3082.108236,1697,1148,EB,,
149,3082.108236,1697,1148,EB,,
3807,3088.052799,930,2486,EB,,
3168,3088.145989,2991,2177,EB,,
3168,3088.145989,2991,2177,EB,,
3818,3101.514333,1848,2499,EB,,
3772,3104.515056,4910,2460,EB,,
3772,3104.515056,4910,2460,EB,,
1124,3108.581828,454,974,EB,,
703,3111.878081,849,455,EB,,
703,3111.878081,849,455,EB,,
3767,3142.683768,1783,2449,EB,,
3195,3143.004753,2963,2204,EB,,
3195,3143.004753,2963,2204,EB,,
2345,3144.465246,510,24,EB,,
2345,3144.465246,510,24,EB,,
2361,3151.420319,628,39,EB,,
2361,3151.420319,628,39,EB,,
3566,3163.912635,5167,2774,EB,,
3912,3164.937242,4939,2789,EB,,
3912,3164.937242,4939,2789,EB,,
3977,3175.959297,1763,3028,EB,,
86,3187.393962,1419,1085,EB,,
4249,3187.773511,1394,3123,EB,,
4049,3194.709681,4854,2960,EB,,
3916,3195.651869,1384,2785,EB,,
288,3199.045204,1702,1292,EB,,
397,3203.914084,1501,1408,EB,,
864,3206.843763,1568,647,EB,,
1023,3211.698312,1603,874,EB,,
2523,3215.950552,1160,40,EB,,
894,3216.369853,1583,685,EB,,
3859,3224.749927,4902,2727,EB,,
3178,3234.741788,1802,2187,EB,,
1814,3236.106998,1065,2,EB,,
4099,3238.46235,1617,3206,EB,,
3846,3243.580094,3463,2683,EB,,
3371,3250.692846,1187,2376,EB,,
3371,3250.692846,1187,2376,EB,,
3371,3250.692846,1187,2376,EB,,
3893,3253.207322,2990,2768,EB,,
3893,3253.207322,2990,2768,EB,,
556,3262.331977,1504,1576,EB,,
484,3267.08762,1731,1498,EB,,
4080,3272.747472,1501,3173,EB,,
3927,3273.647747,1766,2805,EB,,
3927,3273.647747,1766,2805,EB,,
4239,3282.415928,4904,3110,EB,,
4267,3288.48296,5314,3247,EB,,
1012,3288.658861,1532,863,EB,,
1012,3288.658861,1532,863,EB,,
2366,3290.81525,1037,43,EB,,
2366,3290.81525,1037,43,EB,,
3781,3293.733145,4876,2461,EB,,
1005,3301.224112,1396,856,EB,,
4287,3307.051705,4897,3257,EB,,
4070,3312.703126,5224,3163,EB,,
1049,3313.925339,1701,900,EB,,
3689,3317.778467,3486,2388,EB,,
3689,3317.778467,3486,2388,EB,,
3909,3317.890214,1804,2769,EB,,
399,3319.202718,1155,1410,EB,,
399,3319.202718,1155,1410,EB,,
3124,3321.394553,1787,2133,EB,,
3845,3323.8355,4969,2680,EB,,
3845,3323.8355,4969,2680,EB,,
3842,3330.220528,1854,2678,EB,,
4092,3331.078734,4863,3181,EB,,
108,3336.425787,1782,1107,EB,,
3861,3341.890783,1826,2725,EB,,
128,3346.915541,503,1127,EB,,
912,3347.642266,1591,703,EB,,
3698,3348.036453,1881,2509,EB,,
3698,3348.036453,1881,2509,EB,,
994,3361.774409,1607,845,EB,,
893,3373.682417,1582,684,EB,,
4265,3374.276203,5312,3263,EB,,
940,3392.064052,1615,731,EB,,
4198,3393.243706,5079,3088,EB,,
3964,3399.716369,3449,3015,EB,,
4192,3401.144189,5144,3083,EB,,
871,3407.943039,1573,662,EB,,
46,3416.383898,912,1045,EB,,
646,3417.83756,1804,1666,EB,,
646,3417.83756,1804,1666,EB,,
4021,3418.433316,5268,2982,EB,,
275,3418.766993,1886,1279,EB,,
286,3421.356779,1723,1290,EB,,
414,3424.379067,1773,1425,EB,,
727,3424.398446,1427,479,EB,,
437,3427.961393,1605,1448,EB,,
3950,3434.227999,1509,3009,EB,,
3827,3446.193225,1707,2500,EB,,
417,3446.374162,1616,1428,EB,,
443,3449.618697,1577,1454,EB,,
995,3465.02593,1499,846,EB,,
323,3468.54771,1685,1328,EB,,
3921,3473.069581,3574,2800,EB,,
3777,3475.451895,4918,2462,EB,,
3777,3475.451895,4918,2462,EB,,
3784,3475.982254,4871,2471,EB,,
3784,3475.982254,4871,2471,EB,,
4464,3477.648939,5447,3282,EB,,
764,3483.370369,1496,536,EB,,
764,3483.370369,1496,536,EB,,
267,3484.281519,1509,1271,EB,,
132,3503.794881,1394,1131,EB,,
627,3507.646859,1501,1647,EB,,
627,3507.646859,1501,1647,EB,,
2589,3508.536995,1246,208,EB,,
3806,3512.266248,4870,2485,EB,,
3806,3512.266248,4870,2485,EB,,
4297,3519.434669,5168,3279,EB,,
650,3537.27117,1709,1670,EB,,
3997,3537.965599,1895,3043,EB,,
4084,3542.603036,1753,3177,EB,,
1028,3543.772075,1673,879,EB,,
3902,3549.486479,3500,2776,EB,,
452,3552.215239,3022,1463,EB,,
2765,3561.793443,1407,412,EB,,
2765,3561.793443,1407,412,EB,,
906,3567.000447,1588,697,EB,,
3835,3567.929266,1778,2665,EB,,
4040,3568.08058,3086,2962,EB,,
4040,3568.08058,3086,2962,EB,,
3854,3572.127494,2963,2704,EB,,
4254,3572.818969,3002,3128,EB,,
1123,3573.644253,1695,973,EB,,
1145,3573.721566,1754,995,EB,,
3156,3581.025934,1664,2165,EB,,
3876,3581.98721,3462,2741,EB,,
870,3583.653042,1572,661,EB,,
4118,3584.99943,1685,3223,EB,,
4118,3584.99943,1685,3223,EB,,
4189,3585.46966,1765,3076,EB,,
892,3592.732529,1581,683,EB,,
3840,3594.679262,3500,2679,EB,,
1025,3595.942718,1533,876,EB,,
4269,3597.400086,5316,3254,EB,,
52,3599.831419,1684,1051,EB,,
52,3599.831419,1684,1051,EB,,
791,3599.933216,1516,568,EB,,
3954,3605.891798,1740,3003,EB,,
3362,3609.053626,1305,2374,EB,,
4190,3615.114478,1774,3075,EB,,
2715,3616.039387,911,362,EB,,
2333,3617.641808,1019,13,EB,,
2333,3617.641808,1019,13,EB,,
3307,3625.952855,1491,2316,EB,,
879,3636.415507,1859,670,EB,,
3898,3637.222453,5074,2762,EB,,
590,3640.614678,1523,1610,EB,,
590,3640.614678,1523,1610,EB,,
1132,3643.89656,1744,982,EB,,
1132,3643.89656,1744,982,EB,,
883,3645.749774,1384,674,EB,,
4112,3654.464195,4879,2381,EB,,
4112,3654.464195,4879,2381,EB,,
3476,3656.511379,5079,2475,EB,,
233,3663.930555,1501,1237,EB,,
3813,3664.277587,4912,2502,EB,,
3813,3664.277587,4912,2502,EB,,
2623,3671.745462,64,243,EB,,
3850,3676.188985,497,2671,EB,,
4065,3677.110699,1752,3155,EB,,
4159,3679.72698,4894,3049,EB,,
913,3682.50251,1592,704,EB,,
642,3683.387933,1429,1662,EB,,
3892,3691.113804,1805,2763,EB,,
1095,3696.55508,1729,945,EB,,
4100,3703.713997,1494,3207,EB,,
1024,3705.491136,1672,875,EB,,
1119,3705.529166,1666,969,EB,,
1119,3705.529166,1666,969,EB,,
1119,3705.529166,1666,969,EB,,
1119,3705.529166,1666,969,EB,,
2549,3706.718632,1193,64,EB,,
2549,3706.718632,1193,64,EB,,
3837,3713.261359,5099,2669,EB,,
3837,3713.261359,5099,2669,EB,,
4068,3717.064787,5144,3161,EB,,
2756,3725.820249,1410,403,EB,,
2731,3728.951787,1363,378,EB,,
2731,3728.951787,1363,378,EB,,
885,3731.441419,1504,676,EB,,
4253,3748.113191,3451,3126,EB,,
3905,3750.883241,1762,2779,EB,,
1013,3756.356266,1244,864,EB,,
137,3756.816652,544,1136,EB,,
137,3756.816652,544,1136,EB,,
3474,3758.658802,5077,2470,EB,,
771,3759.550949,1510,544,EB,,
4069,3760.695736,4917,3162,EB,,
1035,3762.314514,929,886,EB,,
1037,3763.202291,199,888,EB,,
2898,3765.722008,3458,1858,EB,,
1020,3772.652414,176,871,EB,,
3325,3775.303201,1672,2334,EB,,
731,3776.22253,1434,483,EB,,
623,3780.189122,1781,1643,EB,,
493,3784.848875,1725,1509,EB,,
3965,3790.175845,3462,3019,EB,,
4102,3795.554882,4885,3209,EB,,
4302,3798.022472,5326,3275,EB,,
3786,3801.187903,4954,2474,EB,,
3917,3803.405906,3094,2788,EB,,
2699,3823.130339,1388,346,EB,,
853,3825.789413,1558,636,EB,,
174,3839.52042,1612,1174,EB,,
174,3839.52042,1612,1174,EB,,
4116,3842.554001,4956,3221,EB,,
531,3850.685139,1501,1547,EB,,
533,3851.721396,1778,1549,EB,,
3382,3854.750428,1702,2377,EB,,
714,3862.562124,1432,466,EB,,
3839,3867.008702,5071,2674,EB,,
4258,3868.681209,1581,3129,EB,,
2917,3875.305908,1716,1877,EB,,
943,3877.170458,1617,734,EB,,
943,3877.170458,1617,734,EB,,
231,3883.374374,1606,1235,EB,,
789,3883.469791,1186,566,EB,,
4132,3898.963046,4967,3237,EB,,
2720,3900.347587,1394,367,EB,,
4260,3904.42479,4866,3133,EB,,
744,3908.419914,1485,513,EB,,
147,3909.820007,1795,1146,EB,,
3369,3913.916141,1559,2369,EB,,
3773,3915.042601,4870,2467,EB,,
3773,3915.042601,4870,2467,EB,,
3773,3915.042601,4870,2467,EB,,
3773,3915.042601,4870,2467,EB,,
263,3920.131853,544,1267,EB,,
4074,3920.148045,4860,3167,EB,,
2848,3920.672275,609,1807,EB,,
4206,3921.898132,5155,3095,EB,,
758,3925.819638,1492,530,EB,,
3925,3931.680354,2978,2803,EB,,
3222,3939.211185,1757,2231,EB,,
3222,3939.211185,1757,2231,EB,,
526,3950.611503,1523,1542,EB,,
4044,3953.71982,1750,2956,EB,,
3323,3955.679973,2982,2332,EB,,
3184,3958.128997,1779,2193,EB,,
2517,3958.957255,1019,35,EB,,
360,3963.915683,1739,1371,EB,,
3328,3968.783756,1617,2337,EB,,
240,3973.511458,1409,1244,EB,,
240,3973.511458,1409,1244,EB,,
240,3973.511458,1409,1244,EB,,
144,3975.12536,1275,1143,EB,,
1010,3975.837495,1619,861,EB,,
3686,3980.600567,3507,2395,EB,,
3984,3981.762034,4887,3041,EB,,
3984,3981.762034,4887,3041,EB,,
877,3986.457975,1576,668,EB,,
1029,3991.438789,1209,880,EB,,
4199,3992.273716,1553,3086,EB,,
762,3992.296927,1486,534,EB,,
762,3992.296927,1486,534,EB,,
4273,4002.670974,5204,3255,EB,,
467,4002.826131,1702,1480,EB,,
79,4007.392271,1509,1078,EB,,
8,4014.14467,1760,1007,EB,,
2402,4015.945462,297,9,EB,,
3852,4016.662086,4872,2692,EB,,
792,4020.438907,1518,569,EB,,
87,4037.636385,1673,1086,EB,,
726,4042.960749,1045,478,EB,,
3920,4046.670827,5123,2797,EB,,
4268,4053.422369,5315,3256,EB,,
578,4055.567697,3507,1598,EB,,
3513,4058.128809,5116,2482,EB,,
3358,4060.870276,1800,2370,EB,,
3303,4061.656572,4944,2312,EB,,
276,4067.134885,1591,1280,EB,,
276,4067.134885,1591,1280,EB,,
3908,4069.31434,1499,2790,EB,,
730,4070.003443,832,482,EB,,
3349,4072.536266,1897,2358,EB,,
591,4074.538759,1577,1611,EB,,
2915,4076.42604,2976,1875,EB,,
4272,4079.080457,3453,3248,EB,,
3347,4082.966846,1669,2356,EB,,
4083,4086.276455,3612,3176,EB,,
4160,4097.603459,1877,3053,EB,,
173,4101.760535,1199,1173,EB,,
776,4102.498274,1514,549,EB,,
4301,4108.754999,5325,3274,EB,,
272,4109.131806,1616,1276,EB,,
2673,4112.407683,604,320,EB,,
3310,4118.771966,3456,2319,EB,,
3821,4122.581854,4881,2648,EB,,
4215,4130.80812,1678,3099,EB,,
378,4131.381776,1361,1389,EB,,
2803,4138.312784,1804,1761,EB,,
2803,4138.312784,1804,1761,EB,,
2803,4138.312784,1804,1761,EB,,
2803,4138.312784,1804,1761,EB,,
4234,4139.803353,5160,3109,EB,,
1077,4143.363523,1569,927,EB,,
1149,4155.748519,1756,999,EB,,
931,4156.294205,1606,722,EB,,
3357,4159.254071,3463,2366,EB,,
4096,4161.32051,1869,3189,EB,,
3834,4162.643734,1607,2672,EB,,
57,4164.549622,1753,1056,EB,,
260,4171.6073,862,1264,EB,,
3869,4174.814959,1766,2729,EB,,
4120,4176.114151,5119,3225,EB,,
406,4177.518222,1506,1417,EB,,
3299,4186.715817,1848,2308,EB,,
1859,4188.479739,1067,7,EB,,
4107,4191.930127,1171,3214,EB,,
3825,4194.358557,1754,2659,EB,,
3825,4194.358557,1754,2659,EB,,
4236,4196.341436,4970,3108,EB,,
4105,4198.282657,4883,3212,EB,,
891,4199.208544,1580,682,EB,,
3567,4201.688674,5168,2780,EB,,
3858,4202.266679,1361,2711,EB,,
734,4206.898294,1435,502,EB,,
3199,4208.328697,1717,2208,EB,,
4304,4218.510324,5118,3276,EB,,
4121,4222.929371,4935,3226,EB,,
4188,4230.302335,1669,3072,EB,,
4077,4233.259534,5072,3170,EB,,
3929,4234.825876,1787,2808,EB,,
3748,4241.40615,2966,2604,EB,,
4244,4250.050369,3464,3117,EB,,
4278,4253.759075,1509,3252,EB,,
2933,4257.586508,1791,1893,EB,,
658,4258.473684,1029,1678,EB,,
2543,4262.090896,208,59,EB,,
3694,4267.920942,2978,2389,EB,,
2197,4269.798101,507,149,EB,,
2197,4269.798101,507,149,EB,,
2220,4275.149223,606,17,EB,,
2220,4275.149223,606,17,EB,,
835,4279.459508,1550,617,EB,,
772,4282.536197,1511,545,EB,,
669,4286.255399,912,1689,EB,,
139,4297.44378,1791,1138,EB,,
2442,4305.555252,628,134,EB,,
3833,4309.419998,2990,2668,EB,,
3833,4309.419998,2990,2668,EB,,
845,4309.946828,1554,628,EB,,
3885,4317.168254,4894,2760,EB,,
737,4319.14085,1438,505,EB,,
737,4319.14085,1438,505,EB,,
2909,4322.057161,2989,1869,EB,,
4294,4322.682528,5324,3268,EB,,
4294,4322.682528,5324,3268,EB,,
284,4323.28391,2959,1288,EB,,
2665,4323.325619,607,312,EB,,
2665,4323.325619,607,312,EB,,
482,4326.500371,1722,1496,EB,,
2671,4327.588587,507,318,EB,,
3747,4332.333653,1767,2597,EB,,
4097,4338.570625,3695,3190,EB,,
3193,4342.839043,2978,2202,EB,,
2424,4347.274934,1212,118,EB,,
4293,4348.414764,5323,3270,EB,,
2244,4348.792784,628,191,EB,,
2244,4348.792784,628,191,EB,,
3771,4350.684955,4883,2463,EB,,
2404,4351.190456,1162,10,EB,,
3520,4354.741925,5123,2660,EB,,
136,4355.06107,1728,1135,EB,,
136,4355.06107,1728,1135,EB,,
729,4357.406854,632,481,EB,,
3150,4360.660727,3462,2159,EB,,
3787,4362.786659,4884,2473,EB,,
720,4363.329033,1421,472,EB,,
2771,4364.419609,1416,418,EB,,
1146,4364.734375,1508,996,EB,,
1066,4370.462765,634,917,EB,,
3824,4374.814219,1852,2655,EB,,
3824,4374.814219,1852,2655,EB,,
1087,4375.170228,1724,937,EB,,
4208,4381.996353,1682,3097,EB,,
992,4382.103077,1663,843,EB,,
992,4382.103077,1663,843,EB,,
897,4385.455345,1512,688,EB,,
3951,4386.923483,5168,3002,EB,,
888,4390.693853,632,679,EB,,
1836,4395.595338,165,4,EB,,
63,4397.871551,1673,1062,EB,,
63,4397.871551,1673,1062,EB,,
63,4397.871551,1673,1062,EB,,
4126,4399.025858,5226,3231,EB,,
2752,4399.479332,1409,399,EB,,
2752,4399.479332,1409,399,EB,,
3635,4410.271543,5237,3084,EB,,
1088,4420.598587,1500,938,EB,,
3910,4427.732112,4897,2787,EB,,
1080,4428.101419,1717,930,EB,,
81,4429.970106,1750,1080,EB,,
926,4433.694296,1601,717,EB,,
4285,4434.837609,5320,3264,EB,,
704,4436.664008,1062,456,EB,,
774,4439.601054,1512,547,EB,,
774,4439.601054,1512,547,EB,,
2515,4439.633179,1158,33,EB,,
3185,4444.211551,3644,2194,EB,,
2224,4449.926386,663,173,EB,,
98,4450.172378,1396,1097,EB,,
244,4455.823195,832,1248,EB,,
244,4455.823195,832,1248,EB,,
3884,4460.207446,1871,2750,EB,,
3129,4460.972474,3578,2138,EB,,
95,4461.816601,1775,1094,EB,,
751,4466.360681,1440,522,EB,,
751,4466.360681,1440,522,EB,,
820,4468.500373,1529,598,EB,,
820,4468.500373,1529,598,EB,,
3843,4471.259911,4917,2676,EB,,
1128,4474.220817,1504,978,EB,,
916,4480.382196,1595,707,EB,,
143,4481.35467,1793,1142,EB,,
1043,4485.0614,845,894,EB,,
838,4486.186402,1540,620,EB,,
474,4496.384558,1744,1487,EB,,
2547,4497.025717,1017,62,EB,,
2547,4497.025717,1017,62,EB,,
2910,4502.864991,2964,1870,EB,,
1027,4503.359285,1425,878,EB,,
3879,4505.460527,4958,2743,EB,,
69,4510.6671,1504,1068,EB,,
3210,4511.53142,3612,2219,EB,,
3958,4511.680422,911,3013,EB,,
2708,4512.660243,1389,355,EB,,
2708,4512.660243,1389,355,EB,,
2465,4517.775508,1861,155,EB,,
609,4518.511921,1831,1629,EB,,
4279,4520.295028,3449,3258,EB,,
915,4520.43923,1594,706,EB,,
920,4523.408629,1596,711,EB,,
3829,4523.78118,3021,2663,EB,,
3116,4524.732579,1559,2125,EB,,
2602,4526.847011,1268,222,EB,,
2602,4526.847011,1268,222,EB,,
2602,4526.847011,1268,222,EB,,
2602,4526.847011,1268,222,EB,,
65,4542.172974,1660,1064,EB,,
2285,4542.548694,495,28,EB,,
2285,4542.548694,495,28,EB,,
382,4554.01567,1725,1393,EB,,
379,4561.743003,1756,1390,EB,,
1030,4563.628801,1409,881,EB,,
4299,4590.415996,4887,3281,EB,,
3657,4592.558551,5260,3113,EB,,
3103,4595.3806,3618,2112,EB,,
4259,4596.936869,3574,3132,EB,,
3819,4597.064343,3572,2494,EB,,
3819,4597.064343,3572,2494,EB,,
2813,4600.237196,1623,1771,EB,,
855,4606.849736,1560,638,EB,,
2712,4611.020578,1387,359,EB,,
2712,4611.020578,1387,359,EB,,
589,4614.411927,1757,1609,EB,,
868,4620.541294,1503,651,EB,,
2701,4620.764719,1359,348,EB,,
2701,4620.764719,1359,348,EB,,
3900,4621.407677,3612,2778,EB,,
4076,4622.071788,4972,3169,EB,,
1047,4624.662529,1683,898,EB,,
2895,4625.097521,1777,1855,EB,,
2659,4635.611984,44,306,EB,,
785,4644.713851,1506,561,EB,,
785,4644.713851,1506,561,EB,,
566,4645.869182,1536,1586,EB,,
121,4655.11388,1539,1120,EB,,
2421,4655.230841,510,115,EB,,
192,4664.370492,1491,1193,EB,,
4115,4670.276795,5121,3220,EB,,
3356,4671.175865,3022,2365,EB,,
373,4671.689028,1193,1384,EB,,
64,4677.002479,1767,1063,EB,,
887,4678.710503,1579,678,EB,,
2928,4679.006023,1827,1888,EB,,
905,4683.493246,1587,696,EB,,
3868,4683.954028,1743,2733,EB,,
4109,4685.639578,4866,3216,EB,,
3334,4687.484753,1808,2343,EB,,
393,4688.276912,1742,1404,EB,,
393,4688.276912,1742,1404,EB,,
719,4688.776601,494,471,EB,,
1127,4689.791176,1390,977,EB,,
2594,4689.809025,1020,213,EB,,
3779,4691.403909,1805,2477,EB,,
2656,4691.698477,1346,303,EB,,
2656,4691.698477,1346,303,EB,,
702,4695.034816,1171,454,EB,,
1057,4696.737263,1577,908,EB,,
3894,4702.694296,4876,2764,EB,,
807,4703.494377,557,585,EB,,
3957,4705.612519,1729,3011,EB,,
394,4710.871185,1570,1405,EB,,
394,4710.871185,1570,1405,EB,,
633,4712.54931,1384,1653,EB,,
3215,4712.71535,2990,2224,EB,,
3215,4712.71535,2990,2224,EB,,
2597,4715.465096,884,216,EB,,
852,4716.159749,1557,635,EB,,
767,4717.619604,1498,540,EB,,
767,4717.619604,1498,540,EB,,
428,4720.387015,1802,1439,EB,,
4275,4746.921424,4854,3250,EB,,
3313,4747.616471,1608,2322,EB,,
2741,4750.448136,1361,388,EB,,
2741,4750.448136,1361,388,EB,,
4047,4755.332563,5147,2958,EB,,
4047,4755.332563,5147,2958,EB,,
61,4768.188202,1666,1060,EB,,
3967,4769.34332,1826,3012,EB,,
3691,4770.588739,3501,2391,EB,,
3662,4773.174023,5265,3112,EB,,
2604,4775.345123,1270,224,EB,,
2746,4781.609328,1400,393,EB,,
3847,4796.196067,3519,2685,EB,,
4214,4797.103739,5173,3102,EB,,
4050,4799.175853,4934,3143,EB,,
833,4805.775068,1538,614,EB,,
4175,4806.611307,1897,3069,EB,,
2514,4820.042102,637,32,EB,,
753,4829.13382,1488,524,EB,,
753,4829.13382,1488,524,EB,,
3928,4832.179797,4890,2806,EB,,
2736,4844.947805,1397,383,EB,,
2736,4844.947805,1397,383,EB,,
172,4845.069952,1800,1172,EB,,
3232,4863.073661,1384,2241,EB,,
3974,4863.458486,1031,3033,EB,,
3095,4864.670484,4855,2104,EB,,
158,4873.605797,1581,1157,EB,,
921,4877.09704,1597,712,EB,,
3774,4877.243015,3517,2464,EB,,
256,4879.07881,1669,1260,EB,,
3863,4888.456196,1187,2726,EB,,
277,4893.096428,1358,1281,EB,,
496,4894.327088,1543,1512,EB,,
3814,4900.467454,4915,2498,EB,,
3814,4900.467454,4915,2498,EB,,
2768,4932.08924,1286,415,EB,,
2892,4934.340934,1429,1852,EB,,
4075,4947.232654,3618,3168,EB,,
873,4952.382652,1032,664,EB,,
2900,4955.442044,1665,1860,EB,,
3151,4955.641592,1419,2160,EB,,
996,4955.89396,1031,847,EB,,
2802,4957.575229,1509,1760,EB,,
322,4968.475452,2983,1326,EB,,
322,4968.475452,2983,1326,EB,,
754,4970.934784,1489,525,EB,,
754,4970.934784,1489,525,EB,,
2577,4972.124227,911,9,EB,,
3157,4981.613915,1766,2166,EB,,
784,4982.720574,1495,560,EB,,
2709,4982.75857,1390,356,EB,,
2709,4982.75857,1390,356,EB,,
3816,4983.096787,1890,2503,EB,,
3983,4983.553427,5147,3026,EB,,
3890,4987.213223,1244,2753,EB,,
775,4992.893987,1513,548,EB,,
124,4993.43478,1786,1123,EB,,
357,4996.920858,595,1368,EB,,
3918,4999.03045,4919,2793,EB,,
862,5004.263352,1566,645,EB,,
1089,5005.491781,1614,939,EB,,
2344,5005.817982,608,23,EB,,
3815,5013.540868,4950,2501,EB,,
878,5019.359287,1186,669,EB,,
4014,5019.513463,5173,3142,EB,,
2938,5021.969175,3005,1898,EB,,
380,5022.474333,1415,1391,EB,,
145,5023.98414,1794,1144,EB,,
486,5026.066552,3456,1500,EB,,
1076,5026.457725,1715,926,EB,,
1076,5026.457725,1715,926,EB,,
299,5029.118081,1608,1303,EB,,
90,5031.315751,1773,1089,EB,,
90,5031.315751,1773,1089,EB,,
866,5033.977712,1569,649,EB,,
1039,5041.496171,1581,890,EB,,
375,5042.340808,1698,1386,EB,,
375,5042.340808,1698,1386,EB,,
639,5043.779744,1499,1659,EB,,
839,5045.110657,1541,621,EB,,
732,5045.932068,1047,484,EB,,
4229,5049.609492,1868,3106,EB,,
4055,5050.557369,4938,3146,EB,,
217,5052.289946,507,1220,EB,,
217,5052.289946,507,1220,EB,,
217,5052.289946,507,1220,EB,,
2772,5056.215452,1415,419,EB,,
3832,5056.994124,3608,2667,EB,,
2700,5058.794705,1385,347,EB,,
2845,5063.767898,1558,1804,EB,,
3099,5067.844462,1762,2108,EB,,
110,5070.18319,1495,1109,EB,,
3754,5077.636192,1765,2434,EB,,
4134,5080.533369,3449,3239,EB,,
3864,5082.738059,3446,2731,EB,,
3126,5084.750716,1536,2135,EB,,
3126,5084.750716,1536,2135,EB,,
2419,5089.926616,1130,113,EB,,
752,5092.281852,1487,523,EB,,
752,5092.281852,1487,523,EB,,
631,5100.431831,1606,1651,EB,,
1003,5105.117925,1580,854,EB,,
1821,5107.429184,816,26,EB,,
160,5107.577873,1745,1159,EB,,
2412,5122.612161,221,107,EB,,
4108,5127.406422,1798,3215,EB,,
895,5137.591074,1527,686,EB,,
270,5137.950821,1401,1274,EB,,
2511,5140.825078,1033,3,EB,,
698,5141.143927,1394,450,EB,,
2697,5142.976813,1390,344,EB,,
2697,5142.976813,1390,344,EB,,
858,5148.228635,1562,641,EB,,
534,5149.12553,1705,1550,EB,,
4315,5156.373219,5160,3286,EB,,
3092,5158.757509,3594,2101,EB,,
3092,5158.757509,3594,2101,EB,,
3152,5164.390843,2966,2161,EB,,
3563,5172.011638,5164,2765,EB,,
3563,5172.011638,5164,2765,EB,,
540,5172.742612,1660,1556,EB,,
611,5187.382001,1043,1631,EB,,
850,5193.572124,1555,633,EB,,
3188,5196.734574,3089,2197,EB,,
3134,5200.876535,1826,2143,EB,,
581,5202.954854,3508,1601,EB,,
766,5207.280168,525,539,EB,,
125,5209.683867,1538,1124,EB,,
125,5209.683867,1538,1124,EB,,
3770,5216.823764,3641,2458,EB,,
3770,5216.823764,3641,2458,EB,,
216,5217.219409,1503,1219,EB,,
1021,5219.27059,459,872,EB,,
927,5221.106257,1602,718,EB,,
3378,5221.543431,2960,2367,EB,,
3138,5228.425291,3085,2147,EB,,
481,5229.385237,1437,1495,EB,,
2852,5235.403915,3618,1811,EB,,
436,5236.670328,1740,1447,EB,,
436,5236.670328,1740,1447,EB,,
2664,5238.793964,1370,311,EB,,
3896,5244.216998,4896,2756,EB,,
2931,5254.385522,1750,1891,EB,,
2443,5261.49184,1061,135,EB,,
2539,5261.49184,1169,55,EB,,
3110,5264.168249,3446,2119,EB,,
58,5266.724854,1711,1057,EB,,
141,5270.060766,501,1140,EB,,
96,5272.004147,1510,1095,EB,,
4289,5298.344103,5321,3244,EB,,
4303,5303.916501,5327,3277,EB,,
2411,5304.83781,606,106,EB,,
2411,5304.83781,606,106,EB,,
2537,5305.791274,596,53,EB,,
3887,5306.177783,3615,2757,EB,,
2913,5311.588687,1851,1873,EB,,
2622,5311.881493,917,242,EB,,
4283,5314.016659,5318,3259,EB,,
4283,5314.016659,5318,3259,EB,,
619,5314.615857,1412,1639,EB,,
109,5315.767929,1782,1108,EB,,
3853,5318.034396,1489,2690,EB,,
2692,5326.269242,1383,339,EB,,
433,5327.466889,1729,1444,EB,,
189,5330.770924,1822,1190,EB,,
3386,5335.346607,2980,2382,EB,,
1117,5344.223394,1396,967,EB,,
1004,5349.830925,1415,855,EB,,
679,5354.12959,1881,1699,EB,,
1017,5354.614863,1590,868,EB,,
254,5366.001619,1550,1258,EB,,
261,5370.717742,1878,1265,EB,,
2695,5374.405923,1274,342,EB,,
4248,5375.107027,4872,3119,EB,,
3790,5375.82695,3596,2478,EB,,
1079,5376.048335,1043,929,EB,,
2764,5380.398244,1406,411,EB,,
2764,5380.398244,1406,411,EB,,
672,5383.221267,1187,1692,EB,,
707,5386.571022,1215,459,EB,,
102,5386.913452,1355,1101,EB,,
3339,5389.597238,1868,2348,EB,,
2660,5390.535099,1347,307,EB,,
4284,5396.866974,5319,3266,EB,,
740,5397.887695,1441,509,EB,,
740,5397.887695,1441,509,EB,,
2403,5399.239015,922,1,EB,,
1002,5399.711588,1666,853,EB,,
1091,5407.558955,1623,941,EB,,
117,5410.470711,453,1116,EB,,
111,5425.344885,1756,1110,EB,,
3811,5426.90325,3087,2496,EB,,
2657,5429.841576,1159,304,EB,,
252,5430.469587,1166,1256,EB,,
925,5445.298675,1600,716,EB,,
1061,5445.811574,849,912,EB,,
3296,5448.875212,3498,2305,EB,,
1108,5453.145733,774,958,EB,,
3838,5463.029709,1543,2675,EB,,
3822,5463.362024,4917,2657,EB,,
600,5479.729023,2959,1620,EB,,
3633,5483.880378,5235,3082,EB,,
861,5495.289044,1565,644,EB,,
745,5500.587308,1504,514,EB,,
2901,5500.674938,1512,1861,EB,,
2559,5502.137178,921,73,EB,,
2331,5511.947765,1017,11,EB,,
595,5515.34621,2960,1615,EB,,
292,5521.84429,1042,1296,EB,,
3163,5548.544729,3444,2172,EB,,
3145,5556.091667,1031,2154,EB,,
993,5559.98471,1222,844,EB,,
3809,5560.824978,3445,2479,EB,,
3809,5560.824978,3445,2479,EB,,
2581,5566.825008,1211,93,EB,,
1139,5570.8422,1751,989,EB,,
2295,5571.647007,609,37,EB,,
2295,5571.647007,609,37,EB,,
3750,5572.052244,1031,2599,EB,,
641,5596.393682,1823,1661,EB,,
597,5626.31962,2990,1617,EB,,
2553,5627.138305,1183,68,EB,,
860,5627.404167,1564,643,EB,,
898,5627.952112,1584,689,EB,,
56,5652.338559,221,1055,EB,,
3230,5654.366828,1523,2239,EB,,
115,5667.995791,1540,1114,EB,,
115,5667.995791,1540,1114,EB,,
115,5667.995791,1540,1114,EB,,
2491,5673.98091,449,19,EB,,
3093,5675.34856,3486,2102,EB,,
178,5680.19772,1802,1178,EB,,
401,5682.238058,497,1412,EB,,
401,5682.238058,497,1412,EB,,
401,5682.238058,497,1412,EB,,
480,5691.524094,1018,1494,EB,,
480,5691.524094,1018,1494,EB,,
3121,5713.98978,1702,2130,EB,,
2415,5716.853173,1163,11,EB,,
3133,5717.038586,4805,2142,EB,,
3133,5717.038586,4805,2142,EB,,
1121,5727.945175,1020,971,EB,,
903,5733.768345,1515,694,EB,,
3666,5736.431158,5269,3124,EB,,
3836,5743.9819,4904,2673,EB,,
4305,5757.437764,3444,3278,EB,,
2704,5762.495377,1231,351,EB,,
2704,5762.495377,1231,351,EB,,
3651,5763.331961,5254,3100,EB,,
446,5768.907663,1356,1457,EB,,
376,5771.699366,1766,1387,EB,,
2239,5776.396121,525,187,EB,,
2239,5776.396121,525,187,EB,,
3211,5779.802495,1742,2220,EB,,
3211,5779.802495,1742,2220,EB,,
351,5783.079889,1782,1362,EB,,
238,5785.925719,458,1242,EB,,
3101,5791.132559,1607,2110,EB,,
3101,5791.132559,1607,2110,EB,,
2766,5797.173684,1411,413,EB,,
2766,5797.173684,1411,413,EB,,
3140,5798.675844,2962,2149,EB,,
844,5815.908999,1553,627,EB,,
191,5827.024769,1823,1192,EB,,
2490,5833.358099,1157,18,EB,,
2691,5836.679619,915,338,EB,,
235,5845.621493,1864,1239,EB,,
2564,5851.456421,1200,78,EB,,
2529,5851.73795,1168,46,EB,,
555,5853.849578,1722,1575,EB,,
555,5853.849578,1722,1575,EB,,
555,5853.849578,1722,1575,EB,,
2561,5863.509833,1178,75,EB,,
2223,5866.929404,467,172,EB,,
2222,5891.231273,509,171,EB,,
2222,5891.231273,509,171,EB,,
3849,5905.021256,1499,2686,EB,,
2606,5906.179613,1272,226,EB,,
2567,5908.504682,1036,80,EB,,
3682,5910.278958,2964,2368,EB,,
710,5910.453961,668,462,EB,,
1122,5912.054215,1247,972,EB,,
2743,5915.816349,1364,390,EB,,
2743,5915.816349,1364,390,EB,,
4290,5922.044772,5322,3246,EB,,
271,5927.596653,1381,1275,EB,,
2568,5932.795916,1184,81,EB,,
3143,5942.68386,3020,2152,EB,,
3143,5942.68386,3020,2152,EB,,
2614,5944.401376,1177,234,EB,,
831,5950.47747,1549,612,EB,,
3329,5968.454585,1494,2338,EB,,
60,5989.333392,1743,1059,EB,,
3169,5990.099868,3606,2178,EB,,
3169,5990.099868,3606,2178,EB,,
3149,5993.724599,2980,2158,EB,,
1018,5994.699845,1670,869,EB,,
2516,6001.71401,1159,34,EB,,
4191,6007.78927,4971,3081,EB,,
3381,6008.562412,1740,2378,EB,,
3882,6027.730578,1872,2746,EB,,
3882,6027.730578,1872,2746,EB,,
3882,6027.730578,1872,2746,EB,,
598,6045.773456,1504,1618,EB,,
728,6046.713797,450,480,EB,,
2436,6056.211031,1040,129,EB,,
928,6063.177542,1603,719,EB,,
4320,6064.781838,4939,3285,EB,,
4316,6065.060779,4863,3287,EB,,
3200,6072.496748,1797,2209,EB,,
1062,6073.90344,1438,913,EB,,
2420,6092.823134,477,114,EB,,
118,6093.985419,1698,1117,EB,,
59,6096.903673,1040,1058,EB,,
2806,6102.611489,1606,1764,EB,,
3217,6106.165923,453,2226,EB,,
2628,6111.824651,868,248,EB,,
381,6121.771567,1743,1392,EB,,
2751,6126.649337,1408,398,EB,,
2751,6126.649337,1408,398,EB,,
3202,6134.809332,1805,2211,EB,,
4274,6140.804701,1868,3249,EB,,
757,6142.734526,1491,529,EB,,
757,6142.734526,1491,529,EB,,
2811,6143.961998,1542,1769,EB,,
2811,6143.961998,1542,1769,EB,,
859,6144.62888,1563,642,EB,,
1141,6153.566004,1553,991,EB,,
2376,6154.592068,1055,53,EB,,
3198,6162.419134,1401,2207,EB,,
2498,6168.816173,1244,204,EB,,
901,6169.065948,497,692,EB,,
3690,6184.09209,3089,2401,EB,,
3690,6184.09209,3089,2401,EB,,
94,6187.16604,1731,1093,EB,,
179,6189.944592,1803,1179,EB,,
3687,6190.468847,1581,2397,EB,,
3687,6190.468847,1581,2397,EB,,
856,6198.225947,1561,639,EB,,
2666,6216.363315,557,313,EB,,
2810,6222.467679,1603,1768,EB,,
3862,6238.017314,1740,2724,EB,,
409,6246.38703,1774,1420,EB,,
2520,6259.869304,1180,38,EB,,
2670,6262.853722,1234,317,EB,,
175,6272.416383,1244,1175,EB,,
122,6290.06167,1682,1121,EB,,
4106,6307.241348,5133,3213,EB,,
2598,6319.714486,1274,218,EB,,
407,6331.888199,1165,1418,EB,,
106,6333.778235,1609,1105,EB,,
3782,6341.353868,3505,2465,EB,,
2844,6349.727823,1504,1803,EB,,
2844,6349.727823,1504,1803,EB,,
2853,6365.61782,1543,1812,EB,,
1112,6373.525198,1740,962,EB,,
3196,6376.908401,1593,2205,EB,,
2554,6380.447145,1189,69,EB,,
3873,6394.169245,4881,2737,EB,,
2276,6399.102128,494,22,EB,,
2276,6399.102128,494,22,EB,,
3115,6406.278583,1581,2124,EB,,
3888,6408.096761,5077,2752,EB,,
419,6418.204259,1559,1430,EB,,
2426,6422.186459,609,12,EB,,
3130,6422.266627,3497,2139,EB,,
585,6437.576054,1029,1605,EB,,
3899,6469.229069,1742,2759,EB,,
1009,6474.504046,1506,860,EB,,
2496,6475.362349,501,202,EB,,
2703,6483.583174,868,350,EB,,
3895,6486.489871,4878,2761,EB,,
2763,6488.430785,1404,410,EB,,
3385,6489.473118,1031,2375,EB,,
2291,6492.099987,497,33,EB,,
2291,6492.099987,497,33,EB,,
2640,6498.160982,498,260,EB,,
2576,6498.255949,951,89,EB,,
682,6519.103489,1765,1702,EB,,
2721,6519.415337,1396,368,EB,,
2721,6519.415337,1396,368,EB,,
3160,6527.267789,2964,2169,EB,,
3763,6542.566017,3515,2450,EB,,
3763,6542.566017,3515,2450,EB,,
1069,6550.960825,1435,920,EB,,
1069,6550.960825,1435,920,EB,,
2571,6569.335861,1194,84,EB,,
3971,6578.241201,2966,3032,EB,,
186,6584.161395,1699,1187,EB,,
3091,6593.43821,1187,2100,EB,,
2605,6595.522715,1271,225,EB,,
2518,6595.915388,1172,36,EB,,
1058,6600.880748,1188,909,EB,,
3223,6619.658853,1616,2232,EB,,
3223,6619.658853,1616,2232,EB,,
3672,6626.304293,1415,2385,EB,,
3783,6644.956651,1244,2469,EB,,
1129,6667.196143,1552,979,EB,,
594,6668.081193,2984,1614,EB,,
904,6668.778385,1166,695,EB,,
3865,6675.908139,4887,2732,EB,,
3865,6675.908139,4887,2732,EB,,
3207,6676.308322,3573,2216,EB,,
3207,6676.308322,3573,2216,EB,,
2702,6677.41298,1386,349,EB,,
2624,6689.117121,528,244,EB,,
3759,6699.396194,1384,2438,EB,,
3759,6699.396194,1384,2438,EB,,
4319,6707.893153,5335,3292,EB,,
3817,6713.418222,5116,2504,EB,,
3817,6713.418222,5116,2504,EB,,
2560,6725.578619,1188,74,EB,,
1105,6769.192368,1218,955,EB,,
2610,6779.569111,1051,230,EB,,
3870,6781.462872,2966,2734,EB,,
769,6784.19466,1508,542,EB,,
3874,6787.899404,4912,2738,EB,,
3978,6797.638596,3456,3025,EB,,
843,6799.280521,1552,626,EB,,
119,6800.850558,1570,1118,EB,,
3780,6802.103021,4892,2466,EB,,
2475,6802.826353,1242,164,EB,,
2689,6807.132417,1357,336,EB,,
475,6820.802268,1040,1488,EB,,
68,6834.255005,1553,1067,EB,,
3778,6838.234945,4894,2468,EB,,
2851,6858.582969,221,1810,EB,,
2558,6864.028605,1186,72,EB,,
3891,6876.039943,1752,2766,EB,,
411,6886.16637,1541,1422,EB,,
849,6895.080019,1543,632,EB,,
187,6921.336302,1821,1188,EB,,
3915,6927.643841,1868,2792,EB,,
2334,6949.411499,1020,14,EB,,
2893,6949.677687,3460,1853,EB,,
2422,6960.138241,163,116,EB,,
2422,6960.138241,163,116,EB,,
2538,6960.138241,497,54,EB,,
922,6970.957544,1598,713,EB,,
2531,6979.634369,677,48,EB,,
2618,6982.320947,509,238,EB,,
2618,6982.320947,509,238,EB,,
156,6992.391712,1429,1155,EB,,
3810,7022.762315,3490,2497,EB,,
349,7024.900775,1244,1360,EB,,
686,7043.030695,1729,1708,EB,,
1085,7043.395239,1722,935,EB,,
735,7062.961613,1437,503,EB,,
3956,7093.098554,1750,3000,EB,,
3659,7106.666754,5262,3105,EB,,
2418,7110.799418,850,112,EB,,
2524,7122.992936,1047,41,EB,,
2484,7127.486936,1030,172,EB,,
2484,7127.486936,1030,172,EB,,
2548,7127.486936,1177,63,EB,,
841,7144.37779,1542,623,EB,,
4045,7177.568852,1740,2961,EB,,
4045,7177.568852,1740,2961,EB,,
2575,7191.97329,1195,88,EB,,
4182,7206.179744,1752,3078,EB,,
3187,7209.956474,1196,2196,EB,,
2565,7212.186725,441,79,EB,,
2556,7220.546928,1198,70,EB,,
1114,7242.247852,1485,964,EB,,
2534,7262.554689,1173,50,EB,,
2804,7285.965225,3020,1762,EB,,
2804,7285.965225,3020,1762,EB,,
2904,7307.134343,1580,1864,EB,,
1074,7314.2269,1684,924,EB,,
924,7341.045538,1599,715,EB,,
1014,7381.840933,1188,865,EB,,
2759,7383.673002,1411,406,EB,,
2759,7383.673002,1411,406,EB,,
1860,7407.929601,1068,8,EB,,
1860,7407.929601,1068,8,EB,,
4082,7415.102863,1752,3175,EB,,
3146,7443.322277,1848,2155,EB,,
2850,7453.350663,3021,1809,EB,,
2579,7453.882136,1041,91,EB,,
4111,7466.85645,3093,2380,EB,,
4111,7466.85645,3093,2380,EB,,
3880,7468.235877,2963,2745,EB,,
2667,7470.679544,1203,314,EB,,
3097,7472.253071,4854,2106,EB,,
2591,7476.574641,1221,210,EB,,
2905,7517.437937,3511,1865,EB,,
3394,7518.397343,4876,2384,EB,,
3203,7533.914419,1774,2212,EB,,
3191,7560.675365,1356,2200,EB,,
2843,7578.787366,3453,1802,EB,,
2658,7646.45912,1158,305,EB,,
2658,7646.45912,1158,305,EB,,
2676,7662.532776,849,323,EB,,
2414,7715.181806,65,109,EB,,
3167,7722.301059,3003,2176,EB,,
3167,7722.301059,3003,2176,EB,,
2194,7764.839059,216,146,EB,,
3189,7773.140915,4886,2198,EB,,
3189,7773.140915,4886,2198,EB,,
403,7829.947921,441,1414,EB,,
3753,7842.146275,1503,2444,EB,,
2890,7855.252595,1869,1850,EB,,
4291,7882.253856,5269,3269,EB,,
588,7888.269298,1276,1608,EB,,
804,7937.782962,629,581,EB,,
2470,7955.657028,912,16,EB,,
2849,7988.407705,1699,1808,EB,,
1050,8002.78181,823,901,EB,,
2714,8016.274088,1365,361,EB,,
2714,8016.274088,1365,361,EB,,
2654,8017.14931,1345,301,EB,,
3204,8017.511628,1199,2213,EB,,
4127,8052.364801,5260,3229,EB,,
4056,8052.829714,5262,3151,EB,,
2842,8058.906881,1821,1801,EB,,
2481,8088.013582,1156,17,EB,,
1097,8090.675798,1566,947,EB,,
3293,8096.700546,3489,2302,EB,,
3872,8116.910136,1852,2739,EB,,
997,8135.687644,1511,848,EB,,
1042,8164.430024,1276,893,EB,,
2231,8180.655308,921,18,EB,,
2231,8180.655308,921,18,EB,,
211,8198.443847,1213,1214,EB,,
3875,8207.182809,1664,2742,EB,,
4280,8209.49354,5267,3262,EB,,
2535,8210.218408,1174,51,EB,,
3118,8231.187752,4866,2127,EB,,
2371,8253.767451,1043,48,EB,,
2413,8263.587322,1203,108,EB,,
2423,8274.754774,455,117,EB,,
2680,8283.916793,639,327,EB,,
2454,8292.461531,559,145,EB,,
2454,8292.461531,559,145,EB,,
2546,8292.461531,1182,61,EB,,
799,8336.31678,1530,576,EB,,
799,8336.31678,1530,576,EB,,
709,8370.925673,677,461,EB,,
1118,8371.699905,1510,968,EB,,
990,8377.178693,1187,841,EB,,
990,8377.178693,1187,841,EB,,
3877,8391.103678,2964,2740,EB,,
2896,8414.127245,3088,1856,EB,,
2713,8489.517156,1361,360,EB,,
2713,8489.517156,1361,360,EB,,
1019,8524.7417,1042,870,EB,,
2681,8525.26534,563,328,EB,,
3186,8529.178018,1018,2195,EB,,
3388,8544.006517,1710,2390,EB,,
2675,8550.96251,1380,322,EB,,
875,8557.591672,1385,666,EB,,
797,8568.319012,1520,574,EB,,
797,8568.319012,1520,574,EB,,
3848,8588.085924,1762,2688,EB,,
3119,8614.591097,4867,2128,EB,,
2688,8620.598712,1130,335,EB,,
2497,8664.616631,927,203,EB,,
2805,8697.212947,1665,1763,EB,,
2805,8697.212947,1665,1763,EB,,
2805,8697.212947,1665,1763,EB,,
3162,8716.394792,1790,2171,EB,,
3162,8716.394792,1790,2171,EB,,
372,8727.400565,912,1383,EB,,
2724,8864.715559,1360,371,EB,,
350,8867.023138,1742,1361,EB,,
2526,8879.895189,329,43,EB,,
2891,8907.484561,1759,1851,EB,,
2891,8907.484561,1759,1851,EB,,
2891,8907.484561,1759,1851,EB,,
2891,8907.484561,1759,1851,EB,,
788,8910.726754,1502,565,EB,,
788,8910.726754,1502,565,EB,,
2360,8925.439573,792,38,EB,,
2747,8949.137113,1185,394,EB,,
1103,8966.797997,1542,953,EB,,
2621,9040.224975,1170,241,EB,,
2580,9067.257598,1197,92,EB,,
3830,9072.120203,1193,2664,EB,,
2687,9200.683019,1356,334,EB,,
2193,9225.615405,221,145,EB,,
2627,9241.140085,1278,247,EB,,
2578,9277.966273,1196,90,EB,,
2582,9302.932701,828,94,EB,,
795,9318.141394,1032,572,EB,,
2684,9384.630094,1153,331,EB,,
2672,9423.997011,1213,319,EB,,
3172,9459.618918,3093,2181,EB,,
3172,9459.618918,3093,2181,EB,,
2682,9466.933659,847,329,EB,,
3135,9501.117655,1499,2144,EB,,
2718,9530.626492,504,365,EB,,
3775,9559.017505,3615,2445,EB,,
3775,9559.017505,3615,2445,EB,,
890,9563.406532,1063,681,EB,,
2369,9578.634951,1041,46,EB,,
999,9587.648098,1510,850,EB,,
1130,9592.900801,1698,980,EB,,
1130,9592.900801,1698,980,EB,,
2522,9624.101415,500,4,EB,,
2527,9913.747492,1179,44,EB,,
1001,10014.13552,1040,852,EB,,
2626,10017.86595,1045,246,EB,,
2626,10017.86595,1045,246,EB,,
2637,10081.06093,522,257,EB,,
637,10126.05383,1611,1657,EB,,
637,10126.05383,1611,1657,EB,,
637,10126.05383,1611,1657,EB,,
2847,10172.83792,3010,1806,EB,,
2847,10172.83792,3010,1806,EB,,
2521,10233.75257,550,39,EB,,
2482,10372.06074,942,170,EB,,
2663,10405.765,1369,310,EB,,
3878,10428.87294,4888,2744,EB,,
2450,10485.49986,1235,141,EB,,
2450,10485.49986,1235,141,EB,,
2450,10485.49986,1235,141,EB,,
2540,10485.49986,941,56,EB,,
2593,10516.67599,1247,212,EB,,
782,10617.26069,1517,556,EB,,
1075,10682.51447,1570,925,EB,,
3159,10687.83166,1743,2168,EB,,
3159,10687.83166,1743,2168,EB,,
3159,10687.83166,1743,2168,EB,,
2686,10710.70954,865,333,EB,,
4288,10768.29039,1029,3261,EB,,
816,10802.44671,1526,594,EB,,
3221,10826.69114,1827,2230,EB,,
2483,10923.51107,1032,171,EB,,
2652,10968.82857,220,272,EB,,
2652,10968.82857,220,272,EB,,
2677,10975.75813,847,324,EB,,
2677,10975.75813,847,324,EB,,
2552,11012.56594,1192,67,EB,,
2367,11016.85941,629,44,EB,,
2678,11019.40336,1028,325,EB,,
2417,11187.27619,608,111,EB,,
2809,11227.67402,3024,1767,EB,,
2809,11227.67402,3024,1767,EB,,
2532,11295.57861,1049,49,EB,,
1011,11342.85234,1359,862,EB,,
1011,11342.85234,1359,862,EB,,
2587,11347.34651,1218,99,EB,,
3144,11383.20863,1510,2153,EB,,
2292,11385.41307,927,34,EB,,
2292,11385.41307,927,34,EB,,
2586,11454.58876,1217,98,EB,,
2586,11454.58876,1217,98,EB,,
2742,11549.1732,1366,389,EB,,
2742,11549.1732,1366,389,EB,,
3664,11735.68921,5267,3120,EB,,
2954,11738.29999,1271,1914,EB,,
2685,11924.04431,1355,332,EB,,
814,11963.18521,1524,592,EB,,
2653,14001.95021,1029,273,EB,,
2551,14004.97576,1191,66,EB,,
2551,14004.97576,1191,66,EB,,
3179,14175.29099,1580,2188,EB,,
3179,14175.29099,1580,2188,EB,,
889,14926.56323,858,680,EB,,
882,15878.93359,1370,673,EB,,
2808,16622.6733,3456,1766,EB,,
2649,17050.92074,467,269,EB,,
2649,17050.92074,467,269,EB,,
2646,17621.09645,1303,266,EB,,
2646,17621.09645,1303,266,EB,,
809,19624.11704,1528,587,EB,,
809,19624.11704,1528,587,EB,,
2645,19855.17471,1028,265,EB,,
2645,19855.17471,1028,265,EB,,
815,20064.77626,1525,593,EB,,
806,21885.52482,1535,583,EB,,
3785,115868.9295,1533,2476,EB,,
3785,115868.9295,1533,2476,EB,,
2441,10599.41096,,133,EAF,6,30
2619,7453.016464,,239,EAF,6,30
2655,3738.26384,,302,EAF,6,30
2668,12666.15956,,315,EAF,6,30
2672,4867.995003,,319,EAF,6,29
2694,6966.520745,,341,EAF,6,29
2697,7608.491802,,344,EAF,6,13
2699,4328.290337,,346,EAF,6,10
2700,5014.739616,,347,EAF,6,10
2701,5983.033113,,348,EAF,6,10
2708,7011.012838,,355,EAF,6,10
2708,5824.446987,,355,EAF,6,15
2713,8416.009684,,360,EAF,6,12
2714,11930.04933,,361,EAF,6,13
2719,9378.239492,,366,EAF,6,29
2720,3426.743175,,367,EAF,6,10
2720,6542.055076,,367,EAF,6,12
2721,6547.58371,,368,EAF,6,12
2731,5675.006247,,378,EAF,6,13
2736,8635.746795,,383,EAF,6,13
2741,7749.600397,,388,EAF,6,13
2746,5923.32168,,393,EAF,6,10
2759,16996.97891,,406,EAF,6,13
698,3078.824195,,450,EAF,6,35
707,3755.930613,,459,EAF,6,29
711,4321.678959,,463,EAF,6,16
715,4202.808529,,467,EAF,6,29
716,5696.082056,,468,EAF,6,29
717,5143.929184,,469,EAF,6,29
722,5083.697506,,474,EAF,6,29
737,9129.724452,,505,EAF,6,36
740,8054.016833,,509,EAF,6,36
753,6562.124459,,524,EAF,6,36
759,4751.892666,,531,EAF,6,28
762,8457.677219,,534,EAF,6,29
764,5550.734194,,536,EAF,6,28
767,5282.137409,,540,EAF,6,21
767,5838.369691,,540,EAF,6,22
775,5301.857908,,548,EAF,6,31
784,10973.40435,,560,EAF,6,29
788,7712.036003,,565,EAF,6,28
791,1488.781314,,568,EAF,6,31
813,3100.121376,,591,EAF,6,35
815,4234.780156,,593,EAF,6,36
816,5714.575159,,594,EAF,6,13
818,9641.751728,,596,EAF,6,28
819,7579.082168,,597,EAF,6,28
821,7068.859346,,599,EAF,6,29
822,5079.624647,,602,EAF,6,30
869,5839.590841,,660,EAF,6,31
874,4909.966829,,665,EAF,6,31
875,7172.280421,,666,EAF,6,31
910,8650.117615,,701,EAF,6,10
910,7671.095673,,701,EAF,6,12
910,4383.246957,,701,EAF,6,13
910,5802.606698,,701,EAF,6,14
910,6909.445719,,701,EAF,6,15
910,6626.321045,,701,EAF,6,16
910,6911.087596,,701,EAF,6,19
910,6419.111698,,701,EAF,6,20
910,6440.619179,,701,EAF,6,21
910,6595.108157,,701,EAF,6,22
924,9944.48707,,715,EAF,6,29
925,8327.670419,,716,EAF,6,29
926,8007.36898,,717,EAF,6,29
932,5736.332536,,723,EAF,6,31
944,7939.009243,,735,EAF,6,20
945,6473.65835,,736,EAF,6,31
946,7379.240108,,737,EAF,6,20
947,4746.3851,,738,EAF,6,20
948,6075.828747,,739,EAF,6,20
949,4583.590886,,740,EAF,6,31
1009,5604.547587,,860,EAF,6,31
1010,4484.78524,,861,EAF,6,21
1010,4876.397745,,861,EAF,6,22
1040,7112.231953,,891,EAF,6,30
1041,488.6326476,,892,EAF,6,20
1054,6403.800247,,905,EAF,6,20
1071,7321.415891,,921,EAF,6,20
1071,7741.287131,,921,EAF,6,31
1099,6610.852587,,949,EAF,6,20
1100,5680.787631,,950,EAF,6,36
1101,6783.427668,,951,EAF,6,20
1107,7170.667409,,957,EAF,6,20
1110,4757.992438,,960,EAF,6,20
1117,4150.925021,,967,EAF,6,20
1127,3057.045517,,977,EAF,6,13
86,4548.526328,,1085,EAF,6,12
110,2354.364332,,1109,EAF,6,31
193,8533.131879,,1194,EAF,6,29
197,5372.075073,,1200,EAF,6,20
198,7891.643702,,1201,EAF,6,20
211,2957.970583,,1214,EAF,6,13
212,7456.275641,,1215,EAF,6,36
213,6212.66751,,1216,EAF,6,31
218,4441.315467,,1221,EAF,6,30
219,4915.97679,,1222,EAF,6,10
219,3065.670996,,1222,EAF,6,15
222,6407.439188,,1226,EAF,6,19
223,6387.326441,,1227,EAF,6,31
225,5431.434692,,1229,EAF,6,32
227,8242.114021,,1231,EAF,6,19
228,2015.436998,,1232,EAF,6,29
229,7429.575292,,1233,EAF,6,19
230,5613.999141,,1234,EAF,6,30
280,7718.889475,,1284,EAF,6,30
288,1394.384338,,1292,EAF,6,21
288,1389.080155,,1292,EAF,6,22
298,5257.478592,,1302,EAF,6,30
335,5958.667496,,1340,EAF,6,15
355,10146.55679,,1366,EAF,6,30
367,1867.379266,,1378,EAF,6,22
378,5924.348859,,1389,EAF,6,24
387,7309.882128,,1398,EAF,6,20
415,8452.56717,,1426,EAF,6,30
427,7583.714565,,1438,EAF,6,30
430,6536.722245,,1441,EAF,6,30
431,6589.263033,,1442,EAF,6,32
432,7067.045046,,1443,EAF,6,30
447,6065.521344,,1458,EAF,6,30
476,5861.276013,,1489,EAF,6,30
494,5305.480171,,1510,EAF,6,30
527,4184.22888,,1543,EAF,6,32
535,4692.668309,,1551,EAF,6,30
543,5616.807952,,1559,EAF,6,21
543,6404.305669,,1559,EAF,6,22
563,6109.46768,,1583,EAF,6,36
565,8148.907459,,1585,EAF,6,32
566,6315.8193,,1586,EAF,6,13
583,3680.063366,,1603,EAF,6,32
587,8414.366144,,1607,EAF,6,32
593,8573.037942,,1613,EAF,6,32
608,5413.090588,,1628,EAF,6,35
612,6863.19874,,1632,EAF,6,32
613,5520.601634,,1633,EAF,6,32
614,5193.259653,,1634,EAF,6,32
615,5702.500089,,1635,EAF,6,32
618,6662.715773,,1638,EAF,6,35
620,7229.82459,,1640,EAF,6,32
621,4354.656592,,1641,EAF,6,32
622,6458.829052,,1642,EAF,6,32
624,7622.110067,,1644,EAF,6,32
632,8398.987399,,1652,EAF,6,36
634,4268.069658,,1654,EAF,6,35
635,5942.370003,,1655,EAF,6,36
636,5862.388333,,1656,EAF,6,33
638,7948.272909,,1658,EAF,6,36
640,10060.71528,,1660,EAF,6,33
642,4842.721995,,1662,EAF,6,28
643,9116.283775,,1663,EAF,6,33
644,10653.02814,,1664,EAF,6,33
645,11966.96043,,1665,EAF,6,33
646,5646.085581,,1666,EAF,6,10
646,2670.524458,,1666,EAF,6,15
647,9697.694154,,1668,EAF,6,36
648,11669.65686,,1669,EAF,6,33
651,4966.506014,,1671,EAF,6,23
652,5392.78317,,1672,EAF,6,36
653,10019.56945,,1673,EAF,6,33
655,5217.865846,,1675,EAF,6,36
659,3728.178781,,1679,EAF,6,22
660,4556.907392,,1680,EAF,6,23
661,5858.274497,,1681,EAF,6,36
662,2587.970519,,1682,EAF,6,23
663,9468.92743,,1683,EAF,6,36
666,6843.101658,,1686,EAF,6,33
667,5945.549394,,1687,EAF,6,36
674,4551.398784,,1694,EAF,6,36
675,5903.210791,,1695,EAF,6,20
676,4680.064863,,1696,EAF,6,33
677,4546.052865,,1697,EAF,6,33
678,5153.982873,,1698,EAF,6,33
2791,9251.520106,,1706,EAF,6,29
2792,13211.75303,,1712,EAF,6,19
2793,12076.04163,,1713,EAF,6,19
687,5341.636824,,1717,EAF,6,33
688,7093.854609,,1718,EAF,6,16
689,5739.665298,,1719,EAF,6,33
690,7197.690341,,1721,EAF,6,33
691,6781.765878,,1722,EAF,6,33
692,6695.314483,,1723,EAF,6,21
692,5713.146141,,1723,EAF,6,22
693,4777.2085,,1724,EAF,6,33
694,4301.122695,,1725,EAF,6,33
695,7344.696038,,1750,EAF,6,15
967,3832.314935,,1752,EAF,6,16
2823,4581.163324,,1781,EAF,6,16
2840,4490.564624,,1799,EAF,6,33
2901,7173.728028,,1861,EAF,6,30
2955,4913.87672,,1915,EAF,6,24
2956,5883.951734,,1916,EAF,6,24
2971,3889.065619,,1924,EAF,6,36
2972,5552.310462,,1925,EAF,6,25
2985,5994.51879,,1938,EAF,6,36
2987,2248.838644,,1940,EAF,6,25
3107,3859.960669,,2116,EAF,6,25
3108,6809.196457,,2117,EAF,6,20
3109,4421.978516,,2118,EAF,6,25
3120,5918.484365,,2129,EAF,6,16
3121,3879.025654,,2130,EAF,6,21
3121,4299.091272,,2130,EAF,6,22
3126,3374.099268,,2135,EAF,6,15
3132,7065.672809,,2141,EAF,6,33
3134,4477.949511,,2143,EAF,6,21
3134,5178.011096,,2143,EAF,6,22
3139,6247.226643,,2148,EAF,6,33
3141,5010.296969,,2150,EAF,6,21
3141,5635.743507,,2150,EAF,6,22
3146,1684.345605,,2155,EAF,6,34
3151,4776.843332,,2160,EAF,6,13
3153,6877.267416,,2162,EAF,6,34
3155,6651.147555,,2164,EAF,6,34
3163,6703.255753,,2172,EAF,6,19
3165,10534.39006,,2174,EAF,6,34
3170,7762.253774,,2179,EAF,6,34
3171,11366.46864,,2180,EAF,6,34
3175,7041.010746,,2184,EAF,6,34
3182,6767.599593,,2191,EAF,6,34
3183,4184.792511,,2192,EAF,6,34
3192,7479.96916,,2201,EAF,6,16
3194,7038.17579,,2203,EAF,6,30
3197,8855.346059,,2206,EAF,6,21
3197,9624.312244,,2206,EAF,6,22
3205,6566.65015,,2214,EAF,6,21
3205,7335.320882,,2214,EAF,6,22
3206,8573.46534,,2215,EAF,6,34
3209,7847.281391,,2218,EAF,6,34
3211,4316.507993,,2220,EAF,6,14
3216,7716.231705,,2225,EAF,6,34
3219,5848.225759,,2228,EAF,6,36
3224,8120.262172,,2233,EAF,6,14
3225,4011.072217,,2234,EAF,6,21
3225,4746.382945,,2234,EAF,6,22
3231,4693.659911,,2240,EAF,6,21
3231,5576.143894,,2240,EAF,6,22
3232,3122.933982,,2241,EAF,6,14
3233,8166.300413,,2242,EAF,6,34
3234,5358.802997,,2243,EAF,6,14
3235,3965.009073,,2244,EAF,6,14
3236,8803.027108,,2245,EAF,6,34
3238,6034.873989,,2247,EAF,6,14
3239,5387.797653,,2248,EAF,6,34
3240,7243.294143,,2249,EAF,6,21
3240,7624.619579,,2249,EAF,6,22
3241,7392.947238,,2250,EAF,6,21
3241,8273.814269,,2250,EAF,6,22
3242,4108.060277,,2251,EAF,6,34
3243,7971.780513,,2252,EAF,6,20
3243,5796.906423,,2252,EAF,6,34
3244,11973.49411,,2253,EAF,6,20
3245,6149.94791,,2254,EAF,6,21
3245,6114.890644,,2254,EAF,6,22
3246,9623.131714,,2255,EAF,6,19
3247,6272.604003,,2256,EAF,6,34
3248,6761.658184,,2257,EAF,6,21
3248,6656.075045,,2257,EAF,6,22
3249,6564.565086,,2258,EAF,6,19
3251,8702.214788,,2260,EAF,6,34
3257,6374.517349,,2266,EAF,6,34
3285,1851.120168,,2294,EAF,6,35
3287,5907.533744,,2296,EAF,6,29
3288,4399.366674,,2297,EAF,6,15
3288,5705.573233,,2297,EAF,6,21
3288,5892.432534,,2297,EAF,6,22
3290,7252.398978,,2299,EAF,6,19
3297,5032.083881,,2306,EAF,6,19
3302,8810.062918,,2311,EAF,6,19
3321,7797.539713,,2330,EAF,6,19
3326,8015.287685,,2335,EAF,6,19
3343,8593.527431,,2352,EAF,6,19
3346,6025.972725,,2355,EAF,6,19
3353,6192.585762,,2362,EAF,6,19
3382,4074.742118,,2377,EAF,6,19
3685,3215.354094,,2392,EAF,6,35
3751,8370.468684,,2433,EAF,6,35
3759,5249.636642,,2438,EAF,6,35
3760,4720.906968,,2454,EAF,6,16
3771,5056.617956,,2463,EAF,6,28
3774,5783.877308,,2464,EAF,6,28
3780,6020.591613,,2466,EAF,6,35
3778,6096.961126,,2468,EAF,6,28
3788,3004.802273,,2472,EAF,6,23
3787,5794.136699,,2473,EAF,6,35
3779,4150.723114,,2477,EAF,6,23
3790,6363.016549,,2478,EAF,6,23
3514,5157.6176,,2487,EAF,6,11
3514,5796.877849,,2487,EAF,6,19
3805,6003.340971,,2489,EAF,6,28
3516,6.410275917,,2491,EAF,6,11
3516,9284.511632,,2491,EAF,6,19
3818,4153.529015,,2499,EAF,6,23
3743,1066.55654,,2590,EAF,6,23
3519,8027.526627,,2649,EAF,6,11
3519,8090.870363,,2649,EAF,6,19
3828,7822.087779,,2650,EAF,6,11
3828,8095.982113,,2650,EAF,6,19
3539,2693.663961,,2656,EAF,6,11
3539,3164.217332,,2656,EAF,6,25
3518,7120.85688,,2658,EAF,6,25
3522,10248.40996,,2662,EAF,6,25
3524,9483.781242,,2666,EAF,6,25
3837,3195.468862,,2669,EAF,6,14
3523,7015.456815,,2670,EAF,6,25
3850,2784.524109,,2671,EAF,6,14
3834,4265.712287,,2672,EAF,6,14
3836,6225.121804,,2673,EAF,6,28
3839,2538.0149,,2674,EAF,6,14
3838,5267.488288,,2675,EAF,6,14
3843,4045.230237,,2676,EAF,6,14
3842,5412.665943,,2678,EAF,6,28
3526,4501.869128,,2682,EAF,6,25
3527,5700.287353,,2684,EAF,6,25
3532,6250.149857,,2687,EAF,6,35
3528,7438.875516,,2691,EAF,6,25
3525,5579.489722,,2693,EAF,6,25
3517,4258.004146,,2695,EAF,6,25
3536,7578.044445,,2696,EAF,6,35
3535,5857.047326,,2697,EAF,6,26
3537,6029.176757,,2699,EAF,6,26
3531,5693.449165,,2701,EAF,6,26
3533,9667.684706,,2702,EAF,6,26
3551,12925.1225,,2706,EAF,6,26
3548,10609.50884,,2707,EAF,6,26
3552,7320.613118,,2708,EAF,6,26
3543,5124.694856,,2712,EAF,6,35
3540,6623.800256,,2713,EAF,6,21
3540,7304.619104,,2713,EAF,6,22
3544,6345.36892,,2714,EAF,6,26
3547,4668.579925,,2715,EAF,6,26
3542,7150.056593,,2716,EAF,6,26
3541,5453.948303,,2717,EAF,6,35
3545,6492.001175,,2718,EAF,6,26
3546,9241.823148,,2719,EAF,6,26
3549,7418.141612,,2720,EAF,6,26
3553,8878.932732,,2721,EAF,6,26
3550,5625.166507,,2722,EAF,6,26
3921,3982.544079,,2800,EAF,6,28
4039,4539.896814,,2965,EAF,6,24
4024,7595.829397,,2979,EAF,6,35
4025,5450.972347,,2980,EAF,6,24
4017,3996.596915,,2985,EAF,6,35
4018,4246.325805,,2988,EAF,6,35
3980,3508.849935,,3029,EAF,6,24
3997,3644.736515,,3043,EAF,6,28
4175,7303.369575,,3069,EAF,6,28
4185,7044.849402,,3077,EAF,6,36
4238,5053.788307,,3111,EAF,6,12
4245,4735.397228,,3116,EAF,6,35
4259,4958.678913,,3132,EAF,6,28
4101,4050.026903,,3208,EAF,6,24
4119,5737.854151,,3224,EAF,6,24
4281,4499.11874,,3260,EAF,6,24
4286,3260.545075,,3265,EAF,6,23
4296,4135.478216,,3273,EAF,6,24
4305,4004.778286,,3278,EAF,6,23
4342,3278.747502,,3304,EAF,6,23
4339,3032.782547,,3309,EAF,6,23
4340,4155.050487,,3310,EAF,6,23
4338,3464.257368,,3311,EAF,6,23
4344,3257.86391,,3317,EAF,6,24
4325,4358.176024,,3325,EAF,6,24
4336,2773.310506,,3332,EAF,6,24
4351,3564.645187,,3333,EAF,6,24
4362,3322.756423,,3337,EAF,6,23
4359,5683.715704,,3346,EAF,6,24
4514,4256.19313,,3361,EAF,6,26
4539,4975.052972,,3365,EAF,6,26
4534,4474.974831,,3369,EAF,6,26
4537,5926.278705,,3372,EAF,6,26
4600,5390.723591,,3671,EAF,6,26
4604,6300.443644,,3677,EAF,6,26
4603,2596.532059,,3679,EAF,6,27
4616,4085.076564,,3686,EAF,6,27
4623,4940.014247,,3720,EAF,6,29
4624,10835.94384,,3721,EAF,6,27
4650,6865.523234,,3729,EAF,6,27
4663,7684.814449,,3740,EAF,6,27
4673,13206.73718,,3788,EAF,6,27
4697,5276.365565,,3793,EAF,6,27
4692,5140.663455,,3802,EAF,6,27
4689,1471.678989,,3805,EAF,6,27
4731,6177.814736,,3812,EAF,6,10
4770,4322.719712,,3835,EAF,6,35
4759,8938.660186,,3855,EAF,6,27
4800,8968.513834,,3880,EAF,6,27
4813,8153.94465,,3884,EAF,6,27
4890,6098.09934,,3930,EAF,6,27
4915,3701.230763,,3943,EAF,6,10
4916,5657.395006,,3944,EAF,6,27
5185,2653.55614,,4193,EAF,6,27
5199,608.4206164,,4206,EAF,6,27
5402,8834.844376,,4413,EAF,6,10
5609,3756.639398,,4544,EAF,6,27
5614,8714.614748,,4550,EAF,6,27
5616,4866.68047,,4551,EAF,6,27
5659,7038.645627,,4602,EAF,6,27
5677,2933.474109,,4621,EAF,6,28
5685,9809.851507,,4629,EAF,6,28
5723,10098.56857,,4642,EAF,6,28
5748,12811.00442,,4673,EAF,6,28
5742,8911.041052,,4680,EAF,6,28
5727,7280.255341,,4688,EAF,6,29
5752,8358.966725,,4691,EAF,6,29
2383,1977.998201,,6,EAF,7,25
2383,1204.234336,,6,EAF,7,26
2383,8620.60819,,6,EAF,7,46
2332,6976.283769,,12,EAF,7,41
2333,6836.900444,,13,EAF,7,37
2333,3889.042358,,13,EAF,7,45
2493,7005.115723,,20,EAF,7,30
2276,4197.826997,,22,EAF,7,40
2276,2899.26245,,22,EAF,7,46
2504,3256.149493,,23,EAF,7,25
2504,1790.966593,,23,EAF,7,26
2508,2083.8904,,27,EAF,7,45
2285,4975.500473,,28,EAF,7,46
2352,4640.600006,,30,EAF,7,42
2382,2516.502458,,59,EAF,7,36
2388,3246.027124,,64,EAF,7,27
2392,6550.612755,,68,EAF,7,20
2392,4601.877772,,68,EAF,7,42
2569,1674.51352,,82,EAF,7,37
2585,3169.265487,,97,EAF,7,39
2408,11121.88168,,103,EAF,7,42
2163,1687.462308,,118,EAF,7,35
2444,6615.709823,,136,EAF,7,37
1526,7293.769052,,141,EAF,7,30
2189,3482.087092,,141,EAF,7,45
2190,12962.93602,,142,EAF,7,31
2455,7868.263974,,146,EAF,7,38
2215,5864.744267,,165,EAF,7,32
2600,4739.381456,,220,EAF,7,37
2616,6771.979488,,236,EAF,7,39
2709,5179.141707,,356,EAF,7,36
2712,6126.841377,,359,EAF,7,36
2765,11826.59898,,412,EAF,7,37
699,1288.310989,,451,EAF,7,38
700,2114.833934,,452,EAF,7,25
700,1861.065188,,452,EAF,7,26
739,20643.39046,,507,EAF,7,35
767,4527.398779,,540,EAF,7,23
827,7312.904789,,608,EAF,7,27
832,1982.586581,,613,EAF,7,40
840,3043.724293,,622,EAF,7,33
840,3608.224068,,622,EAF,7,34
840,5733.434659,,622,EAF,7,43
846,3044.942279,,629,EAF,7,46
847,4202.871124,,630,EAF,7,25
857,2840.966273,,640,EAF,7,42
881,13960.73211,,672,EAF,7,31
884,8967.626446,,675,EAF,7,25
884,4820.286601,,675,EAF,7,26
896,5874.059725,,687,EAF,7,33
896,4501.520422,,687,EAF,7,34
896,6305.831895,,687,EAF,7,43
902,5038.599714,,693,EAF,7,44
911,4870.46293,,702,EAF,7,27
917,3659.873493,,708,EAF,7,33
917,3046.717479,,708,EAF,7,34
919,5662.204777,,710,EAF,7,25
919,3699.785067,,710,EAF,7,26
929,1301.371383,,720,EAF,7,25
929,805.55262,,720,EAF,7,26
930,2142.407455,,721,EAF,7,36
933,950.9121164,,724,EAF,7,31
936,10621.64894,,727,EAF,7,31
966,812.0031775,,816,EAF,7,44
1016,17345.36622,,867,EAF,7,46
1026,13623.90403,,877,EAF,7,46
1046,1455.868845,,897,EAF,7,44
1055,4760.684027,,906,EAF,7,25
1055,2713.649946,,906,EAF,7,26
1060,7073.209729,,911,EAF,7,39
1063,14262.54041,,914,EAF,7,32
1064,1477.12486,,915,EAF,7,35
1067,7489.722191,,918,EAF,7,36
1071,3066.805852,,921,EAF,7,23
1078,1733.576187,,928,EAF,7,44
1083,1246.769791,,933,EAF,7,30
1086,1243.787193,,936,EAF,7,37
1090,3108.71919,,940,EAF,7,35
1098,18600.20787,,948,EAF,7,33
1098,13995.39913,,948,EAF,7,34
1098,20288.56922,,948,EAF,7,43
1111,2995.530439,,961,EAF,7,35
1116,2460.664964,,966,EAF,7,27
1126,1611.373474,,976,EAF,7,45
1138,4152.89079,,988,EAF,7,40
1140,4525.313131,,990,EAF,7,35
1142,2105.893782,,992,EAF,7,42
1143,3760.950767,,993,EAF,7,30
1144,4796.935443,,994,EAF,7,38
45,2779.757242,,1044,EAF,7,40
48,5103.115581,,1047,EAF,7,27
49,4382.072807,,1048,EAF,7,39
51,12991.42729,,1050,EAF,7,36
54,4966.273605,,1053,EAF,7,32
55,5563.621168,,1054,EAF,7,41
66,16897.24678,,1065,EAF,7,38
67,3916.30198,,1066,EAF,7,31
80,5670.345624,,1079,EAF,7,39
89,24441.84064,,1088,EAF,7,40
93,6490.31696,,1092,EAF,7,36
112,4725.820725,,1111,EAF,7,33
112,3767.624036,,1111,EAF,7,34
112,4337.534002,,1111,EAF,7,43
113,2995.436519,,1112,EAF,7,27
134,3984.44593,,1133,EAF,7,35
138,2546.823991,,1137,EAF,7,25
138,1697.167529,,1137,EAF,7,26
146,1474.908952,,1145,EAF,7,44
153,10776.7255,,1152,EAF,7,46
176,3862.064638,,1176,EAF,7,46
177,3242.842233,,1177,EAF,7,37
180,2665.687925,,1180,EAF,7,45
188,9656.165908,,1189,EAF,7,42
234,2823.245021,,1238,EAF,7,41
249,5904.425196,,1253,EAF,7,36
251,11499.44334,,1255,EAF,7,31
257,9337.106629,,1261,EAF,7,32
269,5920.176377,,1273,EAF,7,38
318,1805.787256,,1322,EAF,7,42
331,2993.423178,,1336,EAF,7,20
331,4571.159197,,1336,EAF,7,37
352,7923.636099,,1363,EAF,7,46
361,3367.359295,,1372,EAF,7,41
395,3752.555298,,1406,EAF,7,29
408,6468.736617,,1419,EAF,7,44
416,14940.70887,,1427,EAF,7,37
435,5438.265068,,1446,EAF,7,33
435,3901.900372,,1446,EAF,7,34
435,5729.07941,,1446,EAF,7,43
438,2146.839627,,1449,EAF,7,39
440,7227.888865,,1451,EAF,7,38
441,2816.441275,,1452,EAF,7,40
442,681.9732631,,1453,EAF,7,30
444,4936.611382,,1455,EAF,7,40
449,20257.7946,,1460,EAF,7,41
451,5539.750816,,1462,EAF,7,32
453,3425.567905,,1464,EAF,7,34
453,6032.720493,,1464,EAF,7,43
460,2052.384093,,1472,EAF,7,45
471,1643.601622,,1484,EAF,7,40
472,6660.311598,,1485,EAF,7,44
483,5867.460289,,1497,EAF,7,44
487,1512.826901,,1501,EAF,7,39
495,4535.909342,,1511,EAF,7,35
498,12639.54078,,1514,EAF,7,41
503,2293.580973,,1519,EAF,7,40
521,2518.909626,,1537,EAF,7,33
521,2367.076683,,1537,EAF,7,34
521,3335.268682,,1537,EAF,7,43
529,2747.243291,,1545,EAF,7,29
530,2576.002913,,1546,EAF,7,39
537,4627.356007,,1553,EAF,7,32
539,3996.178173,,1555,EAF,7,31
543,7352.293821,,1559,EAF,7,23
544,208591.8743,,1560,EAF,7,44
548,644.9981445,,1564,EAF,7,35
560,5304.537027,,1580,EAF,7,30
563,5371.55946,,1583,EAF,7,20
570,9324.310102,,1590,EAF,7,44
574,4914.51544,,1594,EAF,7,46
606,3941.374893,,1626,EAF,7,40
608,9544.676856,,1628,EAF,7,20
610,6164.106619,,1630,EAF,7,41
628,6784.688558,,1648,EAF,7,36
654,2181.589656,,1674,EAF,7,25
654,1738.525424,,1674,EAF,7,26
655,8600.123246,,1675,EAF,7,20
657,1895.77519,,1677,EAF,7,32
659,1770.31904,,1679,EAF,7,23
670,6915.54789,,1690,EAF,7,45
671,5812.315847,,1691,EAF,7,29
673,7004.290537,,1693,EAF,7,35
680,3131.106016,,1700,EAF,7,27
681,1946.978679,,1701,EAF,7,29
684,2259.50105,,1704,EAF,7,45
2791,12740.26688,,1706,EAF,7,23
685,4167.02149,,1707,EAF,7,29
692,2644.631822,,1723,EAF,7,23
697,3645.788063,,1752,EAF,7,33
697,2445.999807,,1752,EAF,7,34
697,4285.725741,,1752,EAF,7,43
2946,4468.202172,,1906,EAF,7,27
2947,9407.095824,,1907,EAF,7,39
2949,5329.97306,,1909,EAF,7,36
2952,5367.283756,,1912,EAF,7,30
2967,7074.96097,,1920,EAF,7,38
2971,1480.684068,,1924,EAF,7,20
2973,1302.041843,,1926,EAF,7,27
2975,9726.014467,,1928,EAF,7,36
2977,13654.91907,,1930,EAF,7,33
2977,8165.812804,,1930,EAF,7,34
2977,13598.25344,,1930,EAF,7,43
2978,2996.385016,,1931,EAF,7,35
2979,781.3455788,,1932,EAF,7,39
2980,6304.162692,,1933,EAF,7,38
2981,2982.588159,,1934,EAF,7,29
2982,798.6424702,,1935,EAF,7,45
2983,4622.82042,,1936,EAF,7,41
2985,2167.347525,,1938,EAF,7,20
2986,1462.403921,,1939,EAF,7,35
3031,11006.26357,,1984,EAF,7,20
3031,14237.97674,,1984,EAF,7,29
3090,4657.290948,,2099,EAF,7,25
3090,3110.908569,,2099,EAF,7,26
3098,3898.095201,,2107,EAF,7,41
3102,8098.819874,,2111,EAF,7,44
3105,2934.995731,,2114,EAF,7,30
3112,5476.516749,,2121,EAF,7,40
3122,3526.210004,,2131,EAF,7,32
3125,3562.879825,,2134,EAF,7,41
3127,1387.874187,,2136,EAF,7,37
3128,2664.602149,,2137,EAF,7,29
3134,2623.975221,,2143,EAF,7,23
3136,10763.68839,,2145,EAF,7,40
3141,7385.747981,,2150,EAF,7,23
3142,6812.100301,,2151,EAF,7,29
3146,2077.761915,,2155,EAF,7,23
3154,2477.26411,,2163,EAF,7,27
3161,7085.834004,,2170,EAF,7,36
3166,3292.706424,,2175,EAF,7,20
3166,5836.819171,,2175,EAF,7,42
3181,7078.39676,,2190,EAF,7,37
3197,9125.9128,,2206,EAF,7,23
3201,8915.586479,,2210,EAF,7,44
3205,6729.301193,,2214,EAF,7,23
3212,5686.007304,,2221,EAF,7,25
3213,2661.821928,,2222,EAF,7,25
3213,1622.24425,,2222,EAF,7,26
3214,14115.86834,,2223,EAF,7,45
3225,3249.715573,,2234,EAF,7,23
3229,92.5091601,,2238,EAF,7,37
3231,4992.373951,,2240,EAF,7,23
3237,2554.152935,,2246,EAF,7,40
3240,11695.69828,,2249,EAF,7,23
3241,12224.48437,,2250,EAF,7,23
3245,5255.24436,,2254,EAF,7,23
3248,8716.371821,,2257,EAF,7,23
3283,7182.268196,,2292,EAF,7,46
3288,6305.583701,,2297,EAF,7,23
3289,6547.869795,,2298,EAF,7,33
3289,6781.881445,,2298,EAF,7,34
3289,9309.309205,,2298,EAF,7,43
3291,4881.66725,,2300,EAF,7,41
3314,1788.053377,,2323,EAF,7,35
3344,1555.088991,,2353,EAF,7,30
3350,8719.973995,,2359,EAF,7,31
3375,12242.46562,,2379,EAF,7,39
3390,8908.669056,,2398,EAF,7,29
3688,17138.55239,,2399,EAF,7,38
3695,719.869175,,2400,EAF,7,32
3699,12193.84972,,2403,EAF,7,40
3696,8585.407132,,2404,EAF,7,36
3751,3452.094446,,2433,EAF,7,20
3756,6097.598561,,2440,EAF,7,20
3756,9846.967914,,2440,EAF,7,33
3758,4196.880039,,2441,EAF,7,32
3764,3044.38621,,2452,EAF,7,20
3764,1264.897704,,2452,EAF,7,42
3472,3525.046273,,2453,EAF,7,37
3471,2635.494983,,2455,EAF,7,36
3776,4467.651507,,2459,EAF,7,30
3817,6294.728413,,2504,EAF,7,38
3739,5824.195619,,2592,EAF,7,38
3539,1802.131025,,2656,EAF,7,24
3518,12347.38285,,2658,EAF,7,24
3522,8784.891063,,2662,EAF,7,24
3524,15351.4508,,2666,EAF,7,24
3833,1994.324465,,2668,EAF,7,39
3523,18806.89712,,2670,EAF,7,24
3526,4668.276923,,2682,EAF,7,24
3527,3471.692699,,2684,EAF,7,24
3532,8728.532395,,2687,EAF,7,20
3851,5322.12816,,2689,EAF,7,30
3528,3737.021956,,2691,EAF,7,24
3525,6879.013179,,2693,EAF,7,24
3517,6782.795243,,2695,EAF,7,24
3535,3159.647593,,2697,EAF,7,24
3534,4507.956028,,2698,EAF,7,45
3537,5970.598412,,2699,EAF,7,24
3531,4155.58567,,2701,EAF,7,24
3533,3391.854464,,2702,EAF,7,24
3551,17235.94498,,2706,EAF,7,27
3548,10696.741,,2707,EAF,7,29
3552,6382.899013,,2708,EAF,7,30
3540,7283.582877,,2713,EAF,7,23
3544,13100.5742,,2714,EAF,7,24
3547,8506.200298,,2715,EAF,7,30
3542,10291.25766,,2716,EAF,7,24
3545,9708.954563,,2718,EAF,7,24
3546,9014.604648,,2719,EAF,7,25
3546,5466.474928,,2719,EAF,7,26
3549,8437.203621,,2720,EAF,7,25
3549,5594.614574,,2720,EAF,7,26
3550,6554.969845,,2722,EAF,7,27
3865,4898.532123,,2732,EAF,7,39
3559,2632.454194,,2736,EAF,7,29
3911,2616.133516,,2781,EAF,7,33
3911,2482.989068,,2781,EAF,7,34
3911,3884.169851,,2781,EAF,7,43
3904,3238.157823,,2784,EAF,7,40
3572,2317.769416,,2798,EAF,7,35
4043,18277.33494,,2955,EAF,7,29
4034,1750.414731,,2966,EAF,7,27
4035,1792.848808,,2967,EAF,7,39
4036,2056.893729,,2968,EAF,7,31
4037,3908.182105,,2969,EAF,7,27
4030,7897.108176,,2974,EAF,7,38
4031,2517.382169,,2975,EAF,7,45
4023,7009.147515,,2978,EAF,7,44
4022,18924.52818,,2983,EAF,7,44
4018,9127.330537,,2988,EAF,7,20
4003,2438.99485,,2999,EAF,7,46
3952,1324.803318,,3006,EAF,7,35
3973,4513.046015,,3024,EAF,7,31
3976,2704.566589,,3027,EAF,7,35
3982,2411.104081,,3034,EAF,7,44
4161,1392.06376,,3056,EAF,7,32
4158,5627.827743,,3057,EAF,7,41
3618,2584.596128,,3063,EAF,7,33
3618,2102.944941,,3063,EAF,7,34
3618,3438.969503,,3063,EAF,7,43
3622,3234.987673,,3068,EAF,7,33
3622,2372.088174,,3068,EAF,7,34
3622,3317.335721,,3068,EAF,7,43
3624,8867.844193,,3071,EAF,7,37
4209,2136.648841,,3098,EAF,7,38
4243,1953.004251,,3115,EAF,7,30
4251,3647.715727,,3125,EAF,7,29
4252,5006.943907,,3127,EAF,7,39
4264,1970.575214,,3136,EAF,7,46
4013,6182.315246,,3139,EAF,7,40
4060,7725.552118,,3149,EAF,7,40
4059,3085.54675,,3154,EAF,7,39
4066,4310.905861,,3159,EAF,7,46
4068,2627.904094,,3161,EAF,7,41
4072,600.7198867,,3165,EAF,7,37
4972,8335.805662,,3169,EAF,7,41
4081,2527.047391,,3174,EAF,7,30
4082,4495.276568,,3175,EAF,7,42
4084,2948.842854,,3177,EAF,7,42
4123,7676.027026,,3228,EAF,7,40
4270,3882.951812,,3251,EAF,7,37
4292,4218.003321,,3271,EAF,7,42
4295,4368.048712,,3272,EAF,7,38
4321,644.9592371,,3293,EAF,7,27
4311,1201.123462,,3301,EAF,7,29
4353,6196.811784,,3302,EAF,7,27
4354,23474.85323,,3303,EAF,7,38
4337,918.5650386,,3307,EAF,7,36
4330,438.7126143,,3308,EAF,7,25
4330,321.3900052,,3308,EAF,7,26
4331,1657.67777,,3312,EAF,7,45
4347,2302.977915,,3314,EAF,7,35
4348,3145.250578,,3315,EAF,7,25
4348,2309.68744,,3315,EAF,7,26
4346,2511.727787,,3320,EAF,7,45
4333,2068.358194,,3322,EAF,7,45
4326,3881.54184,,3326,EAF,7,36
4323,4681.014361,,3328,EAF,7,36
4335,203.2219147,,3331,EAF,7,27
4356,1301.659527,,3342,EAF,7,35
4358,3929.212291,,3344,EAF,7,32
4513,5243.115979,,3359,EAF,7,35
4514,6774.719407,,3361,EAF,7,24
4512,9071.748929,,3363,EAF,7,38
4539,6593.847031,,3365,EAF,7,24
4540,4105.167894,,3367,EAF,7,39
4541,6020.67358,,3368,EAF,7,42
4534,6079.063904,,3369,EAF,7,24
4536,5236.692874,,3371,EAF,7,38
4532,2670.656315,,3374,EAF,7,42
4533,2064.541321,,3375,EAF,7,30
4565,2879.219401,,3392,EAF,7,25
4565,1705.935007,,3392,EAF,7,26
4566,3278.522031,,3393,EAF,7,31
4564,3148.367639,,3397,EAF,7,20
4564,2968.532415,,3397,EAF,7,38
4569,4446.262664,,3399,EAF,7,39
4567,4246.659771,,3404,EAF,7,33
4567,3557.114215,,3404,EAF,7,34
4567,6083.681774,,3404,EAF,7,43
4568,9616.398915,,3405,EAF,7,37
4562,3693.922053,,3414,EAF,7,36
4578,2637.478548,,3423,EAF,7,20
4578,2676.113908,,3423,EAF,7,31
4588,5072.464062,,3427,EAF,7,27
4589,7082.94158,,3428,EAF,7,31
4593,4211.518663,,3435,EAF,7,32
4598,4882.427303,,3437,EAF,7,25
4598,3448.679563,,3437,EAF,7,26
4448,19737.23008,,3445,EAF,7,39
4441,5091.091786,,3507,EAF,7,41
4456,1130.394083,,3515,EAF,7,36
4458,7129.487188,,3518,EAF,7,44
5003,5484.502778,,3602,EAF,7,46
4994,887.5910105,,3620,EAF,7,39
4600,4717.83231,,3671,EAF,7,24
4604,3722.529227,,3677,EAF,7,29
4607,4027.991748,,3681,EAF,7,33
4607,3854.169933,,3681,EAF,7,34
4607,5812.774932,,3681,EAF,7,43
4616,2306.108968,,3686,EAF,7,33
4616,2376.338554,,3686,EAF,7,34
4616,3454.336504,,3686,EAF,7,43
4613,28071.47655,,3687,EAF,7,41
4614,3886.076137,,3688,EAF,7,25
4614,2418.451505,,3688,EAF,7,26
4610,2139.039341,,3699,EAF,7,30
4624,14103.19989,,3721,EAF,7,31
4650,7699.355597,,3729,EAF,7,32
4686,9105.838549,,3751,EAF,7,29
4692,5713.77732,,3802,EAF,7,31
4696,11103.41863,,3809,EAF,7,37
4753,7340.475252,,3820,EAF,7,31
4770,10514.8422,,3835,EAF,7,20
4767,4822.162566,,3836,EAF,7,30
4794,4437.04569,,3861,EAF,7,44
4797,2961.185126,,3872,EAF,7,32
4798,2471.141869,,3873,EAF,7,25
4798,2266.669287,,3873,EAF,7,26
4795,5921.189123,,3874,EAF,7,38
4811,2814.551007,,3887,EAF,7,39
4832,6340.705331,,3894,EAF,7,46
4821,346.4016601,,3898,EAF,7,42
4889,1184.708144,,3922,EAF,7,44
4884,238.6598433,,3923,EAF,7,46
5035,6016.308079,,4083,EAF,7,45
5040,16447.19416,,4084,EAF,7,32
5057,3644.607807,,4093,EAF,7,32
5069,5296.521615,,4094,EAF,7,33
5069,5156.890919,,4094,EAF,7,34
5069,5886.218891,,4094,EAF,7,43
5068,5414.125805,,4106,EAF,7,30
5072,7256.693591,,4111,EAF,7,41
5054,18190.70714,,4118,EAF,7,42
5049,5574.457642,,4124,EAF,7,41
5191,16510.57248,,4195,EAF,7,45
5198,6608.425962,,4208,EAF,7,20
5198,8228.16616,,4208,EAF,7,37
5208,5502.860687,,4220,EAF,7,41
5278,19089.36691,,4238,EAF,7,27
5289,3257.410366,,4282,EAF,7,37
5318,2372.664847,,4304,EAF,7,42
5327,5412.230968,,4310,EAF,7,20
5336,6430.109332,,4321,EAF,7,31
5341,10851.49099,,4326,EAF,7,45
5342,6400.519059,,4327,EAF,7,27
5356,4688.859662,,4349,EAF,7,33
5356,4196.989735,,4349,EAF,7,34
5356,6257.754817,,4349,EAF,7,43
5366,2790.827836,,4368,EAF,7,32
5376,2176.133747,,4379,EAF,7,46
5379,8928.213293,,4386,EAF,7,40
5386,15354.79776,,4389,EAF,7,40
5385,9931.327025,,4391,EAF,7,36
5388,11395.39791,,4395,EAF,7,38
5392,4609.294874,,4396,EAF,7,42
5405,2946.652777,,4412,EAF,7,32
5407,16408.69411,,4416,EAF,7,37
5624,1856.29062,,4559,EAF,7,31
5758,3276.693868,,4590,EAF,7,29
5659,6536.810306,,4602,EAF,7,34
5659,11742.6708,,4602,EAF,7,43
5679,2292.11757,,4620,EAF,7,20
5679,2054.091389,,4620,EAF,7,41
5765,21839.97518,,4699,EAF,7,44
5889,8033.101013,,4836,EAF,7,41
5916,3065.298438,,4864,EAF,7,29
5933,4740.621418,,4879,EAF,7,31
5950,12179.48884,,4892,EAF,7,44
5992,3372.489665,,4930,EAF,7,45
6025,3262.163116,,4966,EAF,7,44
6092,4548.287084,,5048,EAF,7,30
6090,4613.031956,,5050,EAF,7,40
