BirdID,LayYear,SexEstimate,MinOfAgeclass,MinOfOccasionID,MinOfOccasionDate
8,1996,,SA,664,06/03/1997
10,1996,,SA,664,06/03/1997
11,1996,,SA,664,06/03/1997
13,1996,,J,666,13/03/1997
24,1983,1,J,42,23/09/1983
28,1983,1,FL,45,15/11/1983
34,1984,0,J,54,06/04/1984
35,1984,,FL,60,13/07/1984
41,1984,,FL,66,16/03/1985
43,1986,1,CH,98,05/10/1986
45,1986,,CH,102,29/01/1987
46,1986,,CH,103,02/02/1987
47,1986,,CH,103,02/02/1987
48,1986,,CH,106,15/03/1987
49,1986,,CH,104,07/02/1987
50,1986,,CH,105,14/02/1987
52,1986,,CH,108,19/03/1987
53,1986,,CH,109,26/03/1987
54,1986,1,CH,110,28/03/1987
55,1986,,CH,110,28/03/1987
56,1987,,CH,111,05/04/1987
57,1987,,CH,112,08/04/1987
58,1987,,CH,113,09/04/1987
59,1987,,CH,114,12/04/1987
60,1987,,CH,115,25/04/1987
61,1987,0,CH,118,03/05/1987
62,1987,,CH,119,05/05/1987
63,1987,,CH,120,12/05/1987
66,1987,,CH,122,06/09/1987
67,1987,1,CH,122,06/09/1987
68,1987,1,CH,123,07/09/1987
70,1987,,CH,125,11/09/1987
71,1987,0,CH,125,11/09/1987
72,1987,,CH,126,18/09/1987
73,1987,1,CH,127,21/09/1987
74,1987,0,CH,128,23/09/1987
76,1987,,CH,130,26/09/1987
77,1987,1,CH,130,26/09/1987
79,1987,0,CH,132,04/10/1987
80,1987,,CH,133,19/10/1987
81,1987,,CH,134,25/10/1987
82,1987,0,CH,135,27/10/1987
83,1987,,CH,136,30/10/1987
84,1987,,CH,137,31/10/1987
85,1987,,CH,139,05/11/1987
86,1987,,CH,140,22/11/1987
87,1987,,CH,142,02/12/1987
88,1987,,CH,143,04/12/1987
89,1987,,CH,143,04/12/1987
90,1987,,CH,144,06/12/1987
96,1986,,J,77,29/05/1986
97,1986,1,J,78,03/06/1986
98,1986,1,CH,79,10/06/1986
99,1986,0,J,80,11/06/1986
100,1986,,CH,81,08/08/1986
101,1986,,CH,81,08/08/1986
102,1986,,CH,82,15/08/1986
103,1986,,CH,82,15/08/1986
104,1986,,CH,83,20/08/1986
105,1986,,CH,84,23/08/1986
106,1986,,CH,94,26/09/1986
107,1986,,CH,95,27/09/1986
108,1986,,CH,89,16/09/1986
110,1986,,CH,86,07/09/1986
111,1986,,CH,87,08/09/1986
112,1986,,CH,88,10/09/1986
113,1988,0,CH,167,29/10/1988
114,1988,0,CH,167,29/10/1988
116,1988,1,CH,170,10/12/1988
117,1989,0,CH,172,24/01/1989
118,1989,0,CH,172,24/01/1989
120,1989,0,CH,172,24/01/1989
121,1989,,CH,174,06/02/1989
123,1989,1,CH,175,23/02/1989
124,1989,1,CH,175,23/02/1989
126,1989,0,CH,180,13/03/1989
127,1989,1,CH,180,13/03/1989
128,1989,,CH,187,09/04/1989
129,1989,1,CH,188,20/04/1989
133,1989,,CH,193,18/07/1989
134,1989,,CH,194,23/07/1989
135,1989,0,CH,194,23/07/1989
136,1989,,CH,196,18/08/1989
137,1989,1,CH,205,20/09/1989
138,1989,,CH,205,20/09/1989
139,1989,,CH,197,30/08/1989
140,1989,1,CH,207,27/10/1989
141,1989,1,CH,208,10/11/1989
142,1989,0,CH,208,10/11/1989
143,1989,,CH,211,24/11/1989
144,1989,0,CH,209,17/11/1989
145,1990,1,CH,217,23/01/1990
146,1990,1,CH,215,20/01/1990
148,1990,0,CH,225,08/02/1990
149,1990,0,CH,225,08/02/1990
150,1989,1,CH,190,01/06/1989
151,1990,,CH,231,25/02/1990
152,1990,1,CH,231,25/02/1990
153,1990,1,CH,232,26/02/1990
154,1990,,CH,233,02/03/1990
156,1990,0,CH,235,08/03/1990
158,1990,,CH,237,12/03/1990
160,1988,0,J,181,16/03/1989
161,1988,,CH,176,27/02/1989
162,1988,,CH,185,21/03/1989
164,1989,,CH,201,12/09/1989
166,1989,0,J,239,19/03/1990
167,1988,0,SA,239,19/03/1990
173,1989,1,CH,223,01/02/1990
175,1989,0,CH,220,24/01/1990
177,1989,,CH,218,23/01/1990
179,1990,0,CH,245,16/05/1990
180,1990,0,CH,246,25/05/1990
181,1990,1,CH,247,17/06/1990
183,1990,0,CH,253,02/07/1990
186,1989,0,CH,210,23/11/1989
187,1989,,CH,210,23/11/1989
188,1989,,CH,206,12/10/1989
190,1989,,CH,204,15/09/1989
191,1989,0,CH,203,14/09/1989
192,1989,,CH,202,13/09/1989
194,1989,,CH,202,13/09/1989
195,1989,,CH,201,12/09/1989
196,1989,,CH,201,12/09/1989
197,1989,,CH,200,11/09/1989
198,1989,,CH,200,11/09/1989
201,1989,,CH,198,09/09/1989
202,1989,0,CH,191,11/07/1989
203,1988,0,J,184,20/03/1989
205,1988,1,CH,177,04/03/1989
206,1988,,CH,166,04/10/1988
207,1988,0,CH,168,02/12/1988
209,1988,1,CH,178,07/03/1989
211,1987,,CH,145,20/12/1987
212,1987,,CH,150,28/01/1988
213,1988,0,CH,151,16/07/1988
214,1988,1,CH,152,20/07/1988
218,1988,,CH,155,13/08/1988
219,1988,1,CH,156,21/08/1988
237,1988,0,J,161,26/09/1988
238,1988,0,CH,162,27/09/1988
250,1988,,CH,164,29/09/1988
252,1990,,CH,261,24/08/1990
253,1990,1,CH,255,17/07/1990
255,1990,0,CH,257,03/08/1990
256,1990,0,CH,257,03/08/1990
257,1990,1,CH,254,08/07/1990
259,1990,0,CH,260,24/08/1990
260,1990,,CH,1012,01/01/2000
261,1990,,CH,262,02/09/1990
262,1990,0,CH,265,24/09/1990
264,1990,,CH,266,25/09/1990
265,1990,,CH,267,25/11/1990
266,1990,,CH,267,25/11/1990
267,1990,,CH,268,19/12/1990
268,1990,0,CH,269,21/12/1990
269,1990,1,CH,269,21/12/1990
270,1990,,CH,269,21/12/1990
271,1991,,CH,270,30/12/1990
272,1991,,CH,272,14/02/1991
273,1991,,CH,272,14/02/1991
275,1991,,CH,274,19/02/1991
276,1991,1,CH,275,20/02/1991
277,1991,1,CH,276,10/03/1991
278,1991,,CH,276,10/03/1991
279,1991,0,CH,281,13/05/1991
280,1991,,CH,278,11/04/1991
281,1991,,CH,279,02/05/1991
282,1991,,CH,278,11/04/1991
284,1991,,CH,280,04/05/1991
285,1991,,CH,282,02/07/1991
286,1991,,CH,283,06/07/1991
290,1991,,CH,285,29/07/1991
291,1991,,CH,286,31/07/1991
292,1991,,CH,277,11/03/1991
296,1990,,CH,241,04/04/1990
307,1990,,CH,256,26/07/1990
309,1990,,CH,258,20/08/1990
310,1990,,CH,264,12/09/1990
311,1990,,CH,256,26/07/1990
328,1988,1,SA,243,03/05/1990
330,1990,0,CH,241,04/04/1990
335,2003,1,CH,1217,30/08/2003
336,1991,,CH,288,30/09/1991
338,1991,,CH,289,02/10/1991
340,1991,,CH,289,02/10/1991
342,1991,,CH,291,25/10/1991
343,1991,,CH,292,06/11/1991
345,1991,,CH,293,23/12/1991
346,1992,,CH,295,01/01/1992
347,1992,,CH,295,01/01/1992
352,1992,,SA,300,07/03/1992
359,1992,,CH,302,01/08/1992
360,1992,0,CH,302,01/08/1992
361,1992,,CH,302,01/08/1992
363,1992,,CH,304,01/10/1992
365,1992,,CH,304,01/10/1992
366,1992,,CH,305,26/10/1992
367,1992,,CH,305,26/10/1992
369,1992,1,CH,307,16/12/1992
370,1992,,CH,308,25/12/1992
371,1992,,CH,311,20/01/1993
373,1992,,CH,308,25/12/1992
374,1992,0,CH,313,25/02/1993
375,1992,1,CH,313,25/02/1993
376,1992,1,CH,314,14/03/1993
378,1993,,CH,316,07/06/1993
379,1993,1,CH,317,09/06/1993
380,1993,,CH,318,15/07/1993
381,1994,1,J,363,09/09/1994
382,1993,,CH,329,01/12/1993
383,1993,,SA,338,12/07/1994
384,1994,,J,340,13/07/1994
385,1994,,J,341,13/07/1994
387,,,J,1791,08/09/1994
388,1994,1,J,1791,08/09/1994
390,,,J,363,09/09/1994
393,1994,,J,1790,03/09/1994
396,1994,,J,1787,19/09/1994
397,,,SA,1786,21/09/1994
398,1994,,SA,366,15/12/1994
401,1994,,SA,364,13/12/1994
406,1994,,SA,366,15/12/1994
407,1994,,SA,366,15/12/1994
408,1994,,SA,367,16/12/1994
409,1994,,SA,368,19/12/1994
410,1994,,SA,368,19/12/1994
411,1994,,SA,368,19/12/1994
412,1994,,SA,368,19/12/1994
413,1994,,SA,369,20/12/1994
414,1994,,SA,369,20/12/1994
415,1994,,SA,369,20/12/1994
416,1994,,SA,370,22/12/1994
418,1994,1,SA,370,22/12/1994
419,1994,,SA,371,24/12/1994
420,1994,,SA,371,24/12/1994
422,1994,,SA,371,24/12/1994
423,1994,,SA,371,24/12/1994
425,1994,,SA,372,28/12/1994
431,1986,,CH,91,21/09/1986
432,1986,,CH,93,24/09/1986
433,1986,,CH,96,01/10/1986
434,1986,,CH,97,02/10/1986
435,1986,,CH,92,23/09/1986
437,1992,0,SA,319,07/08/1993
445,1992,1,SA,320,08/08/1993
452,1992,1,SA,322,10/08/1993
460,1992,0,SA,323,11/08/1993
481,1993,0,J,328,15/08/1993
487,1992,0,SA,327,14/08/1993
513,1993,,SA,338,12/07/1994
515,1994,0,J,340,13/07/1994
518,1994,,J,340,13/07/1994
520,1994,,CH,340,13/07/1994
526,1994,1,FL,343,16/07/1994
527,1994,0,FL,343,16/07/1994
532,1994,,J,346,18/07/1994
564,1994,,SA,372,28/12/1994
565,1994,,SA,373,29/12/1994
567,1994,,SA,373,29/12/1994
568,1994,1,SA,381,05/01/1995
569,1994,,SA,381,05/01/1995
570,1994,,SA,381,05/01/1995
571,1994,0,SA,382,07/01/1995
572,1994,,SA,382,07/01/1995
573,1994,,SA,382,07/01/1995
574,1995,,SA,383,08/01/1995
575,1994,,SA,383,08/01/1995
578,1994,,SA,385,10/01/1995
579,1994,,SA,386,11/01/1995
581,1994,,SA,387,14/01/1995
582,1994,,SA,387,14/01/1995
583,1994,,SA,387,14/01/1995
584,1994,,SA,388,15/01/1995
585,1994,,SA,388,15/01/1995
586,1994,,SA,389,16/01/1995
590,1994,1,SA,390,17/01/1995
615,1994,1,J,339,12/07/1994
618,1994,,J,339,12/07/1994
621,1994,,J,341,13/07/1994
625,1994,,J,342,14/07/1994
626,1994,,J,342,14/07/1994
627,1994,0,J,344,16/07/1994
647,1993,,SA,347,18/07/1994
655,1994,0,J,349,19/07/1994
682,1994,,SA,373,29/12/1994
683,1994,,SA,374,30/12/1994
684,1994,,SA,374,30/12/1994
685,1994,,SA,374,30/12/1994
686,1994,,SA,374,30/12/1994
687,1994,,SA,378,02/01/1995
688,1994,,SA,379,03/01/1995
689,1994,,SA,379,03/01/1995
690,1994,,SA,379,03/01/1995
691,1994,,SA,380,04/01/1995
692,1994,,SA,391,18/01/1995
693,1994,,SA,392,19/01/1995
694,1994,,SA,392,19/01/1995
695,1994,,SA,392,19/01/1995
696,1994,,SA,392,19/01/1995
697,1994,,SA,393,24/01/1995
702,1994,,SA,394,25/01/1995
704,1994,,SA,394,25/01/1995
705,1994,,SA,394,25/01/1995
706,1994,,SA,395,26/01/1995
707,1994,,SA,395,26/01/1995
708,1994,,SA,395,26/01/1995
710,1994,,SA,396,28/01/1995
711,1994,,SA,396,28/01/1995
712,1994,,SA,396,28/01/1995
713,1994,,SA,396,28/01/1995
714,1994,,SA,397,29/01/1995
715,1994,,SA,397,29/01/1995
717,1994,,SA,397,29/01/1995
718,1994,,SA,397,29/01/1995
719,1994,,SA,397,29/01/1995
722,1994,,SA,399,31/01/1995
729,1994,,SA,401,03/02/1995
730,1994,,SA,401,03/02/1995
731,1994,,SA,401,03/02/1995
732,1994,,SA,401,03/02/1995
733,1994,,SA,401,03/02/1995
734,1994,,SA,402,04/02/1995
736,1994,,SA,402,04/02/1995
737,1994,,SA,402,04/02/1995
739,1994,,SA,402,04/02/1995
742,1994,,SA,403,05/02/1995
743,1994,,SA,403,05/02/1995
744,1994,,SA,403,05/02/1995
745,1994,,SA,404,07/02/1995
746,1994,,SA,404,07/02/1995
747,1994,,SA,404,07/02/1995
748,1994,,SA,404,07/02/1995
749,1994,,SA,405,08/02/1995
750,1994,,SA,406,11/02/1995
772,1995,1,J,440,07/06/1995
773,1995,0,J,440,07/06/1995
782,1995,0,J,486,08/07/1995
806,1995,,CH,451,13/06/1995
810,1995,,CH,455,15/06/1995
813,1995,,CH,490,12/07/1995
814,1995,,CH,490,12/07/1995
821,1997,0,SA,928,30/05/1999
829,1995,0,J,427,30/05/1995
838,1994,0,SA,433,04/06/1995
839,1995,0,J,433,04/06/1995
841,1995,0,OFL,444,09/06/1995
842,1994,1,SA,444,09/06/1995
861,1995,0,CH,483,04/07/1995
870,1995,1,CH,496,16/07/1995
871,1995,0,CH,497,19/07/1995
874,1995,0,CH,504,28/07/1995
875,1995,0,CH,504,28/07/1995
876,1995,0,J,506,29/07/1995
880,1995,0,CH,510,02/08/1995
882,1995,,CH,526,18/08/1995
883,1995,,CH,526,18/08/1995
885,1995,0,CH,520,12/08/1995
887,1995,1,CH,531,23/08/1995
888,1995,1,CH,530,23/08/1995
889,1995,1,CH,532,24/08/1995
890,1995,1,CH,532,24/08/1995
891,1995,0,CH,534,25/08/1995
892,1995,1,CH,535,14/09/1995
893,1995,,J,537,01/01/1996
897,1996,,SA,601,10/11/1996
898,1996,,SA,601,10/11/1996
899,1996,,SA,601,10/11/1996
901,1996,,SA,601,10/11/1996
902,1996,,SA,602,14/11/1996
903,1996,,SA,602,14/11/1996
906,1996,,SA,602,14/11/1996
907,1996,,SA,603,22/11/1996
931,1994,0,SA,447,10/06/1995
939,1994,1,SA,461,18/06/1995
943,1995,1,CH,500,25/07/1995
944,1995,1,CH,505,28/07/1995
945,1995,0,CH,511,03/08/1995
946,1995,1,CH,511,03/08/1995
948,1995,0,CH,514,08/08/1995
953,1995,,SA,537,01/01/1996
956,1995,,SA,537,01/01/1996
957,1995,,J,537,01/01/1996
958,1995,,J,537,01/01/1996
963,1996,,SA,609,02/12/1996
965,1996,,SA,610,03/12/1996
966,1996,,SA,610,03/12/1996
973,1996,,SA,614,09/12/1996
974,1996,,SA,614,09/12/1996
979,1996,,SA,617,12/12/1996
983,1996,,SA,617,12/12/1996
992,1996,1,SA,623,23/12/1996
993,1996,,SA,623,23/12/1996
998,1996,,SA,625,27/12/1996
999,1996,,SA,625,27/12/1996
1003,1995,,J,527,20/08/1995
1016,1996,1,CH,558,29/06/1996
1026,1996,0,OFL,562,30/06/1996
1030,1996,1,CH,567,02/07/1996
1034,1996,1,CH,566,02/07/1996
1038,1996,0,CH,566,02/07/1996
1044,1996,0,CH,574,15/07/1996
1046,1996,0,CH,597,09/08/1996
1048,1996,0,CH,597,09/08/1996
1050,1996,0,CH,590,01/08/1996
1052,1996,0,CH,590,01/08/1996
1053,1996,1,CH,574,15/07/1996
1054,1996,0,CH,574,15/07/1996
1056,1996,1,CH,578,19/07/1996
1057,1996,1,CH,579,19/07/1996
1058,1996,0,CH,579,19/07/1996
1060,1996,0,CH,579,19/07/1996
1069,1996,,FL,543,08/05/1996
1076,1996,,FL,549,29/05/1996
1077,1996,,FL,550,30/05/1996
1078,1996,1,FL,551,01/06/1996
1084,1996,,CH,568,07/07/1996
1087,1996,,CH,572,12/07/1996
1088,1996,1,CH,572,12/07/1996
1089,1996,,FL,573,15/07/1996
1093,1996,0,CH,581,21/07/1996
1094,1996,,CH,581,21/07/1996
1095,1996,0,CH,582,22/07/1996
1096,1996,,CH,582,22/07/1996
1099,1996,,OFL,587,29/07/1996
1100,1996,,CH,587,29/07/1996
1102,1996,0,OFL,589,01/08/1996
1106,1996,,CH,595,08/08/1996
1107,1996,,CH,599,12/08/1996
1108,1996,,CH,600,15/08/1996
1109,1994,1,CH,600,15/08/1996
1110,1996,,SA,628,11/01/1997
1111,1996,,CH,628,11/01/1997
1113,1996,,SA,629,12/01/1997
1117,1996,,SA,634,17/01/1997
1120,1996,,SA,634,17/01/1997
1122,1996,,J,637,23/01/1997
1128,1996,,SA,648,06/02/1997
1131,1996,,SA,651,12/02/1997
1132,1996,,SA,653,14/02/1997
1133,1996,,SA,653,14/02/1997
1138,1996,,SA,655,17/02/1997
1145,1996,,SA,662,28/02/1997
1152,1997,0,FL,671,05/07/1997
1162,1996,1,SA,672,05/07/1997
1163,1996,1,SA,670,05/07/1997
1175,1996,0,SA,682,09/07/1997
1179,1997,1,FL,685,11/07/1997
1180,1996,0,SA,686,11/07/1997
1181,1997,1,FL,693,14/07/1997
1194,1996,1,SA,704,22/07/1997
1201,1996,0,SA,714,25/07/1997
1202,1997,1,SA,717,26/07/1997
1207,1997,0,CH,715,26/07/1997
1208,1997,0,CH,726,01/08/1997
1210,1997,0,CH,705,22/07/1997
1216,1997,0,OFL,743,13/08/1997
1217,1996,1,SA,713,25/07/1997
1219,1996,0,SA,715,26/07/1997
1220,1997,1,CH,749,18/08/1997
1221,1997,1,FL,751,21/08/1997
1223,1998,1,CH,762,31/12/1997
1224,1997,1,OFL,718,27/07/1997
1225,1997,0,SA,728,03/08/1997
1226,1997,1,CH,745,14/08/1997
1227,1997,0,CH,756,20/12/1997
1228,1997,0,CH,724,30/07/1997
1229,1998,1,CH,757,22/12/1997
1230,1997,0,CH,754,25/08/1997
1231,1997,0,CH,749,18/08/1997
1232,1997,1,CH,730,06/08/1997
1233,1997,1,CH,730,06/08/1997
1234,1997,1,FL,733,07/08/1997
1236,1997,1,CH,736,09/08/1997
1237,1997,1,CH,738,10/08/1997
1238,1997,1,CH,738,10/08/1997
1239,1997,0,CH,739,10/08/1997
1240,1996,0,SA,749,18/08/1997
1241,1997,1,CH,747,16/08/1997
1242,1996,1,SA,749,18/08/1997
1243,1996,1,SA,750,21/08/1997
1245,1998,1,CH,764,02/01/1998
1248,1998,1,FL,767,15/01/1998
1262,1997,1,FL,769,16/01/1998
1267,1997,1,CH,772,20/01/1998
1270,1998,0,FL,774,25/01/1998
1277,1998,1,FL,775,28/01/1998
1280,1997,1,SA,808,01/04/1998
1282,1997,1,SA,810,04/04/1998
1283,1997,1,SA,809,04/04/1998
1284,1997,1,SA,809,04/04/1998
1286,1997,1,J,779,05/02/1998
1288,1998,0,CH,776,28/01/1998
1289,1998,,FL,782,10/02/1998
1290,1998,1,FL,784,12/02/1998
1291,1998,0,FL,784,12/02/1998
1292,1998,1,OFL,784,12/02/1998
1293,1998,1,CH,778,03/02/1998
1294,1998,0,CH,786,16/02/1998
1295,1997,1,CH,788,18/02/1998
1296,1998,1,OFL,791,02/03/1998
1297,1997,0,CH,792,03/03/1998
1298,1997,0,CH,793,06/03/1998
1300,1998,0,OFL,795,08/03/1998
1302,1998,1,OFL,796,10/03/1998
1306,1998,1,OFL,804,20/03/1998
1307,1998,0,J,811,05/04/1998
1308,1997,1,SA,928,30/05/1999
1310,1998,1,SA,909,06/05/1999
1311,1998,1,SA,909,06/05/1999
1314,1998,1,SA,910,07/05/1999
1315,1999,0,J,911,08/05/1999
1316,1997,1,SA,911,08/05/1999
1319,1998,0,SA,912,09/05/1999
1322,1997,0,SA,913,10/05/1999
1323,1998,1,SA,914,11/05/1999
1325,1998,0,SA,915,12/05/1999
1326,1998,0,SA,917,15/05/1999
1329,1998,0,SA,920,19/05/1999
1330,1998,0,SA,922,23/05/1999
1331,1998,1,SA,924,25/05/1999
1333,1998,0,SA,925,26/05/1999
1334,1998,1,SA,926,27/05/1999
1337,1998,1,SA,930,03/06/1999
1338,1999,1,J,930,03/06/1999
1340,1999,1,J,932,07/06/1999
1342,1999,,FL,989,23/11/1999
1343,1999,1,FL,990,24/11/1999
1344,1999,0,J,992,25/11/1999
1348,1998,1,CH,820,25/07/1998
1350,1998,1,J,826,28/07/1998
1353,1998,1,J,832,30/07/1998
1362,1998,0,CH,865,30/08/1998
1363,1998,1,CH,857,20/08/1998
1364,1998,0,CH,866,31/08/1998
1365,1998,0,CH,858,22/08/1998
1366,1998,0,CH,863,27/08/1998
1367,1998,1,CH,863,27/08/1998
1371,1997,0,SA,823,27/07/1998
1373,1998,0,J,828,29/07/1998
1375,1997,1,SA,828,29/07/1998
1376,1998,1,J,828,29/07/1998
1377,1998,0,J,828,29/07/1998
1378,,1,J,835,30/07/1998
1379,,1,SA,835,30/07/1998
1388,1998,0,CH,850,16/08/1998
1389,1998,0,CH,849,14/08/1998
1393,1998,0,CH,861,24/08/1998
1397,1998,0,CH,868,07/09/1998
1398,1998,1,CH,868,07/09/1998
1399,1998,1,CH,868,07/09/1998
1400,1998,0,CH,870,08/09/1998
1402,1998,0,CH,876,13/09/1998
1405,1998,1,SA,879,19/09/1998
1406,1998,0,CH,875,12/09/1998
1407,1998,1,CH,875,12/09/1998
1408,1998,0,CH,864,29/08/1998
1410,1998,0,J,874,10/09/1998
1411,1998,0,CH,875,12/09/1998
1413,1998,1,CH,875,12/09/1998
1414,1998,1,CH,881,23/09/1998
1417,1998,0,CH,883,27/09/1998
1418,1999,0,CH,897,12/04/1999
1420,1999,1,FL,898,15/04/1999
1421,1999,0,FL,899,17/04/1999
1422,1999,0,FL,901,19/04/1999
1423,1999,0,CH,902,20/04/1999
1424,1999,1,FL,902,20/04/1999
1426,1999,1,FL,905,29/04/1999
1428,1999,0,CH,892,21/01/1999
1431,1999,0,CH,895,28/01/1999
1432,1999,0,SA,895,28/01/1999
1433,1999,1,CH,896,10/04/1999
1434,1999,0,FL,907,01/05/1999
1439,1999,0,FL,937,13/07/1999
1440,1999,1,CH,940,21/07/1999
1441,1999,1,CH,938,17/07/1999
1443,1999,0,J,992,25/11/1999
1444,1999,1,FL,991,25/11/1999
1446,1999,1,FL,992,25/11/1999
1447,1999,1,SA,991,25/11/1999
1448,1999,0,FL,991,25/11/1999
1449,1999,0,FL,992,25/11/1999
1450,1999,1,FL,994,26/11/1999
1451,1999,0,SA,993,26/11/1999
1453,1999,0,SA,993,26/11/1999
1454,1999,0,SA,993,26/11/1999
1455,1999,0,FL,993,26/11/1999
1456,1999,0,FL,993,26/11/1999
1458,1999,0,FL,993,26/11/1999
1459,1999,0,SA,993,26/11/1999
1460,1999,0,FL,995,27/11/1999
1461,1999,1,FL,995,27/11/1999
1462,1999,0,SA,995,27/11/1999
1463,1999,0,FL,996,27/11/1999
1464,1999,0,FL,995,27/11/1999
1465,1999,0,FL,995,27/11/1999
1466,1999,0,FL,995,27/11/1999
1467,1999,0,FL,995,27/11/1999
1468,1999,0,FL,997,28/11/1999
1469,1999,1,J,998,28/11/1999
1470,1999,1,FL,997,28/11/1999
1471,1999,0,FL,997,28/11/1999
1472,1999,1,J,998,28/11/1999
1473,1999,1,FL,997,28/11/1999
1474,1999,0,SA,997,28/11/1999
1475,1999,1,SA,997,28/11/1999
1476,1999,0,FL,997,28/11/1999
1477,1999,1,FL,997,28/11/1999
1478,1999,1,FL,999,29/11/1999
1479,1999,1,FL,999,29/11/1999
1480,1999,1,FL,999,29/11/1999
1481,1999,0,SA,999,29/11/1999
1482,1999,0,FL,999,29/11/1999
1483,1999,1,FL,999,29/11/1999
1484,1999,1,FL,1000,29/11/1999
1486,1999,1,CH,943,01/08/1999
1487,1999,0,CH,939,21/07/1999
1488,1999,1,CH,939,21/07/1999
1492,1999,1,J,948,07/08/1999
1493,1999,1,CH,941,26/07/1999
1496,1999,1,CH,943,01/08/1999
1497,1999,1,J,952,14/08/1999
1498,1999,1,CH,945,04/08/1999
1502,1999,0,CH,962,25/08/1999
1505,1999,1,CH,963,25/08/1999
1507,1999,0,J,955,18/08/1999
1513,1999,0,CH,958,19/08/1999
1514,1999,1,FL,961,22/08/1999
1515,1999,1,J,961,22/08/1999
1516,1999,0,CH,969,01/09/1999
1518,1999,0,J,969,01/09/1999
1519,1999,1,CH,966,29/08/1999
1520,1999,1,CH,969,01/09/1999
1522,1999,1,CH,976,10/09/1999
1524,1999,1,CH,972,05/09/1999
1525,1999,0,CH,979,15/09/1999
1526,1999,1,CH,979,15/09/1999
1527,1999,0,CH,975,08/09/1999
1528,1999,0,CH,975,08/09/1999
1529,1999,1,CH,975,08/09/1999
1530,1999,0,CH,962,25/08/1999
1535,1999,1,J,972,05/09/1999
1537,1999,0,CH,983,26/09/1999
1544,1999,0,OFL,985,20/11/1999
1545,1999,1,OFL,984,20/11/1999
1546,1999,1,OFL,984,20/11/1999
1547,1999,0,J,987,21/11/1999
1548,1999,0,FL,986,21/11/1999
1549,1999,1,FL,986,21/11/1999
1551,1999,1,OFL,988,22/11/1999
1554,1999,1,OFL,1002,01/12/1999
1555,1999,0,OFL,1004,02/12/1999
1556,1999,1,FL,1004,02/12/1999
1557,1999,1,FL,1004,02/12/1999
1562,1999,0,FL,1007,03/12/1999
1563,1999,0,SA,1007,03/12/1999
1564,1999,1,FL,1006,03/12/1999
1565,1999,1,OFL,1007,03/12/1999
1567,1999,0,SA,1008,04/12/1999
1568,1999,0,FL,1009,05/12/1999
1571,2000,0,CH,1015,25/07/2000
1573,2000,0,OFL,1016,29/07/2000
1574,2000,1,FL,1016,29/07/2000
1575,2000,0,OFL,1018,01/08/2000
1578,2000,1,FL,1020,03/08/2000
1582,2000,1,OFL,1021,04/08/2000
1583,2000,1,OFL,1021,04/08/2000
1584,1999,0,SA,1022,05/08/2000
1585,2000,1,FL,1022,05/08/2000
1586,2000,0,OFL,1022,05/08/2000
1588,2000,0,OFL,4583,07/08/2000
1592,2000,0,FL,1025,11/08/2000
1594,2000,1,FL,1025,11/08/2000
1595,2000,1,OFL,1025,11/08/2000
1596,2000,1,FL,1026,12/08/2000
1599,2000,0,CH,1027,13/08/2000
1600,2000,1,CH,1027,13/08/2000
1601,2000,1,CH,1027,13/08/2000
1602,2000,1,CH,1027,13/08/2000
1613,2001,0,OFL,1036,11/07/2001
1618,2001,1,CH,1042,24/07/2001
1620,2001,1,CH,1043,25/07/2001
1621,2001,0,CH,1043,25/07/2001
1622,2001,1,CH,1043,25/07/2001
1624,2001,0,CH,1044,26/07/2001
1638,2001,0,SA,1046,12/07/2002
1647,2002,0,J,1047,13/07/2002
1654,2001,1,SA,1047,13/07/2002
1655,2001,0,SA,1048,14/07/2002
1656,2001,1,SA,1048,14/07/2002
1661,2002,1,J,1049,16/07/2002
1662,2002,0,OFL,1050,17/07/2002
1667,2001,1,SA,1056,22/07/2002
1668,2002,1,J,1057,24/07/2002
1675,2002,0,OFL,1069,01/08/2002
1676,2002,1,SA,1069,01/08/2002
1677,2001,1,SA,1072,03/08/2002
1679,2002,1,CH,1072,03/08/2002
1680,2002,1,CH,1072,03/08/2002
1681,2001,1,SA,1073,03/08/2002
1687,1982,0,CH,161,29/11/1982
1689,1986,,CH,90,19/09/1986
1703,2002,0,CH,1078,13/08/2002
1704,2002,0,CH,1077,13/08/2002
1706,2001,1,SA,1080,15/08/2002
1713,2002,1,CH,1084,19/08/2002
1718,2001,1,SA,1090,23/08/2002
1719,2001,1,SA,1090,23/08/2002
1727,2001,1,SA,1096,31/08/2002
1732,2002,1,CH,1098,02/09/2002
1733,2002,0,CH,1099,03/09/2002
1734,2002,1,CH,1099,03/09/2002
1736,2002,0,FL,1100,04/09/2002
1737,2002,1,CH,1100,04/09/2002
1738,2002,1,CH,1102,06/09/2002
1741,2002,0,FL,1104,11/09/2002
1746,2002,0,FL,1108,13/09/2002
1748,2002,1,FL,1110,17/09/2002
1749,2002,1,FL,1110,17/09/2002
1755,2002,1,FL,1115,19/09/2002
1764,2003,0,J,1125,08/06/2003
1768,2003,1,J,1135,18/06/2003
1769,2003,1,OFL,1138,20/06/2003
1770,2003,1,J,1137,20/06/2003
1776,2002,0,SA,1149,28/06/2003
1780,2002,1,SA,1154,01/07/2003
1785,2002,1,SA,1159,09/07/2003
1788,2002,1,SA,1164,12/07/2003
1789,2002,0,SA,1168,17/07/2003
1799,2002,1,SA,1178,29/07/2003
1806,2003,1,CH,1193,11/08/2003
1807,2002,0,SA,1194,12/08/2003
1820,2003,1,CH,1186,04/08/2003
1825,2003,0,CH,1202,19/08/2003
1828,2003,0,CH,1207,22/08/2003
1829,2003,1,CH,1207,22/08/2003
1830,2003,0,CH,1207,22/08/2003
1832,2003,0,CH,1209,23/08/2003
1833,2003,0,CH,1208,23/08/2003
1834,2002,1,SA,1211,24/08/2003
1835,2002,1,SA,1211,24/08/2003
1836,2002,1,SA,1210,24/08/2003
1839,2002,1,SA,1211,24/08/2003
1840,2003,0,J,1210,24/08/2003
1845,2003,1,CH,1212,27/08/2003
1846,2003,1,CH,1213,27/08/2003
1847,2003,0,CH,1215,29/08/2003
1849,2003,0,CH,1217,30/08/2003
1850,2003,0,CH,1216,30/08/2003
1853,2003,0,CH,1216,30/08/2003
1855,2003,0,CH,1217,30/08/2003
1860,1989,,CH,195,09/08/1989
1865,2003,0,J,1228,15/12/2003
1866,2003,1,J,1228,15/12/2003
1867,2003,1,J,1230,16/12/2003
1870,2003,0,J,1236,20/12/2003
1874,2003,1,J,1240,22/12/2003
1875,2003,0,OFL,1240,22/12/2003
1876,2003,0,J,1240,22/12/2003
1879,2003,0,J,1226,14/12/2003
1882,2003,1,SA,1244,26/12/2003
1883,2003,1,J,1245,27/12/2003
1885,2003,0,J,1248,01/01/2004
1888,2003,0,J,1251,03/01/2004
1889,2003,0,J,1252,04/01/2004
1893,2001,0,SA,1081,16/08/2002
1894,2002,1,SA,1121,27/09/2002
1896,2003,1,CH,1221,01/10/2003
2737,1981,0,J,11,27/10/1981
2743,1981,,J,5,07/10/1981
2758,1982,1,J,27,24/05/1982
2766,1982,,CH,36,12/10/1982
2767,1982,,CH,36,12/10/1982
2768,1982,,CH,37,03/12/1982
2769,1982,,CH,37,03/12/1982
2770,1982,,CH,37,03/12/1982
2771,1982,1,CH,38,11/12/1982
2779,1981,,J,4425,07/01/1982
2780,1982,0,CH,4414,28/12/1982
2784,1982,1,J,33,30/07/1982
2785,1982,0,J,33,30/07/1982
2787,1981,,SA,33,30/07/1982
2790,1981,,SA,34,31/07/1982
2791,1982,0,J,34,31/07/1982
2794,1981,,SA,34,31/07/1982
2795,1981,0,SA,34,31/07/1982
2866,2002,1,J,1063,30/07/2002
2867,2002,0,J,1063,30/07/2002
2869,2001,0,SA,1063,30/07/2002
2872,2001,1,SA,1065,31/07/2002
2873,2002,0,J,1065,31/07/2002
2876,2001,0,SA,1065,31/07/2002
2877,2001,0,SA,1065,31/07/2002
2909,2002,1,J,1065,31/07/2002
2911,2001,1,SA,1068,01/08/2002
2914,2002,1,J,1068,01/08/2002
2916,2002,1,J,1068,01/08/2002
2919,2001,1,SA,1068,01/08/2002
2920,2001,0,SA,1068,01/08/2002
2926,1990,,CH,238,13/03/1990
2927,1990,,CH,238,13/03/1990
2967,2004,1,OFL,1271,28/05/2004
2969,2004,1,OFL,1273,29/05/2004
2973,2004,1,OFL,1293,05/06/2004
2975,2004,0,OFL,1301,08/06/2004
2977,2004,0,OFL,1304,09/06/2004
2979,2004,1,OFL,1309,11/06/2004
2981,2003,0,SA,1331,21/06/2004
2999,2004,0,CH,1403,21/07/2004
3000,2004,1,OFL,1418,27/07/2004
3001,2004,1,OFL,1418,27/07/2004
3003,2004,0,OFL,1447,09/08/2004
3004,2004,0,OFL,1435,04/08/2004
3006,2004,0,CH,1463,17/08/2004
3008,2004,1,CH,1482,29/08/2004
3009,2004,0,CH,1482,29/08/2004
3011,2004,1,CH,1480,28/08/2004
3012,2004,0,CH,1476,26/08/2004
3013,2004,1,CH,1488,07/09/2004
3014,2004,1,CH,1489,08/09/2004
3016,2004,0,CH,1491,14/09/2004
3017,2004,0,CH,1494,23/09/2004
3023,2004,0,FL,1500,19/12/2004
3090,2004,0,SA,1514,02/01/2005
3091,2004,0,FL,1512,31/12/2004
3092,2004,0,FL,1512,31/12/2004
3095,2004,0,FL,1507,26/12/2004
3096,2004,0,CH,1495,30/09/2004
3448,2005,1,FL,1528,07/06/2005
3450,2005,0,FL,1534,10/06/2005
3452,2005,1,FL,1537,12/06/2005
3454,2004,1,SA,1542,14/06/2005
3455,2005,0,FL,1543,15/06/2005
3459,2005,1,FL,1547,17/06/2005
3460,2005,1,FL,1548,17/06/2005
3461,2005,0,FL,1543,15/06/2005
3465,2005,0,J,1555,21/06/2005
3466,2005,0,J,1554,21/06/2005
3467,2004,0,SA,1557,22/06/2005
3468,2005,1,J,1567,27/06/2005
3471,2004,1,SA,1561,24/06/2005
3472,2005,0,J,1558,23/06/2005
3473,2004,1,SA,1560,24/06/2005
3474,2004,0,SA,1562,25/06/2005
3478,2004,0,SA,1570,28/06/2005
3479,2005,1,J,1578,02/07/2005
3480,2004,1,SA,1574,30/06/2005
3481,2005,0,J,1575,01/07/2005
3482,2005,1,J,1575,01/07/2005
3483,2005,0,J,1580,03/07/2005
3484,2004,1,SA,1581,04/07/2005
3488,2005,0,OFL,1599,14/07/2005
3492,2005,1,OFL,1604,17/07/2005
3499,2005,0,FL,1627,26/07/2005
3502,2005,0,OFL,1631,27/07/2005
3503,2005,0,FL,1627,26/07/2005
3504,2005,1,CH,1627,26/07/2005
3506,2005,0,OFL,1637,29/07/2005
3509,2005,0,J,1643,30/07/2005
3510,2005,0,OFL,1660,03/08/2005
3511,2005,1,OFL,1649,01/08/2005
3512,2005,0,CH,1657,02/08/2005
3513,2005,0,OFL,1663,04/08/2005
3514,2005,0,FL,1667,07/08/2005
3516,2005,0,OFL,1688,16/08/2005
3521,2005,1,CH,1691,17/08/2005
3527,2005,1,CH,1645,30/07/2005
3529,2005,1,CH,1662,03/08/2005
3549,2004,1,SA,1678,12/08/2005
3562,2004,1,SA,1678,12/08/2005
3564,2005,1,OFL,1696,19/08/2005
3565,2005,1,CH,1704,25/08/2005
3566,2005,0,CH,1704,25/08/2005
3568,2005,0,CH,1703,25/08/2005
3570,2005,1,CH,1703,25/08/2005
3571,2005,0,CH,1704,25/08/2005
3573,2005,1,CH,1703,25/08/2005
3575,2005,1,CH,1698,20/08/2005
3577,2005,1,CH,1708,26/08/2005
3578,2005,1,CH,1707,26/08/2005
3579,2005,0,CH,1707,26/08/2005
3581,2005,0,CH,1710,27/08/2005
3582,2004,1,SA,1706,26/08/2005
3591,2005,0,CH,1715,30/08/2005
3592,2005,0,CH,1714,29/08/2005
3593,2005,1,CH,1721,03/09/2005
3597,2005,0,CH,1721,03/09/2005
3598,2005,0,CH,1723,04/09/2005
3599,2005,1,CH,1726,06/09/2005
3600,2005,1,CH,1733,11/09/2005
3601,2005,1,CH,1734,11/09/2005
3602,2005,1,CH,1732,10/09/2005
3603,2005,0,CH,1732,10/09/2005
3605,2005,0,CH,1732,10/09/2005
3607,2005,1,CH,1730,09/09/2005
3609,2005,0,CH,1684,14/08/2005
3610,2005,0,CH,1689,16/08/2005
3611,2005,0,CH,1735,17/09/2005
3613,2005,0,CH,1735,17/09/2005
3614,2005,1,CH,1737,30/09/2005
3617,2005,1,FL,1749,19/11/2005
3632,,0,J,1753,21/11/2005
3633,,1,SA,1755,22/11/2005
3638,2005,1,FL,1754,22/11/2005
3646,2005,0,FL,1764,28/11/2005
3647,2005,1,FL,1764,28/11/2005
3648,2005,0,FL,1766,29/11/2005
3649,2005,0,FL,1767,29/11/2005
3650,2005,0,FL,1766,29/11/2005
3651,2005,1,FL,1769,30/11/2005
3652,2005,0,FL,1768,30/11/2005
3653,2005,0,FL,1769,30/11/2005
3662,2005,0,FL,1748,17/11/2005
3666,2005,1,FL,1746,16/11/2005
3670,2005,1,FL,1745,16/11/2005
3672,2005,1,FL,1745,16/11/2005
3675,2005,1,FL,1746,16/11/2005
3680,2005,1,FL,1745,16/11/2005
3681,2005,0,FL,1746,16/11/2005
3682,2005,1,FL,1745,16/11/2005
3683,2005,1,FL,1745,16/11/2005
3684,2005,1,FL,1744,15/11/2005
3688,2005,0,FL,1774,04/12/2005
3689,2005,1,FL,1774,04/12/2005
3690,2005,1,FL,1775,04/12/2005
3691,2005,0,OFL,1776,05/12/2005
3692,2005,0,OFL,1776,05/12/2005
3697,2005,1,FL,1771,02/12/2005
3700,2005,0,SA,1780,08/12/2005
3701,2005,0,FL,1781,09/12/2005
3702,2005,1,FL,1784,11/12/2005
3710,1994,,J,1785,01/01/2006
3745,1997,1,CH,749,18/08/1997
3766,1997,0,CH,749,18/08/1997
3794,1997,0,CH,5073,17/08/1997
3844,1998,0,CH,5114,30/08/1998
3863,1998,0,CH,5196,24/02/1998
3871,1998,1,CH,5164,10/08/1998
3907,1998,,CH,865,30/08/1998
3946,1998,0,CH,871,08/09/1998
3964,1999,1,CH,966,29/08/1999
3967,1999,0,CH,952,14/08/1999
3976,1999,1,CH,6720,19/08/1999
3986,1999,0,CH,5475,28/07/1999
3994,1999,,CH,945,04/08/1999
4017,1999,0,CH,5469,19/07/1999
4031,1999,,CH,5474,27/07/1999
4057,1999,0,CH,962,25/08/1999
4086,1999,1,CH,5456,04/09/1999
4194,2003,0,CH,1217,30/08/2003
4235,2003,1,CH,9828,05/08/2003
4256,1995,0,CH,510,02/08/1995
4801,1990,,CH,1793,25/08/1990
4802,2005,1,J,1821,15/03/2006
4804,2006,0,SA,1825,20/03/2006
4807,2006,1,J,1795,15/06/2006
4809,2005,0,SA,1990,16/06/2006
4810,2006,0,FL,1990,16/06/2006
4813,2005,1,SA,1992,17/06/2006
4814,2006,1,J,1798,17/06/2006
4816,2006,1,J,1798,17/06/2006
4817,2006,1,FL,1993,18/06/2006
4819,2005,1,SA,1800,18/06/2006
4821,2006,0,FL,1995,19/06/2006
4824,2005,1,SA,1997,20/06/2006
4825,2006,0,J,2000,21/06/2006
4827,2006,0,J,1999,21/06/2006
4830,2006,0,J,2004,23/06/2006
4833,2005,0,SA,2006,25/06/2006
4834,2005,1,SA,2008,26/06/2006
4836,2006,0,J,1803,26/06/2006
4838,2005,1,SA,2009,27/06/2006
4839,2006,1,J,1805,27/06/2006
4840,2005,0,SA,2011,28/06/2006
4841,2005,1,SA,1807,28/06/2006
4844,2005,0,SA,1806,28/06/2006
4845,2005,0,SA,2013,29/06/2006
4846,2006,0,J,2014,29/06/2006
4848,2006,1,FL,2016,30/06/2006
4849,2005,1,SA,1809,30/06/2006
4851,2006,1,J,1809,30/06/2006
4853,2006,0,J,2017,01/07/2006
4855,2006,0,FL,1835,02/07/2006
4856,2005,1,SA,2021,03/07/2006
4857,2006,1,J,2022,04/07/2006
4858,2005,0,SA,2025,05/07/2006
4859,2005,0,SA,2024,05/07/2006
4862,2005,0,SA,1866,17/07/2006
4864,2006,1,J,2026,17/07/2006
4867,2006,0,J,1871,20/07/2006
4868,2006,0,J,1872,20/07/2006
4873,2005,1,SA,1902,06/08/2006
4874,2006,0,OFL,1906,07/08/2006
4877,2006,0,CH,1916,12/08/2006
4879,2006,1,CH,1916,12/08/2006
4880,2006,0,CH,1916,12/08/2006
4882,2006,0,CH,1915,12/08/2006
4884,2006,1,CH,1921,15/08/2006
4886,2006,1,J,1922,16/08/2006
4889,2006,1,CH,1925,19/08/2006
4891,2006,0,CH,1929,20/08/2006
4893,2006,0,CH,1931,23/08/2006
4895,2006,1,CH,1933,24/08/2006
4898,2006,0,CH,1937,29/08/2006
4899,2006,0,CH,2775,29/08/2006
4900,2006,1,CH,1937,29/08/2006
4901,2006,0,FL,1938,30/08/2006
4903,2006,1,CH,1940,01/09/2006
4905,2006,0,CH,1942,02/09/2006
4906,2006,1,CH,1943,02/09/2006
4907,2006,0,CH,1945,03/09/2006
4908,2006,0,CH,1944,03/09/2006
4911,2006,1,CH,1946,12/09/2006
4913,2006,1,CH,1947,12/09/2006
4914,2006,1,CH,1947,12/09/2006
4915,2006,1,CH,1947,12/09/2006
4916,2006,0,CH,1947,12/09/2006
4918,2006,1,CH,1948,13/09/2006
4920,2006,0,FL,1813,14/09/2006
4925,2006,1,FL,1816,16/09/2006
4931,2005,1,SA,1819,18/09/2006
4932,2005,1,SA,1820,18/09/2006
4937,2006,1,CH,1953,26/09/2006
4940,2006,1,J,1958,08/01/2007
4942,2006,0,OFL,1959,09/01/2007
4943,2006,1,J,1960,09/01/2007
4944,2006,1,J,1961,10/01/2007
4945,2006,1,J,1961,10/01/2007
4946,2006,1,J,1962,10/01/2007
4948,2006,1,J,1963,11/01/2007
4949,2006,0,SA,1964,11/01/2007
4951,2006,1,J,1965,12/01/2007
4953,2006,1,J,1967,13/01/2007
4955,2006,1,J,1967,13/01/2007
4959,2006,1,SA,1969,14/01/2007
4960,2006,0,J,1971,16/01/2007
4962,2006,1,J,1972,17/01/2007
4963,2006,1,J,1972,17/01/2007
4966,2006,1,J,1975,22/01/2007
4968,2006,0,FL,1976,23/01/2007
4969,2006,0,FL,1978,24/01/2007
4974,2006,0,FL,1979,25/01/2007
5001,2006,1,SA,2046,16/06/2007
5002,2006,1,SA,2047,17/06/2007
5003,2007,0,J,2047,17/06/2007
5004,2007,0,J,2049,19/06/2007
5007,2006,1,SA,2051,20/06/2007
5008,2007,1,J,2052,21/06/2007
5013,2006,0,SA,2054,24/06/2007
5014,2007,0,FL,2055,24/06/2007
5020,2007,1,J,2057,25/06/2007
5025,2006,1,SA,2060,28/06/2007
5026,2007,0,J,2060,28/06/2007
5029,2007,0,J,2061,29/06/2007
5036,2006,0,SA,2064,29/06/2007
5037,2006,1,SA,2065,30/06/2007
5038,2006,0,SA,2065,30/06/2007
5039,2006,1,SA,2066,01/07/2007
5041,2006,1,SA,2067,01/07/2007
5042,2006,0,SA,2068,02/07/2007
5043,2007,1,J,2069,02/07/2007
5044,2007,1,J,2070,03/07/2007
5045,2007,0,J,2071,03/07/2007
5048,2006,0,SA,2073,04/07/2007
5049,2006,0,SA,2074,04/07/2007
5052,2006,0,SA,2075,04/07/2007
5053,2007,0,J,2074,04/07/2007
5054,2006,1,SA,2075,04/07/2007
5056,2006,1,SA,2076,05/07/2007
5065,2006,,SA,2081,09/07/2007
5068,2006,1,SA,2082,10/07/2007
5069,2006,0,SA,2084,10/07/2007
5074,2007,0,J,2088,20/07/2007
5076,2007,1,J,2089,21/07/2007
5077,2007,1,J,2090,25/07/2007
5078,2006,1,SA,2090,25/07/2007
5080,2007,0,J,2092,27/07/2007
5089,2007,0,J,2096,03/08/2007
5095,2006,0,SA,2098,04/08/2007
5097,2007,0,J,2099,04/08/2007
5098,2007,1,J,2098,04/08/2007
5099,2006,1,SA,2100,04/08/2007
5106,2007,0,J,2102,06/08/2007
5107,2007,0,J,2103,07/08/2007
5108,2007,1,J,2104,07/08/2007
5110,2007,0,J,2103,07/08/2007
5113,2006,1,SA,2105,08/08/2007
5115,2007,1,J,4178,10/08/2007
5117,2007,0,CH,2109,13/08/2007
5120,2007,0,CH,2112,21/08/2007
5122,2007,0,CH,2113,23/08/2007
5124,2007,0,J,2114,24/08/2007
5126,2007,1,CH,2116,27/08/2007
5127,2007,0,CH,2115,27/08/2007
5129,2007,1,CH,2117,31/08/2007
5130,2007,0,CH,2117,31/08/2007
5131,2007,1,CH,2117,31/08/2007
5134,2007,0,CH,2119,01/09/2007
5135,2007,0,CH,2119,01/09/2007
5136,2007,0,CH,2118,01/09/2007
5137,2007,0,CH,2120,02/09/2007
5138,2007,0,CH,2121,03/09/2007
5139,2007,0,CH,2122,05/09/2007
5140,2007,0,CH,2122,05/09/2007
5141,2007,0,CH,2122,05/09/2007
5142,2007,0,CH,2122,05/09/2007
5143,2007,,CH,2123,06/09/2007
5146,2007,1,CH,2125,07/09/2007
5148,2007,1,CH,2126,08/09/2007
5149,2007,1,CH,2127,09/09/2007
5150,2007,0,CH,2127,09/09/2007
5151,2007,1,CH,2127,09/09/2007
5152,2007,0,CH,2127,09/09/2007
5153,2007,1,CH,2127,09/09/2007
5154,2007,0,CH,2127,09/09/2007
5156,2007,0,CH,2128,15/09/2007
5157,2007,0,CH,2129,16/09/2007
5159,2007,1,J,2131,09/01/2008
5161,2007,1,J,2133,15/01/2008
5165,2007,1,J,2136,21/01/2008
5166,2007,0,SA,2136,21/01/2008
5171,2007,0,J,2139,25/01/2008
5172,2007,1,SA,2140,26/01/2008
5174,2007,0,SA,2142,01/02/2008
5175,2008,0,CH,2143,21/02/2008
5176,2008,0,J,2144,01/07/2008
5177,2008,1,J,2145,03/07/2008
5178,2007,0,SA,2145,03/07/2008
5179,2008,1,J,2145,03/07/2008
5180,2008,0,J,2146,04/07/2008
5181,2007,0,SA,2147,05/07/2008
5182,2008,0,J,2148,06/07/2008
5183,2008,0,J,2149,07/07/2008
5184,2007,0,SA,2150,07/07/2008
5185,2008,0,J,2151,09/07/2008
5186,2008,1,J,2152,10/07/2008
5187,2007,0,SA,2153,10/07/2008
5188,2007,1,SA,2154,11/07/2008
5190,2007,0,SA,2156,12/07/2008
5191,2007,1,SA,2157,12/07/2008
5192,2008,1,FL,2157,12/07/2008
5193,2007,0,SA,2156,12/07/2008
5194,2007,0,SA,2158,13/07/2008
5196,2008,0,FL,2158,13/07/2008
5198,2008,0,FL,2160,15/07/2008
5199,2008,1,OFL,2161,16/07/2008
5200,2008,1,J,2162,17/07/2008
5203,2008,1,CH,2164,18/07/2008
5205,2008,0,CH,2165,18/07/2008
5206,2008,1,J,2166,22/07/2008
5207,2008,0,J,2167,22/07/2008
5209,2008,1,FL,2168,22/07/2008
5210,2008,1,FL,2168,22/07/2008
5214,2008,1,J,2171,24/07/2008
5215,2007,1,SA,2172,24/07/2008
5216,2007,0,SA,2172,24/07/2008
5218,2008,0,J,2173,25/07/2008
5219,2007,0,SA,2174,25/07/2008
5222,2008,0,J,2177,26/07/2008
5223,2008,1,CH,2176,26/07/2008
5225,2008,1,FL,2178,26/07/2008
5227,2008,0,CH,2179,28/07/2008
5228,2008,1,CH,2179,28/07/2008
5229,2008,0,CH,2179,28/07/2008
5230,2008,0,CH,2179,28/07/2008
5231,2008,1,CH,2179,28/07/2008
5232,2007,0,SA,2180,29/07/2008
5233,2007,0,SA,2181,29/07/2008
5236,2008,1,FL,2183,31/07/2008
5239,2008,1,OFL,2184,01/08/2008
5241,2008,0,CH,2185,01/08/2008
5243,2007,0,SA,2187,05/08/2008
5245,2008,0,J,2188,05/08/2008
5246,2007,0,SA,2188,05/08/2008
5247,2008,0,FL,2189,05/08/2008
5248,2007,1,SA,2189,05/08/2008
5251,2007,0,SA,2190,06/08/2008
5252,2007,0,SA,2191,07/08/2008
5255,2008,1,J,2194,09/08/2008
5256,2007,0,SA,2195,09/08/2008
5257,2008,1,OFL,2196,11/08/2008
5258,2008,0,CH,2197,11/08/2008
5259,2008,0,CH,2197,11/08/2008
5260,2008,1,OFL,2198,11/08/2008
5261,2008,1,FL,2198,11/08/2008
5263,2008,0,OFL,2199,12/08/2008
5264,2008,0,OFL,2200,13/08/2008
5265,2008,0,FL,2201,16/08/2008
5266,2007,1,SA,2201,16/08/2008
5270,2008,1,CH,2204,24/08/2008
5271,2008,1,CH,2205,25/08/2008
5272,2008,0,CH,2206,28/08/2008
5273,2008,1,CH,2207,03/09/2008
5274,2008,0,FL,2217,31/07/2008
5276,2008,1,J,2267,14/01/2009
5277,2008,0,J,2268,17/01/2009
5278,2008,0,FL,2286,23/01/2009
5279,2008,0,J,2289,25/01/2009
5280,2008,1,FL,2294,29/01/2009
5281,2009,1,CH,2295,02/02/2009
5282,2008,0,OFL,2299,04/02/2009
5286,2009,1,CH,2307,13/02/2009
5287,2009,0,CH,2332,15/02/2009
5288,2009,0,CH,2309,16/02/2009
5289,2009,0,CH,2313,20/02/2009
5293,2008,0,J,2316,21/02/2009
5294,2009,1,CH,2317,24/02/2009
5295,2009,1,CH,2343,23/01/2009
5296,2009,0,CH,2344,28/01/2009
5297,2009,0,FL,2344,28/01/2009
5298,2008,0,J,2340,26/01/2009
5312,2009,0,FL,2394,22/06/2009
5314,2009,1,OFL,2397,16/06/2009
5317,2009,1,FL,2402,27/06/2009
5318,2009,0,SA,2398,20/06/2009
5322,2008,1,SA,2397,16/06/2009
5325,2009,1,OFL,2405,30/06/2009
5327,2009,1,OFL,2409,02/07/2009
5332,2009,0,OFL,2453,13/07/2009
5339,2009,0,FL,2491,28/07/2009
5340,2009,1,CH,2511,10/08/2009
5341,2008,0,SA,2512,15/08/2009
5342,2009,1,CH,2525,23/08/2009
5343,2009,1,CH,2520,19/08/2009
5344,2008,0,SA,2531,18/07/2009
5347,2008,1,SA,2533,16/07/2009
5349,2009,0,FL,2534,29/07/2009
5350,2009,0,FL,2535,10/07/2009
5352,2008,1,SA,2537,06/08/2009
5353,2008,1,SA,2538,11/08/2009
5354,2008,0,SA,2539,22/08/2009
5355,2008,0,SA,2540,10/08/2009
5363,2008,0,SA,2541,21/08/2009
5364,2008,0,SA,2541,21/08/2009
5365,2008,0,SA,2546,28/07/2009
5369,2008,0,SA,2549,20/08/2009
5373,2008,0,SA,2551,30/07/2009
5375,2008,1,SA,2543,19/08/2009
5381,2008,1,SA,2556,23/07/2009
5383,2008,1,SA,2547,04/08/2009
5389,2008,1,SA,2550,02/08/2009
5390,2008,1,SA,2553,15/07/2009
5394,2009,0,FL,2559,19/07/2009
5396,2009,1,FL,2535,10/07/2009
5397,2008,0,SA,2561,07/08/2009
5399,2008,1,SA,2531,18/07/2009
5400,2009,1,FL,2562,14/07/2009
5406,2008,1,SA,2556,23/07/2009
5407,2009,0,FL,2535,10/07/2009
5411,2008,0,SA,2556,23/07/2009
5414,2008,0,SA,2548,19/08/2009
5416,2009,0,FL,2530,27/07/2009
5417,2008,1,SA,2532,01/08/2009
5418,2009,1,CH,2576,29/08/2009
5448,2009,0,FL,2469,16/07/2009
5449,2009,0,OFL,2450,20/07/2009
5451,2009,0,J,2508,12/08/2009
5452,2009,0,FL,2512,15/08/2009
5454,2009,0,CH,2520,19/08/2009
5455,2009,0,FL,2523,20/08/2009
5458,2009,0,CH,2594,01/09/2009
5459,2009,0,CH,2593,31/08/2009
5460,2009,1,CH,2576,29/08/2009
5461,2009,0,CH,2593,31/08/2009
5462,2009,1,CH,2597,04/09/2009
5463,2009,1,CH,2598,05/09/2009
5464,2009,0,CH,2602,10/09/2009
5466,2009,0,CH,2598,05/09/2009
5473,2008,0,CH,2143,21/02/2008
5475,2009,0,FL,3302,03/02/2010
5476,2009,1,SA,3302,03/02/2010
5477,2009,0,SA,3302,03/02/2010
5478,2009,0,FL,3304,01/02/2010
5479,2009,0,FL,3303,01/02/2010
5480,2009,0,FL,3305,26/01/2010
5484,2009,0,FL,3303,01/02/2010
5486,2009,1,FL,3312,05/02/2010
5488,2009,1,FL,3306,08/02/2010
5489,2009,1,FL,3306,08/02/2010
5490,2009,1,OFL,3306,08/02/2010
5491,2009,0,FL,3306,08/02/2010
5492,2009,1,FL,3303,01/02/2010
5494,2009,0,FL,3306,08/02/2010
5499,2010,1,FL,3357,19/02/2010
5507,2009,1,SA,3406,12/07/2010
5509,2010,1,OFL,3406,12/07/2010
5512,2010,0,OFL,3409,06/07/2010
5519,2009,1,SA,3413,04/07/2010
5520,2009,1,SA,3414,05/07/2010
5521,2009,0,SA,3409,06/07/2010
5527,2010,1,OFL,3420,16/07/2010
5533,2010,0,OFL,3447,23/07/2010
5534,2010,0,OFL,3449,22/07/2010
5535,2009,0,SA,3450,25/07/2010
5538,2009,1,SA,3478,06/08/2010
5541,2009,1,SA,3488,07/08/2010
5544,2010,0,CH,3489,13/08/2010
5546,2010,0,CH,3482,10/08/2010
5548,2010,1,CH,3485,17/08/2010
5552,2010,0,CH,3491,23/08/2010
5555,2010,1,CH,3492,24/08/2010
5556,2010,1,CH,3487,27/08/2010
5557,2010,1,CH,3487,27/08/2010
5558,2010,1,CH,3484,26/08/2010
5560,2010,1,CH,3504,02/09/2010
5562,2010,0,OFL,3503,01/09/2010
5563,2010,1,CH,3501,30/08/2010
5565,2010,0,CH,3501,30/08/2010
5566,2010,0,CH,3501,30/08/2010
5567,2010,1,CH,3501,30/08/2010
5571,2010,1,CH,3517,08/09/2010
5572,2010,1,CH,3517,08/09/2010
5581,2010,1,SA,3527,28/06/2011
5587,2010,1,SA,3533,05/07/2011
5589,2010,0,SA,3527,28/06/2011
5591,2010,1,SA,3530,02/07/2011
5592,2010,0,SA,3527,28/06/2011
5593,2010,0,SA,3529,06/07/2011
5596,2010,0,SA,3537,05/07/2011
5599,2011,1,J,3520,03/07/2011
5601,2011,1,J,3521,03/07/2011
5603,2011,1,J,3538,30/06/2011
5610,2010,0,SA,3539,07/07/2011
5614,2010,1,SA,3521,03/07/2011
5615,2011,0,OFL,3522,01/07/2011
5616,2010,0,SA,3522,01/07/2011
5617,2011,0,J,3522,01/07/2011
5619,2011,0,OFL,3524,30/06/2011
5622,2011,1,J,3542,09/07/2011
5623,2011,0,OFL,3560,22/07/2011
5627,2011,1,OFL,3558,20/07/2011
5628,2011,1,CH,3573,02/08/2011
5629,2011,1,CH,3577,09/08/2011
5631,2010,1,SA,3579,28/07/2011
5632,2011,0,CH,3577,09/08/2011
5637,2011,0,CH,3582,14/08/2011
5644,2011,0,J,3572,31/07/2011
5645,2011,1,CH,3620,24/08/2011
5646,2011,1,CH,3593,19/08/2011
5647,2011,0,CH,3615,01/09/2011
5651,2011,1,CH,3593,19/08/2011
5654,2011,1,CH,3611,22/08/2011
5655,2010,1,SA,3639,10/09/2011
5656,2011,0,CH,3643,06/09/2011
5659,2010,0,SA,3653,06/09/2011
5660,2010,0,SA,3654,07/09/2011
5663,2010,0,SA,3656,03/09/2011
5664,2010,0,SA,3658,04/09/2011
5666,2010,1,SA,3657,05/09/2011
5667,2010,0,SA,3653,06/09/2011
5668,2010,1,SA,3654,07/09/2011
5669,2010,1,SA,3654,07/09/2011
5670,2010,1,SA,3654,07/09/2011
5671,2010,0,SA,3652,10/09/2011
5672,2010,1,SA,3653,06/09/2011
5673,2010,1,SA,3653,06/09/2011
5674,2010,0,SA,3655,02/09/2011
5675,2010,0,SA,3655,02/09/2011
5676,2010,0,SA,3659,09/09/2011
5677,2010,0,SA,3651,08/09/2011
5680,2011,1,OFL,3665,16/09/2011
5681,2011,0,FL,3668,16/09/2011
5682,2011,1,FL,3678,17/09/2011
5685,2011,0,FL,3682,21/09/2011
5686,2011,0,FL,3683,22/09/2011
5687,2011,1,CH,3684,25/09/2011
5693,2010,0,CH,3932,11/06/2010
5695,2009,1,SA,3926,30/06/2010
5696,2010,0,OFL,3927,23/06/2010
5697,2009,1,SA,3934,10/07/2010
5698,2010,1,FL,3927,23/06/2010
5701,2010,0,CH,3932,11/06/2010
5702,2010,0,FL,3936,06/06/2010
5703,2009,0,SA,3935,14/07/2010
5704,2010,1,OFL,3924,28/06/2010
5706,2009,0,SA,3937,13/07/2010
5708,2010,0,FL,3938,16/07/2010
5710,2010,0,OFL,3924,28/06/2010
5711,2010,0,CH,3928,25/06/2010
5713,2009,1,SA,3938,16/07/2010
5714,2010,0,FL,3942,15/07/2010
5716,2010,0,J,3943,19/07/2010
5718,2009,0,SA,3927,23/06/2010
5720,2010,0,FL,3935,14/07/2010
5721,2010,1,OFL,3939,29/06/2010
5722,,1,CH,3928,25/06/2010
5728,2009,1,SA,3935,14/07/2010
5729,2010,0,FL,3947,15/08/2010
5730,2010,0,J,3944,22/07/2010
5731,2010,1,CH,3948,23/07/2010
5733,2010,1,FL,3950,21/07/2010
5735,2010,0,CH,3948,23/07/2010
5737,2009,0,SA,3945,12/08/2010
5738,2010,1,CH,3951,05/08/2010
5739,2010,0,CH,3948,23/07/2010
5740,2010,0,J,3944,22/07/2010
5741,2010,1,FL,3952,25/07/2010
5745,2010,0,CH,3960,16/08/2010
5747,2011,1,OFL,4039,30/11/2011
5751,2011,0,J,4042,07/12/2011
5752,2011,1,J,4042,07/12/2011
5753,2011,1,OFL,4042,07/12/2011
5754,2010,1,SA,4043,06/12/2011
5755,2011,1,OFL,4043,06/12/2011
5756,2011,0,OFL,4079,13/12/2011
5757,2011,1,OFL,4079,13/12/2011
5758,2011,1,OFL,4079,13/12/2011
5759,2011,1,OFL,4079,13/12/2011
5761,2011,0,OFL,4080,14/12/2011
5762,2011,1,SA,4080,14/12/2011
5763,2011,1,SA,4080,14/12/2011
5765,2011,1,J,4099,27/01/2012
5767,2011,1,FL,4101,28/01/2012
5768,2011,1,J,4100,28/01/2012
5771,2011,0,FL,4105,30/01/2012
5772,2011,0,J,4106,31/01/2012
5773,2011,0,J,4121,04/02/2012
5775,2011,1,J,4123,07/02/2012
5781,2011,1,SA,4130,12/02/2012
5782,2011,1,SA,4135,15/02/2012
5784,2011,1,J,4139,16/02/2012
5785,2012,1,FL,4140,17/02/2012
5786,2011,1,J,4145,22/02/2012
5787,2011,1,FL,4146,23/02/2012
5789,2010,1,SA,4164,03/03/2011
5792,2010,0,SA,4165,04/03/2011
5815,2010,0,SA,4173,21/03/2011
5816,2010,1,SA,4174,22/03/2011
5821,2012,1,OFL,4200,01/07/2012
5827,2012,0,FL,4203,14/06/2012
5828,2011,1,SA,4204,12/06/2012
5830,2012,0,SA,4183,09/06/2012
5831,2012,1,OFL,4205,05/06/2012
5832,2012,0,OFL,4206,06/06/2012
5840,2012,0,CH,4333,01/09/2012
5841,2012,0,SA,4336,09/09/2012
5844,2012,0,SA,4339,12/09/2012
5846,2012,0,OFL,4341,17/09/2012
5848,2012,0,FL,4343,23/09/2012
5849,2012,0,SA,4343,23/09/2012
5851,2012,0,FL,4345,25/09/2012
5852,2012,0,FL,4346,26/09/2012
5856,1994,,SA,4407,09/01/1995
5857,1997,1,FL,4458,30/07/1997
5858,2011,0,FL,4459,09/08/2011
5861,2010,1,SA,4462,12/08/2011
5862,2011,1,FL,4463,16/08/2011
5864,2011,1,FL,4460,05/08/2011
5865,2010,0,SA,4464,22/07/2011
5866,2010,1,SA,4465,09/07/2011
5867,2011,1,J,4466,21/07/2011
5868,2011,1,OFL,4467,15/07/2011
5869,2011,0,FL,4459,09/08/2011
5873,2010,1,SA,4465,09/07/2011
5874,2010,0,SA,4468,11/07/2011
5875,2010,1,SA,4469,11/07/2011
5876,2010,1,SA,4467,15/07/2011
5878,2011,1,FL,4464,22/07/2011
5880,2011,1,FL,4472,18/08/2011
5881,2010,0,SA,4462,12/08/2011
5882,2011,0,FL,4462,12/08/2011
5884,2010,0,SA,4465,09/07/2011
5886,2010,1,SA,4461,10/08/2011
5902,2012,0,SA,4536,31/01/2013
5906,2012,1,SA,4540,02/02/2013
5911,2012,1,SA,4596,06/08/2013
5914,2012,0,SA,4598,08/08/2013
5915,2013,1,FL,4597,07/08/2013
5916,2012,1,SA,4596,06/08/2013
5917,2013,0,FL,4596,06/08/2013
5918,2012,1,SA,4598,08/08/2013
5922,2012,0,SA,4602,10/08/2013
5923,2013,1,FL,4602,10/08/2013
5927,2012,1,SA,4603,13/08/2013
5930,2012,1,SA,4605,14/08/2013
5933,2012,1,SA,4612,17/08/2013
5934,2012,1,SA,4612,17/08/2013
5935,2012,0,SA,4613,17/08/2013
5936,2012,1,SA,4610,19/08/2013
5937,2012,1,SA,4613,17/08/2013
5939,2012,0,SA,4634,22/08/2013
5940,2012,1,SA,4635,26/08/2013
5941,2012,1,SA,4636,26/08/2013
5942,2012,1,SA,4639,23/08/2013
5944,2012,0,SA,4639,23/08/2013
5947,2013,1,FL,4638,24/08/2013
5948,2013,0,FL,4642,30/08/2013
5949,2012,0,SA,4643,30/08/2013
5951,2012,0,SA,4646,27/08/2013
5952,2013,1,FL,4647,29/08/2013
5954,2012,0,SA,4645,28/08/2013
5955,2013,1,FL,4642,30/08/2013
5956,2012,0,SA,4648,29/08/2013
5957,2012,0,SA,4642,30/08/2013
5958,2012,1,SA,4649,28/08/2013
5959,2012,0,SA,4648,29/08/2013
5961,2012,0,SA,4652,03/09/2013
5962,2012,1,SA,4653,02/09/2013
5963,2012,1,SA,4654,02/09/2013
5965,2013,1,SA,4656,05/09/2013
5966,2012,1,SA,4657,09/09/2013
5967,2012,0,SA,4658,06/09/2013
5973,2012,1,SA,4667,23/09/2013
5974,2012,0,SA,4668,17/09/2013
6010,2012,1,SA,4706,30/06/2013
6013,2012,0,SA,4728,11/07/2013
6015,2012,0,SA,4742,18/07/2013
6020,2012,0,SA,4752,23/07/2013
6021,2012,0,SA,4753,24/07/2013
6023,2012,0,SA,4755,25/07/2013
6031,2012,1,SA,4777,11/08/2013
6032,2012,1,SA,4783,12/08/2013
6034,2012,0,SA,4785,10/08/2013
6035,2013,0,FL,4792,13/08/2013
6036,2013,0,SA,4818,24/08/2013
6037,2013,0,FL,4818,24/08/2013
6038,2013,1,FL,4833,30/08/2013
6041,2013,0,FL,4831,29/08/2013
6042,2013,1,FL,4845,05/09/2013
6043,2013,1,FL,4848,08/09/2013
6044,2013,0,OFL,4857,12/09/2013
6049,2013,1,FL,4866,19/09/2013
6050,2013,1,OFL,4870,24/09/2013
6052,2013,1,FL,4882,28/09/2013
6063,2013,0,FL,5275,07/02/2014
6064,2014,0,FL,5281,10/02/2014
6065,2013,0,OFL,5288,14/02/2014
6067,2013,0,SA,5296,18/02/2014
6069,2013,1,SA,5307,25/02/2014
6070,2013,0,CH,4884,10/09/2013
6075,2012,0,SA,7461,28/03/2013
6076,2012,1,SA,7463,29/03/2013
6077,2012,1,OFL,7463,29/03/2013
6078,2012,1,SA,7465,30/03/2013
6079,2012,1,SA,7468,01/04/2013
6080,2012,1,SA,7469,02/04/2013
6081,2012,0,SA,7470,02/04/2013
6082,2012,1,SA,7471,03/04/2013
6083,2012,1,SA,7476,06/04/2013
6084,2012,0,SA,7478,08/04/2013
6085,2012,0,SA,7484,11/04/2013
6086,2012,1,SA,7534,06/06/2013
6087,2012,0,SA,7533,05/06/2013
6088,2012,0,J,7543,06/01/2013
6097,2012,0,SA,7546,17/01/2013
6121,1997,,CH,5073,17/08/1997
6136,2014,1,OFL,9260,20/06/2014
6137,2014,1,OFL,9265,22/06/2014
6139,2014,0,OFL,9263,23/06/2014
6140,2014,1,OFL,9263,23/06/2014
6141,2014,0,OFL,9267,21/06/2014
6142,2014,1,OFL,9267,21/06/2014
6143,2014,0,OFL,9267,21/06/2014
6144,2014,1,OFL,9267,21/06/2014
6145,2014,0,OFL,9268,21/06/2014
6146,2014,1,OFL,9271,24/06/2014
6147,2014,0,OFL,9274,25/06/2014
6148,2014,0,OFL,9274,25/06/2014
6149,2014,1,OFL,9276,26/06/2014
6150,2014,0,OFL,9277,26/06/2014
6151,2014,1,OFL,9278,27/06/2014
6152,2014,1,OFL,9278,27/06/2014
6153,2014,1,OFL,9280,27/06/2014
6154,2014,0,OFL,9280,27/06/2014
6155,2014,1,OFL,9283,28/06/2014
6156,2014,1,OFL,9283,28/06/2014
6157,2013,1,SA,9285,30/06/2014
6158,2014,1,OFL,9285,30/06/2014
6159,2014,0,OFL,9285,30/06/2014
6160,2014,0,OFL,9287,01/07/2014
6161,2014,0,OFL,9290,02/07/2014
6162,2014,0,OFL,9291,03/07/2014
6163,2013,1,SA,9292,03/07/2014
6164,2014,1,OFL,9300,05/07/2014
6165,2014,0,OFL,9298,05/07/2014
6166,2014,1,OFL,9300,05/07/2014
6167,2014,1,OFL,9295,04/07/2014
6168,2014,0,OFL,9295,04/07/2014
6169,2014,0,OFL,9305,09/07/2014
6170,2014,1,OFL,9306,09/07/2014
6171,2014,1,OFL,9309,10/07/2014
6172,2014,1,OFL,9309,10/07/2014
6173,2014,0,OFL,9312,11/07/2014
6174,2014,0,OFL,9313,11/07/2014
6175,2014,1,OFL,9311,11/07/2014
6176,2013,1,OFL,9318,13/07/2014
6177,2014,0,OFL,9331,19/07/2014
6178,2014,1,OFL,9331,19/07/2014
6179,2013,1,SA,9328,18/07/2014
6180,2014,0,OFL,9332,18/07/2014
6182,2014,0,OFL,9332,18/07/2014
6183,2014,1,OFL,9341,23/07/2014
6184,2014,1,OFL,9340,23/07/2014
6185,2014,0,OFL,9340,23/07/2014
6186,2014,0,OFL,9340,23/07/2014
6187,2014,0,OFL,9343,24/07/2014
6188,2014,0,OFL,9360,31/07/2014
6189,2013,1,SA,9364,04/08/2014
6190,2014,0,OFL,9364,04/08/2014
6191,2014,0,CH,9373,05/08/2014
6192,2014,1,CH,9364,04/08/2014
6193,2014,1,FL,9385,08/08/2014
6194,2014,0,OFL,9388,09/08/2014
6195,2014,0,FL,9404,21/08/2014
6197,2014,0,FL,9404,21/08/2014
6198,2014,0,CH,9406,19/08/2014
6199,2014,0,CH,9407,19/08/2014
6200,2014,1,FL,9408,21/08/2014
6201,2014,0,OFL,9410,22/08/2014
6202,2014,1,CH,9410,22/08/2014
6203,2014,1,FL,9421,30/08/2014
6204,2014,0,FL,9422,30/08/2014
6205,2014,1,CH,9423,25/08/2014
6206,2014,0,CH,9428,01/09/2014
6207,2014,0,CH,9428,01/09/2014
6208,2014,0,FL,9437,09/09/2014
6209,2014,1,OFL,9438,08/09/2014
6210,2014,1,OFL,9439,08/09/2014
6211,2014,0,OFL,9438,08/09/2014
6213,2014,1,OFL,9442,17/09/2014
6214,2014,0,OFL,9441,17/09/2014
6215,2014,0,OFL,9445,19/09/2014
6216,2014,1,FL,9448,18/09/2014
6217,2014,0,OFL,9451,11/09/2014
6218,2014,1,OFL,9457,23/09/2014
6219,2014,1,OFL,9455,22/09/2014
6220,2014,1,OFL,9459,23/09/2014
6221,2014,1,FL,9460,13/09/2014
6222,2013,1,SA,9461,24/09/2014
6223,2014,1,OFL,9459,23/09/2014
6224,2014,1,OFL,9454,24/09/2014
6225,2014,1,CH,9421,30/08/2014
6227,2014,0,OFL,9467,29/09/2014
6228,2013,0,SA,9468,29/09/2014
6229,2014,0,SA,10893,22/02/2015
6230,2014,1,SA,10863,02/02/2015
6231,2014,1,SA,10865,04/02/2015
6233,2014,0,SA,10886,18/02/2015
6239,2014,0,SA,10877,10/02/2015
6240,2014,1,OFL,10863,02/02/2015
6245,2014,1,OFL,10860,28/01/2015
6249,2014,1,OFL,10864,05/02/2015
6261,2014,1,SA,10859,29/01/2015
6267,2014,1,SA,10861,30/01/2015
6268,2014,0,SA,10862,31/01/2015
6272,2014,0,SA,10862,31/01/2015
6273,2014,0,SA,10868,07/02/2015
6274,2014,0,SA,10907,26/02/2015
6276,2014,0,OFL,10907,26/02/2015
6279,2014,0,SA,10893,22/02/2015
6281,2014,1,SA,10862,31/01/2015
6282,2014,1,SA,10878,11/02/2015
6283,2014,0,OFL,10859,29/01/2015
6284,2014,0,SA,10862,31/01/2015
6294,2014,1,FL,10862,31/01/2015
6297,2014,0,OFL,10907,26/02/2015
6300,2014,0,OFL,10906,28/02/2015
6306,2014,1,FL,10860,28/01/2015
6307,2014,1,FL,10886,18/02/2015
6309,2014,1,OFL,10859,29/01/2015
6310,2014,0,OFL,10859,29/01/2015
6311,2014,0,OFL,10864,05/02/2015
6312,2014,1,SA,10865,04/02/2015
6313,2014,1,OFL,10876,09/02/2015
6314,2014,1,SA,10879,12/02/2015
6315,2014,0,SA,10900,27/02/2015
,,,,,
,,,,,
,,,,,
,,,,,
,,,,,
,,,,,
,,,,,
,,,,,
,,,,,
,,,,,
,,,,,
,,,,,
,,,,,
,,,,,
,,,,,
,,,,,
,,,,,
,,,,,
,,,,,
,,,,,
,,,,,
,,,,,
,,,,,
,,,,,
,,,,,
,,,,,
,,,,,
,,,,,
,,,,,
,,,,,
,,,,,
,,,,,
,,,,,
,,,,,
,,,,,
,,,,,
,,,,,
,,,,,
,,,,,
,,,,,
,,,,,
,,,,,
,,,,,
,,,,,
,,,,,
,,,,,
,,,,,
,,,,,
,,,,,
,,,,,
,,,,,
,,,,,
,,,,,
,,,,,
,,,,,
,,,,,
,,,,,
,,,,,
,,,,,
,,,,,
,,,,,
,,,,,
,,,,,
,,,,,
,,,,,
,,,,,
,,,,,
,,,,,
,,,,,
,,,,,
,,,,,
,,,,,
,,,,,
,,,,,
,,,,,
,,,,,
,,,,,
,,,,,
,,,,,
,,,,,
,,,,,
,,,,,
,,,,,
,,,,,
,,,,,
,,,,,
,,,,,
,,,,,
,,,,,
,,,,,
,,,,,
,,,,,
,,,,,
,,,,,
,,,,,
,,,,,
,,,,,
,,,,,
,,,,,
,,,,,
,,,,,
,,,,,
,,,,,
,,,,,
,,,,,
,,,,,
,,,,,
,,,,,
,,,,,
,,,,,
,,,,,
,,,,,
,,,,,
,,,,,
,,,,,
,,,,,
,,,,,
,,,,,
,,,,,
,,,,,
,,,,,
,,,,,
,,,,,
,,,,,
,,,,,
,,,,,
,,,,,
,,,,,
,,,,,
,,,,,
,,,,,
,,,,,
,,,,,
,,,,,
,,,,,
,,,,,
,,,,,
,,,,,
,,,,,
,,,,,
,,,,,
,,,,,
,,,,,
,,,,,
,,,,,
,,,,,
,,,,,
,,,,,
,,,,,
,,,,,
,,,,,
,,,,,
,,,,,
,,,,,
,,,,,
,,,,,
,,,,,
,,,,,
,,,,,
,,,,,
,,,,,
,,,,,
,,,,,
,,,,,
,,,,,
,,,,,
,,,,,
,,,,,
,,,,,
,,,,,
,,,,,
,,,,,
,,,,,
,,,,,
,,,,,
,,,,,
,,,,,
,,,,,
,,,,,
,,,,,
,,,,,
,,,,,
,,,,,
,,,,,
,,,,,
,,,,,
,,,,,
,,,,,
,,,,,
,,,,,
,,,,,
,,,,,
,,,,,
,,,,,
,,,,,
,,,,,
,,,,,
,,,,,
,,,,,
,,,,,
,,,,,
,,,,,
,,,,,
,,,,,
,,,,,
,,,,,
,,,,,
,,,,,
,,,,,
,,,,,
,,,,,
,,,,,
,,,,,
,,,,,
,,,,,
,,,,,
,,,,,
,,,,,
,,,,,
,,,,,
,,,,,
,,,,,
,,,,,
,,,,,
,,,,,
,,,,,
,,,,,
,,,,,
,,,,,
,,,,,
,,,,,
,,,,,
,,,,,
,,,,,
,,,,,
,,,,,
,,,,,
,,,,,
,,,,,
,,,,,
,,,,,
,,,,,
,,,,,
,,,,,
,,,,,
,,,,,
,,,,,
,,,,,
,,,,,
,,,,,
,,,,,
,,,,,
,,,,,
,,,,,
,,,,,
,,,,,
,,,,,
,,,,,
,,,,,
,,,,,
,,,,,
,,,,,
,,,,,
,,,,,
,,,,,
,,,,,
,,,,,
,,,,,
,,,,,
,,,,,
,,,,,
,,,,,
,,,,,
,,,,,
,,,,,
,,,,,
,,,,,
,,,,,
,,,,,
,,,,,
,,,,,
,,,,,
,,,,,
,,,,,
,,,,,
,,,,,
,,,,,
,,,,,
,,,,,
,,,,,
,,,,,
,,,,,
,,,,,
,,,,,
,,,,,
,,,,,
,,,,,
,,,,,
,,,,,
,,,,,
,,,,,
,,,,,
,,,,,
,,,,,
,,,,,
,,,,,
,,,,,
,,,,,
,,,,,
,,,,,
,,,,,
,,,,,
,,,,,
,,,,,
,,,,,
,,,,,
,,,,,
,,,,,
,,,,,
,,,,,
,,,,,
,,,,,
,,,,,
,,,,,
,,,,,
,,,,,
,,,,,
,,,,,
,,,,,
,,,,,
,,,,,
,,,,,
,,,,,
,,,,,
,,,,,
,,,,,
,,,,,
,,,,,
,,,,,
,,,,,
,,,,,
,,,,,
,,,,,
,,,,,
,,,,,
,,,,,
,,,,,
,,,,,
,,,,,
,,,,,
,,,,,
,,,,,
,,,,,
,,,,,
,,,,,
,,,,,
,,,,,
,,,,,
,,,,,
,,,,,
,,,,,
,,,,,
,,,,,
,,,,,
,,,,,
,,,,,
,,,,,
,,,,,
,,,,,
,,,,,
,,,,,
,,,,,
,,,,,
,,,,,
,,,,,
,,,,,
,,,,,
,,,,,
,,,,,
,,,,,
,,,,,
,,,,,
,,,,,
,,,,,
,,,,,
,,,,,
,,,,,
,,,,,
,,,,,
,,,,,
,,,,,
,,,,,
,,,,,
,,,,,
,,,,,
,,,,,
,,,,,
,,,,,
,,,,,
,,,,,
,,,,,
,,,,,
,,,,,
,,,,,
,,,,,
,,,,,
,,,,,
,,,,,
,,,,,
,,,,,
,,,,,
,,,,,
,,,,,
,,,,,
,,,,,
,,,,,
,,,,,
,,,,,
,,,,,
,,,,,
,,,,,
,,,,,
,,,,,
,,,,,
,,,,,
,,,,,
,,,,,
,,,,,
,,,,,
,,,,,
,,,,,
,,,,,
,,,,,
,,,,,
,,,,,
,,,,,
,,,,,
,,,,,
,,,,,
,,,,,
,,,,,
,,,,,
,,,,,
,,,,,
,,,,,
,,,,,
,,,,,
,,,,,
,,,,,
,,,,,
,,,,,
,,,,,
,,,,,
,,,,,
,,,,,
,,,,,
,,,,,
,,,,,
,,,,,
,,,,,
,,,,,
,,,,,
,,,,,
,,,,,
,,,,,
,,,,,
,,,,,
,,,,,
,,,,,
,,,,,
,,,,,
,,,,,
,,,,,
,,,,,
,,,,,
,,,,,
,,,,,
,,,,,
,,,,,
,,,,,
,,,,,
,,,,,
,,,,,
,,,,,
,,,,,
,,,,,
,,,,,
,,,,,
,,,,,
,,,,,
,,,,,
,,,,,
,,,,,
,,,,,
,,,,,
,,,,,
,,,,,
,,,,,
,,,,,
,,,,,
,,,,,
,,,,,
,,,,,
,,,,,
,,,,,
,,,,,
,,,,,
,,,,,
,,,,,
,,,,,
,,,,,
,,,,,
,,,,,
,,,,,
,,,,,
,,,,,
,,,,,
,,,,,
,,,,,
,,,,,
,,,,,
,,,,,
,,,,,
,,,,,
,,,,,
,,,,,
,,,,,
,,,,,
,,,,,
,,,,,
,,,,,
,,,,,
,,,,,
,,,,,
,,,,,
,,,,,
,,,,,
,,,,,
,,,,,
,,,,,
,,,,,
,,,,,
,,,,,
,,,,,
,,,,,
,,,,,
,,,,,
,,,,,
,,,,,
,,,,,
,,,,,
,,,,,
,,,,,
,,,,,
,,,,,
,,,,,
,,,,,
,,,,,
,,,,,
,,,,,
,,,,,
,,,,,
,,,,,
,,,,,
,,,,,
,,,,,
,,,,,
,,,,,
,,,,,
,,,,,
,,,,,
,,,,,
,,,,,
,,,,,
,,,,,
,,,,,
,,,,,
,,,,,
,,,,,
,,,,,
,,,,,
,,,,,
,,,,,
,,,,,
,,,,,
,,,,,
,,,,,
,,,,,
,,,,,
,,,,,
,,,,,
,,,,,
,,,,,
,,,,,
,,,,,
,,,,,
,,,,,
,,,,,
,,,,,
,,,,,
,,,,,
,,,,,
,,,,,
,,,,,
,,,,,
,,,,,
,,,,,
,,,,,
,,,,,
,,,,,
,,,,,
,,,,,
,,,,,
,,,,,
,,,,,
,,,,,
,,,,,
,,,,,
,,,,,
,,,,,
,,,,,
,,,,,
,,,,,
,,,,,
,,,,,
,,,,,
,,,,,
,,,,,
,,,,,
,,,,,
,,,,,
,,,,,
,,,,,
,,,,,
,,,,,
,,,,,
,,,,,
,,,,,
,,,,,
,,,,,
,,,,,
,,,,,
,,,,,
,,,,,
,,,,,
,,,,,
,,,,,
,,,,,
,,,,,
,,,,,
,,,,,
,,,,,
,,,,,
,,,,,
,,,,,
,,,,,
,,,,,
,,,,,
,,,,,
,,,,,
,,,,,
,,,,,
,,,,,
,,,,,
,,,,,
,,,,,
,,,,,
,,,,,
,,,,,
,,,,,
,,,,,
,,,,,
,,,,,
,,,,,
,,,,,
,,,,,
,,,,,
,,,,,
,,,,,
,,,,,
,,,,,
,,,,,
,,,,,
,,,,,
,,,,,
,,,,,
,,,,,
,,,,,
,,,,,
,,,,,
,,,,,
,,,,,
,,,,,
,,,,,
,,,,,
,,,,,
,,,,,
,,,,,
,,,,,
,,,,,
,,,,,
,,,,,
,,,,,
,,,,,
,,,,,
,,,,,
,,,,,
,,,,,
,,,,,
,,,,,
,,,,,
,,,,,
,,,,,
,,,,,
,,,,,
,,,,,
,,,,,
,,,,,
,,,,,
,,,,,
,,,,,
,,,,,
,,,,,
,,,,,
,,,,,
,,,,,
,,,,,
,,,,,
,,,,,
,,,,,
,,,,,
,,,,,
,,,,,
,,,,,
,,,,,
,,,,,
,,,,,
,,,,,
,,,,,
,,,,,
,,,,,
,,,,,
,,,,,
,,,,,
,,,,,
,,,,,
,,,,,
,,,,,
,,,,,
,,,,,
,,,,,
,,,,,
,,,,,
,,,,,
,,,,,
,,,,,
,,,,,
,,,,,
,,,,,
,,,,,
,,,,,
,,,,,
,,,,,
,,,,,
,,,,,
,,,,,
,,,,,
,,,,,
,,,,,
,,,,,
,,,,,
,,,,,
,,,,,
,,,,,
,,,,,
,,,,,
,,,,,
,,,,,
,,,,,
,,,,,
,,,,,
,,,,,
,,,,,
,,,,,
,,,,,
,,,,,
,,,,,
,,,,,
,,,,,
,,,,,
,,,,,
,,,,,
,,,,,
,,,,,
,,,,,
,,,,,
,,,,,
,,,,,
,,,,,
,,,,,
,,,,,
,,,,,
,,,,,
,,,,,
,,,,,
,,,,,
,,,,,
,,,,,
,,,,,
,,,,,
,,,,,
,,,,,
,,,,,
,,,,,
,,,,,
,,,,,
,,,,,
,,,,,
,,,,,
,,,,,
,,,,,
,,,,,
,,,,,
,,,,,
,,,,,
,,,,,
,,,,,
,,,,,
,,,,,
,,,,,
,,,,,
,,,,,
,,,,,
,,,,,
,,,,,
,,,,,
,,,,,
,,,,,
,,,,,
,,,,,
,,,,,
,,,,,
,,,,,
,,,,,
,,,,,
,,,,,
,,,,,
,,,,,
,,,,,
,,,,,
,,,,,
,,,,,
,,,,,
,,,,,
,,,,,
,,,,,
,,,,,
,,,,,
,,,,,
,,,,,
,,,,,
,,,,,
,,,,,
,,,,,
,,,,,
,,,,,
,,,,,
,,,,,
,,,,,
,,,,,
,,,,,
,,,,,
,,,,,
,,,,,
,,,,,
,,,,,
,,,,,
,,,,,
,,,,,
,,,,,
,,,,,
,,,,,
,,,,,
,,,,,
,,,,,
,,,,,
,,,,,
,,,,,
,,,,,
,,,,,
,,,,,
,,,,,
,,,,,
,,,,,
,,,,,
,,,,,
,,,,,
,,,,,
,,,,,
,,,,,
,,,,,
,,,,,
,,,,,
,,,,,
,,,,,
,,,,,
,,,,,
,,,,,
,,,,,
,,,,,
,,,,,
,,,,,
,,,,,
,,,,,
,,,,,
,,,,,
,,,,,
,,,,,
,,,,,
,,,,,
,,,,,
,,,,,
,,,,,
,,,,,
,,,,,
,,,,,
,,,,,
,,,,,
,,,,,
,,,,,
,,,,,
,,,,,
,,,,,
,,,,,
,,,,,
,,,,,
,,,,,
,,,,,
,,,,,
,,,,,
,,,,,
,,,,,
,,,,,
,,,,,
,,,,,
,,,,,
,,,,,
,,,,,
,,,,,
,,,,,
,,,,,
,,,,,
,,,,,
,,,,,
,,,,,
,,,,,
,,,,,
,,,,,
,,,,,
,,,,,
,,,,,
,,,,,
,,,,,
,,,,,
,,,,,
,,,,,
,,,,,
,,,,,
,,,,,
,,,,,
,,,,,
,,,,,
,,,,,
,,,,,
,,,,,
,,,,,
,,,,,
,,,,,
,,,,,
,,,,,
,,,,,
,,,,,
,,,,,
,,,,,
,,,,,
,,,,,
,,,,,
,,,,,
,,,,,
,,,,,
,,,,,
,,,,,
,,,,,
,,,,,
,,,,,
,,,,,
,,,,,
,,,,,
,,,,,
,,,,,
,,,,,
,,,,,
,,,,,
,,,,,
,,,,,
,,,,,
,,,,,
,,,,,
,,,,,
,,,,,
,,,,,
,,,,,
,,,,,
,,,,,
,,,,,
,,,,,
,,,,,
,,,,,
,,,,,
,,,,,
,,,,,
,,,,,
,,,,,
,,,,,
,,,,,
,,,,,
,,,,,
,,,,,
,,,,,
,,,,,
,,,,,
,,,,,
,,,,,
,,,,,
,,,,,
,,,,,
,,,,,
,,,,,
,,,,,
,,,,,
,,,,,
,,,,,
,,,,,
,,,,,
,,,,,
,,,,,
,,,,,
,,,,,
,,,,,
,,,,,
,,,,,
,,,,,
,,,,,
,,,,,
,,,,,
,,,,,
,,,,,
,,,,,
,,,,,
,,,,,
,,,,,
,,,,,
,,,,,
,,,,,
,,,,,
,,,,,
,,,,,
,,,,,
,,,,,
,,,,,
,,,,,
,,,,,
,,,,,
,,,,,
,,,,,
,,,,,
,,,,,
,,,,,
,,,,,
,,,,,
,,,,,
,,,,,
,,,,,
,,,,,
,,,,,
,,,,,
,,,,,
,,,,,
,,,,,
,,,,,
,,,,,
,,,,,
,,,,,
,,,,,
,,,,,
,,,,,
,,,,,
,,,,,
,,,,,
,,,,,
,,,,,
,,,,,
,,,,,
,,,,,
,,,,,
,,,,,
,,,,,
,,,,,
,,,,,
,,,,,
,,,,,
,,,,,
,,,,,
,,,,,
,,,,,
,,,,,
,,,,,
,,,,,
,,,,,
,,,,,
,,,,,
,,,,,
,,,,,
,,,,,
,,,,,
,,,,,
,,,,,
,,,,,
,,,,,
,,,,,
,,,,,
,,,,,
,,,,,
,,,,,
,,,,,
,,,,,
,,,,,
,,,,,
,,,,,
,,,,,
,,,,,
,,,,,
,,,,,
,,,,,
,,,,,
,,,,,
,,,,,
,,,,,
,,,,,
,,,,,
,,,,,
,,,,,
,,,,,
,,,,,
,,,,,
,,,,,
,,,,,
,,,,,
,,,,,
,,,,,
,,,,,
,,,,,
,,,,,
,,,,,
,,,,,
,,,,,
,,,,,
,,,,,
,,,,,
,,,,,
,,,,,
,,,,,
,,,,,
,,,,,
,,,,,
,,,,,
,,,,,
,,,,,
,,,,,
,,,,,
,,,,,
,,,,,
,,,,,
,,,,,
,,,,,
,,,,,
,,,,,
,,,,,
,,,,,
,,,,,
,,,,,
,,,,,
,,,,,
,,,,,
,,,,,
,,,,,
,,,,,
,,,,,
,,,,,
,,,,,
,,,,,
,,,,,
,,,,,
,,,,,
,,,,,
,,,,,
,,,,,
,,,,,
,,,,,
,,,,,
,,,,,
,,,,,
,,,,,
,,,,,
,,,,,
,,,,,
,,,,,
,,,,,
,,,,,
,,,,,
,,,,,
,,,,,
,,,,,
,,,,,
,,,,,
,,,,,
,,,,,
,,,,,
,,,,,
,,,,,
,,,,,
,,,,,
,,,,,
,,,,,
,,,,,
,,,,,
,,,,,
,,,,,
,,,,,
,,,,,
,,,,,
,,,,,
,,,,,
,,,,,
,,,,,
,,,,,
,,,,,
,,,,,
,,,,,
,,,,,
,,,,,
,,,,,
,,,,,
,,,,,
,,,,,
,,,,,
,,,,,
,,,,,
,,,,,
,,,,,
,,,,,
,,,,,
,,,,,
,,,,,
,,,,,
,,,,,
,,,,,
,,,,,
,,,,,
,,,,,
,,,,,
,,,,,
,,,,,
,,,,,
,,,,,
,,,,,
,,,,,
,,,,,
,,,,,
,,,,,
,,,,,
,,,,,
,,,,,
,,,,,
,,,,,
,,,,,
,,,,,
,,,,,
,,,,,
,,,,,
,,,,,
,,,,,
,,,,,
,,,,,
,,,,,
,,,,,
,,,,,
,,,,,
,,,,,
,,,,,
,,,,,
,,,,,
,,,,,
,,,,,
,,,,,
,,,,,
,,,,,
,,,,,
,,,,,
,,,,,
,,,,,
,,,,,
,,,,,
,,,,,
,,,,,
,,,,,
,,,,,
,,,,,
,,,,,
,,,,,
,,,,,
,,,,,
,,,,,
,,,,,
,,,,,
,,,,,
,,,,,
,,,,,
,,,,,
,,,,,
,,,,,
,,,,,
,,,,,
,,,,,
,,,,,
,,,,,
,,,,,
,,,,,
,,,,,
,,,,,
,,,,,
,,,,,
,,,,,
,,,,,
,,,,,
,,,,,
,,,,,
,,,,,
,,,,,
,,,,,
,,,,,
,,,,,
,,,,,
,,,,,
,,,,,
,,,,,
,,,,,
,,,,,
,,,,,
,,,,,
,,,,,
,,,,,
,,,,,
,,,,,
,,,,,
,,,,,
,,,,,
,,,,,
,,,,,
,,,,,
,,,,,
,,,,,
,,,,,
,,,,,
,,,,,
,,,,,
,,,,,
,,,,,
,,,,,
,,,,,
,,,,,
,,,,,
,,,,,
,,,,,
,,,,,
,,,,,
,,,,,
,,,,,
,,,,,
,,,,,
,,,,,
,,,,,
,,,,,
,,,,,
,,,,,
,,,,,
,,,,,
,,,,,
,,,,,
,,,,,
,,,,,
,,,,,
,,,,,
,,,,,
,,,,,
,,,,,
,,,,,
,,,,,
,,,,,
,,,,,
,,,,,
,,,,,
,,,,,
,,,,,
,,,,,
,,,,,
,,,,,
,,,,,
,,,,,
,,,,,
,,,,,
,,,,,
,,,,,
,,,,,
,,,,,
,,,,,
,,,,,
,,,,,
,,,,,
,,,,,
,,,,,
,,,,,
,,,,,
,,,,,
,,,,,
,,,,,
,,,,,
,,,,,
,,,,,
,,,,,
,,,,,
,,,,,
,,,,,
,,,,,
,,,,,
,,,,,
,,,,,
,,,,,
,,,,,
,,,,,
,,,,,
,,,,,
,,,,,
,,,,,
